relative_path,road,classID,class,Mean_MFCC,Std_MFCC,Leq_dBA,Adjusted_Leq_dBA,Speed_kmh
Around Arya School(1°16_32_ S 36°49_29_ E)\Around Arya School(1°16_32_ S 36°49_29_ E)--1-0.wav,AROUND ARYA SCHOOL(1°16_32_ S 36°49_29_ E),7,heavy truck,-34.769737,19.53379,64.54484803497452,64.67954621408177,37.71
Around Arya School(1°16_32_ S 36°49_29_ E)\Around Arya School(1°16_32_ S 36°49_29_ E)--1-1.wav,AROUND ARYA SCHOOL(1°16_32_ S 36°49_29_ E),1,motorcycle,-36.166203,23.072033,64.54484803497452,64.67954621408177,37.71
Around Arya School(1°16_32_ S 36°49_29_ E)\Around Arya School(1°16_32_ S 36°49_29_ E)--1-2.wav,AROUND ARYA SCHOOL(1°16_32_ S 36°49_29_ E),1,motorcycle,-38.5053,22.511051,64.54484803497452,64.67954621408177,37.71
Around Arya School(1°16_32_ S 36°49_29_ E)\Around Arya School(1°16_32_ S 36°49_29_ E)--1-3.wav,AROUND ARYA SCHOOL(1°16_32_ S 36°49_29_ E),9,PSV,-33.746513,18.767944,64.54484803497452,64.67954621408177,37.71
Around Arya School(1°16_32_ S 36°49_29_ E)\Around Arya School(1°16_32_ S 36°49_29_ E)--1-4.wav,AROUND ARYA SCHOOL(1°16_32_ S 36°49_29_ E),9,PSV,-33.407093,19.739256,64.54484803497452,64.67954621408177,37.71
Around Arya School(1°16_32_ S 36°49_29_ E)\Around Arya School(1°16_32_ S 36°49_29_ E)--1-5.wav,AROUND ARYA SCHOOL(1°16_32_ S 36°49_29_ E),10,other,-32.41687,18.381893,64.54484803497452,64.67954621408177,37.71
Around Arya School(1°16_32_ S 36°49_29_ E)\Around Arya School(1°16_32_ S 36°49_29_ E)--1-6.wav,AROUND ARYA SCHOOL(1°16_32_ S 36°49_29_ E),10,other,-34.849407,20.291727,64.54484803497452,64.67954621408177,37.71
Around Arya School(1°16_32_ S 36°49_29_ E)\Around Arya School(1°16_32_ S 36°49_29_ E)--1-7.wav,AROUND ARYA SCHOOL(1°16_32_ S 36°49_29_ E),7,heavy truck,-32.132523,20.503584,64.54484803497452,64.67954621408177,37.71
Around Arya School(1°16_32_ S 36°49_29_ E)\Around Arya School(1°16_32_ S 36°49_29_ E)--1-8.wav,AROUND ARYA SCHOOL(1°16_32_ S 36°49_29_ E),7,heavy truck,-33.907722,20.00882,64.54484803497452,64.67954621408177,37.71
Around Arya School(1°16_32_ S 36°49_29_ E)\Around Arya School(1°16_32_ S 36°49_29_ E)--1-9.wav,AROUND ARYA SCHOOL(1°16_32_ S 36°49_29_ E),3,SUV,-34.9478,17.076727,64.54484803497452,64.67954621408177,37.71
Around Arya School(1°16_32_ S 36°49_29_ E)\Around Arya School(1°16_32_ S 36°49_29_ E)--1-10.wav,AROUND ARYA SCHOOL(1°16_32_ S 36°49_29_ E),3,SUV,-38.19751,18.164574,64.54484803497452,64.67954621408177,37.71
Around Arya School(1°16_32_ S 36°49_29_ E)\Around Arya School(1°16_32_ S 36°49_29_ E)--1-11.wav,AROUND ARYA SCHOOL(1°16_32_ S 36°49_29_ E),3,SUV,-36.664925,17.471521,64.54484803497452,64.67954621408177,37.71
Around Arya School(1°16_32_ S 36°49_29_ E)\Around Arya School(1°16_32_ S 36°49_29_ E)--1-12.wav,AROUND ARYA SCHOOL(1°16_32_ S 36°49_29_ E),3,SUV,-34.847145,17.531923,64.54484803497452,64.67954621408177,37.71
Around Arya School(1°16_32_ S 36°49_29_ E)\Around Arya School(1°16_32_ S 36°49_29_ E)--1-13.wav,AROUND ARYA SCHOOL(1°16_32_ S 36°49_29_ E),10,other,-34.96954,17.358759,64.54484803497452,64.67954621408177,37.71
Around Arya School(1°16_32_ S 36°49_29_ E)\Around Arya School(1°16_32_ S 36°49_29_ E)--1-14.wav,AROUND ARYA SCHOOL(1°16_32_ S 36°49_29_ E),3,SUV,-35.89901,19.737099,64.54484803497452,64.67954621408177,37.71
Around Arya School(1°16_32_ S 36°49_29_ E)\Around Arya School(1°16_32_ S 36°49_29_ E)--1-15.wav,AROUND ARYA SCHOOL(1°16_32_ S 36°49_29_ E),9,PSV,-34.435448,18.515766,64.54484803497452,64.67954621408177,37.71
Around Arya School(1°16_32_ S 36°49_29_ E)\Around Arya School(1°16_32_ S 36°49_29_ E)--1-16.wav,AROUND ARYA SCHOOL(1°16_32_ S 36°49_29_ E),3,SUV,-33.84897,18.634792,64.54484803497452,64.67954621408177,37.71
Around Arya School(1°16_32_ S 36°49_29_ E)\Around Arya School(1°16_32_ S 36°49_29_ E)--1-17.wav,AROUND ARYA SCHOOL(1°16_32_ S 36°49_29_ E),10,other,-35.040504,18.035788,64.54484803497452,64.67954621408177,37.71
Around Arya School(1°16_32_ S 36°49_29_ E)\Around Arya School(1°16_32_ S 36°49_29_ E)--1-18.wav,AROUND ARYA SCHOOL(1°16_32_ S 36°49_29_ E),8,bus,-38.312668,19.810762,64.54484803497452,64.67954621408177,37.71
Around Arya School(1°16_32_ S 36°49_29_ E)\Around Arya School(1°16_32_ S 36°49_29_ E)--1-19.wav,AROUND ARYA SCHOOL(1°16_32_ S 36°49_29_ E),8,bus,-35.057884,19.250582,64.54484803497452,64.67954621408177,37.71
Around Arya School(1°16_32_ S 36°49_29_ E)\Around Arya School(1°16_32_ S 36°49_29_ E)--1-20.wav,AROUND ARYA SCHOOL(1°16_32_ S 36°49_29_ E),1,motorcycle,-36.8526,17.83117,64.54484803497452,64.67954621408177,37.71
Around Arya School(1°16_32_ S 36°49_29_ E)\Around Arya School(1°16_32_ S 36°49_29_ E)--1-21.wav,AROUND ARYA SCHOOL(1°16_32_ S 36°49_29_ E),10,other,-36.171776,19.417736,64.54484803497452,64.67954621408177,37.71
Around Arya School(1°16_32_ S 36°49_29_ E)\Around Arya School(1°16_32_ S 36°49_29_ E)--1-22.wav,AROUND ARYA SCHOOL(1°16_32_ S 36°49_29_ E),7,heavy truck,-36.203472,19.395304,64.54484803497452,64.67954621408177,37.71
Around Arya School(1°16_32_ S 36°49_29_ E)\Around Arya School(1°16_32_ S 36°49_29_ E)--1-23.wav,AROUND ARYA SCHOOL(1°16_32_ S 36°49_29_ E),9,PSV,-35.933826,19.52248,64.54484803497452,64.67954621408177,37.71
Around Arya School(1°16_32_ S 36°49_29_ E)\Around Arya School(1°16_32_ S 36°49_29_ E)--1-24.wav,AROUND ARYA SCHOOL(1°16_32_ S 36°49_29_ E),9,PSV,-38.156067,17.951511,64.54484803497452,64.67954621408177,37.71
Around Arya School(1°16_32_ S 36°49_29_ E)\Around Arya School(1°16_32_ S 36°49_29_ E)--1-25.wav,AROUND ARYA SCHOOL(1°16_32_ S 36°49_29_ E),3,SUV,-37.89456,18.163424,64.54484803497452,64.67954621408177,37.71
Around Arya School(1°16_32_ S 36°49_29_ E)\Around Arya School(1°16_32_ S 36°49_29_ E)--1-26.wav,AROUND ARYA SCHOOL(1°16_32_ S 36°49_29_ E),1,motorcycle,-36.26304,17.938362,64.54484803497452,64.67954621408177,37.71
Around Arya School(1°16_32_ S 36°49_29_ E)\Around Arya School(1°16_32_ S 36°49_29_ E)--1-27.wav,AROUND ARYA SCHOOL(1°16_32_ S 36°49_29_ E),3,SUV,-37.067852,19.727484,64.54484803497452,64.67954621408177,37.71
Around Arya School(1°16_32_ S 36°49_29_ E)\Around Arya School(1°16_32_ S 36°49_29_ E)--1-28.wav,AROUND ARYA SCHOOL(1°16_32_ S 36°49_29_ E),1,motorcycle,-34.06989,19.706963,64.54484803497452,64.67954621408177,37.71
Around Arya School(1°16_32_ S 36°49_29_ E)\Around Arya School(1°16_32_ S 36°49_29_ E)--1-29.wav,AROUND ARYA SCHOOL(1°16_32_ S 36°49_29_ E),9,PSV,-31.531256,18.353035,64.54484803497452,64.67954621408177,37.71
Around Arya School(1°16_32_ S 36°49_29_ E)\Around Arya School(1°16_32_ S 36°49_29_ E)--1-30.wav,AROUND ARYA SCHOOL(1°16_32_ S 36°49_29_ E),9,PSV,-33.34823,17.399887,64.54484803497452,64.67954621408177,37.71
Around Arya School(1°16_32_ S 36°49_29_ E)\Around Arya School(1°16_32_ S 36°49_29_ E)--1-31.wav,AROUND ARYA SCHOOL(1°16_32_ S 36°49_29_ E),10,other,-36.27433,19.688349,64.54484803497452,64.67954621408177,37.71
Around Arya School(1°16_32_ S 36°49_29_ E)\Around Arya School(1°16_32_ S 36°49_29_ E)--1-32.wav,AROUND ARYA SCHOOL(1°16_32_ S 36°49_29_ E),3,SUV,-33.839485,20.288462,64.54484803497452,64.67954621408177,37.71
Around Arya School(1°16_32_ S 36°49_29_ E)\Around Arya School(1°16_32_ S 36°49_29_ E)--1-33.wav,AROUND ARYA SCHOOL(1°16_32_ S 36°49_29_ E),7,heavy truck,-40.59752,19.774199,64.54484803497452,64.67954621408177,37.71
Around Arya School(1°16_32_ S 36°49_29_ E)\Around Arya School(1°16_32_ S 36°49_29_ E)--1-34.wav,AROUND ARYA SCHOOL(1°16_32_ S 36°49_29_ E),9,PSV,-37.52552,18.798914,64.54484803497452,64.67954621408177,37.71
Around Arya School(1°16_32_ S 36°49_29_ E)\Around Arya School(1°16_32_ S 36°49_29_ E)--1-35.wav,AROUND ARYA SCHOOL(1°16_32_ S 36°49_29_ E),9,PSV,-32.092766,18.199036,64.54484803497452,64.67954621408177,37.71
Around Arya School(1°16_32_ S 36°49_29_ E)\Around Arya School(1°16_32_ S 36°49_29_ E)--1-36.wav,AROUND ARYA SCHOOL(1°16_32_ S 36°49_29_ E),10,other,-33.838936,15.04291,64.54484803497452,64.67954621408177,37.71
Around Arya School(1°16_32_ S 36°49_29_ E)\Around Arya School(1°16_32_ S 36°49_29_ E)--1-37.wav,AROUND ARYA SCHOOL(1°16_32_ S 36°49_29_ E),9,PSV,-35.104664,16.922585,64.54484803497452,64.67954621408177,37.71
Around Arya School(1°16_32_ S 36°49_29_ E)\Around Arya School(1°16_32_ S 36°49_29_ E)--1-38.wav,AROUND ARYA SCHOOL(1°16_32_ S 36°49_29_ E),9,PSV,-32.28318,18.256569,64.54484803497452,64.67954621408177,37.71
Around Arya School(1°16_32_ S 36°49_29_ E)\Around Arya School(1°16_32_ S 36°49_29_ E)--1-39.wav,AROUND ARYA SCHOOL(1°16_32_ S 36°49_29_ E),9,PSV,-37.115944,18.285727,64.54484803497452,64.67954621408177,37.71
Around Arya School(1°16_32_ S 36°49_29_ E)\Around Arya School(1°16_32_ S 36°49_29_ E)--1-40.wav,AROUND ARYA SCHOOL(1°16_32_ S 36°49_29_ E),10,other,-35.817345,17.338694,64.54484803497452,64.67954621408177,37.71
Around Arya School(1°16_32_ S 36°49_29_ E)\Around Arya School(1°16_32_ S 36°49_29_ E)--1-41.wav,AROUND ARYA SCHOOL(1°16_32_ S 36°49_29_ E),1,motorcycle,-38.187977,17.480265,64.54484803497452,64.67954621408177,37.71
Around Arya School(1°16_32_ S 36°49_29_ E)\Around Arya School(1°16_32_ S 36°49_29_ E)--1-42.wav,AROUND ARYA SCHOOL(1°16_32_ S 36°49_29_ E),3,SUV,-34.174587,18.485584,64.54484803497452,64.67954621408177,37.71
Around Arya School(1°16_32_ S 36°49_29_ E)\Around Arya School(1°16_32_ S 36°49_29_ E)--1-43.wav,AROUND ARYA SCHOOL(1°16_32_ S 36°49_29_ E),3,SUV,-30.511938,18.320656,64.54484803497452,64.67954621408177,37.71
Around Arya School(1°16_32_ S 36°49_29_ E)\Around Arya School(1°16_32_ S 36°49_29_ E)--1-44.wav,AROUND ARYA SCHOOL(1°16_32_ S 36°49_29_ E),3,SUV,-32.63751,20.640032,64.54484803497452,64.67954621408177,37.71
Around Arya School(1°16_32_ S 36°49_29_ E)\Around Arya School(1°16_32_ S 36°49_29_ E)--1-45.wav,AROUND ARYA SCHOOL(1°16_32_ S 36°49_29_ E),1,motorcycle,-37.274593,19.3661,64.54484803497452,64.67954621408177,37.71
Around Arya School(1°16_32_ S 36°49_29_ E)\Around Arya School(1°16_32_ S 36°49_29_ E)--1-46.wav,AROUND ARYA SCHOOL(1°16_32_ S 36°49_29_ E),1,motorcycle,-37.55848,19.630365,64.54484803497452,64.67954621408177,37.71
Around Arya School(1°16_32_ S 36°49_29_ E)\Around Arya School(1°16_32_ S 36°49_29_ E)--1-47.wav,AROUND ARYA SCHOOL(1°16_32_ S 36°49_29_ E),9,PSV,-38.014668,21.018028,64.54484803497452,64.67954621408177,37.71
Around Arya School(1°16_32_ S 36°49_29_ E)\Around Arya School(1°16_32_ S 36°49_29_ E)--1-48.wav,AROUND ARYA SCHOOL(1°16_32_ S 36°49_29_ E),9,PSV,-42.869884,21.960861,64.54484803497452,64.67954621408177,37.71
Around Arya School(1°16_32_ S 36°49_29_ E)\Around Arya School(1°16_32_ S 36°49_29_ E)--1-49.wav,AROUND ARYA SCHOOL(1°16_32_ S 36°49_29_ E),1,motorcycle,-39.09766,19.02335,64.54484803497452,64.67954621408177,37.71
Around Arya School(1°16_32_ S 36°49_29_ E)\Around Arya School(1°16_32_ S 36°49_29_ E)--1-50.wav,AROUND ARYA SCHOOL(1°16_32_ S 36°49_29_ E),9,PSV,-39.3014,21.148426,64.54484803497452,64.67954621408177,37.71
Around Baba Dogo Rd(1°14_51_S 36°52_26_E)\Around Baba Dogo Rd(1°14_51_S 36°52_26_E)--1-0.wav,AROUND BABA DOGO RD(1°14_51_S 36°52_26_E),9,PSV,-36.36266,18.829193,67.94923871190234,68.13370578009635,51.35
Around Baba Dogo Rd(1°14_51_S 36°52_26_E)\Around Baba Dogo Rd(1°14_51_S 36°52_26_E)--1-1.wav,AROUND BABA DOGO RD(1°14_51_S 36°52_26_E),3,SUV,-31.718567,19.406008,67.94923871190234,68.13370578009635,51.35
Around Baba Dogo Rd(1°14_51_S 36°52_26_E)\Around Baba Dogo Rd(1°14_51_S 36°52_26_E)--1-2.wav,AROUND BABA DOGO RD(1°14_51_S 36°52_26_E),3,SUV,-31.715216,19.28375,67.94923871190234,68.13370578009635,51.35
Around Baba Dogo Rd(1°14_51_S 36°52_26_E)\Around Baba Dogo Rd(1°14_51_S 36°52_26_E)--1-3.wav,AROUND BABA DOGO RD(1°14_51_S 36°52_26_E),3,SUV,-33.12333,18.53506,67.94923871190234,68.13370578009635,51.35
Around Baba Dogo Rd(1°14_51_S 36°52_26_E)\Around Baba Dogo Rd(1°14_51_S 36°52_26_E)--1-4.wav,AROUND BABA DOGO RD(1°14_51_S 36°52_26_E),3,SUV,-34.221428,19.370007,67.94923871190234,68.13370578009635,51.35
Around Baba Dogo Rd(1°14_51_S 36°52_26_E)\Around Baba Dogo Rd(1°14_51_S 36°52_26_E)--1-5.wav,AROUND BABA DOGO RD(1°14_51_S 36°52_26_E),9,PSV,-36.32623,18.759422,67.94923871190234,68.13370578009635,51.35
Around Baba Dogo Rd(1°14_51_S 36°52_26_E)\Around Baba Dogo Rd(1°14_51_S 36°52_26_E)--1-6.wav,AROUND BABA DOGO RD(1°14_51_S 36°52_26_E),3,SUV,-32.62755,18.029552,67.94923871190234,68.13370578009635,51.35
Around Baba Dogo Rd(1°14_51_S 36°52_26_E)\Around Baba Dogo Rd(1°14_51_S 36°52_26_E)--1-7.wav,AROUND BABA DOGO RD(1°14_51_S 36°52_26_E),9,PSV,-35.175644,20.739338,67.94923871190234,68.13370578009635,51.35
Around Baba Dogo Rd(1°14_51_S 36°52_26_E)\Around Baba Dogo Rd(1°14_51_S 36°52_26_E)--1-8.wav,AROUND BABA DOGO RD(1°14_51_S 36°52_26_E),3,SUV,-34.62355,17.421638,67.94923871190234,68.13370578009635,51.35
Around Baba Dogo Rd(1°14_51_S 36°52_26_E)\Around Baba Dogo Rd(1°14_51_S 36°52_26_E)--1-9.wav,AROUND BABA DOGO RD(1°14_51_S 36°52_26_E),1,motorcycle,-33.483864,20.003788,67.94923871190234,68.13370578009635,51.35
Around Baba Dogo Rd(1°14_51_S 36°52_26_E)\Around Baba Dogo Rd(1°14_51_S 36°52_26_E)--1-10.wav,AROUND BABA DOGO RD(1°14_51_S 36°52_26_E),1,motorcycle,-32.962044,20.324944,67.94923871190234,68.13370578009635,51.35
Around Baba Dogo Rd(1°14_51_S 36°52_26_E)\Around Baba Dogo Rd(1°14_51_S 36°52_26_E)--1-11.wav,AROUND BABA DOGO RD(1°14_51_S 36°52_26_E),9,PSV,-32.89355,20.06905,67.94923871190234,68.13370578009635,51.35
Around Baba Dogo Rd(1°14_51_S 36°52_26_E)\Around Baba Dogo Rd(1°14_51_S 36°52_26_E)--1-12.wav,AROUND BABA DOGO RD(1°14_51_S 36°52_26_E),9,PSV,-30.488476,18.557442,67.94923871190234,68.13370578009635,51.35
Around Baba Dogo Rd(1°14_51_S 36°52_26_E)\Around Baba Dogo Rd(1°14_51_S 36°52_26_E)--1-13.wav,AROUND BABA DOGO RD(1°14_51_S 36°52_26_E),9,PSV,-26.982166,19.357012,67.94923871190234,68.13370578009635,51.35
Around Baba Dogo Rd(1°14_51_S 36°52_26_E)\Around Baba Dogo Rd(1°14_51_S 36°52_26_E)--1-14.wav,AROUND BABA DOGO RD(1°14_51_S 36°52_26_E),1,motorcycle,-29.800014,18.433434,67.94923871190234,68.13370578009635,51.35
Around Baba Dogo Rd(1°14_51_S 36°52_26_E)\Around Baba Dogo Rd(1°14_51_S 36°52_26_E)--1-15.wav,AROUND BABA DOGO RD(1°14_51_S 36°52_26_E),3,SUV,-33.595978,18.188005,67.94923871190234,68.13370578009635,51.35
Around Baba Dogo Rd(1°14_51_S 36°52_26_E)\Around Baba Dogo Rd(1°14_51_S 36°52_26_E)--1-16.wav,AROUND BABA DOGO RD(1°14_51_S 36°52_26_E),3,SUV,-33.719746,18.22034,67.94923871190234,68.13370578009635,51.35
Around Baba Dogo Rd(1°14_51_S 36°52_26_E)\Around Baba Dogo Rd(1°14_51_S 36°52_26_E)--1-17.wav,AROUND BABA DOGO RD(1°14_51_S 36°52_26_E),9,PSV,-33.145943,19.330116,67.94923871190234,68.13370578009635,51.35
Around Baba Dogo Rd(1°14_51_S 36°52_26_E)\Around Baba Dogo Rd(1°14_51_S 36°52_26_E)--1-18.wav,AROUND BABA DOGO RD(1°14_51_S 36°52_26_E),1,motorcycle,-33.60273,19.169128,67.94923871190234,68.13370578009635,51.35
Around Baba Dogo Rd(1°14_51_S 36°52_26_E)\Around Baba Dogo Rd(1°14_51_S 36°52_26_E)--1-19.wav,AROUND BABA DOGO RD(1°14_51_S 36°52_26_E),9,PSV,-30.083582,23.268976,67.94923871190234,68.13370578009635,51.35
Around Baba Dogo Rd(1°14_51_S 36°52_26_E)\Around Baba Dogo Rd(1°14_51_S 36°52_26_E)--1-20.wav,AROUND BABA DOGO RD(1°14_51_S 36°52_26_E),9,PSV,-28.171204,20.766222,67.94923871190234,68.13370578009635,51.35
Around Baba Dogo Rd(1°14_51_S 36°52_26_E)\Around Baba Dogo Rd(1°14_51_S 36°52_26_E)--1-21.wav,AROUND BABA DOGO RD(1°14_51_S 36°52_26_E),1,motorcycle,-33.43925,19.930344,67.94923871190234,68.13370578009635,51.35
Around Baba Dogo Rd(1°14_51_S 36°52_26_E)\Around Baba Dogo Rd(1°14_51_S 36°52_26_E)--1-22.wav,AROUND BABA DOGO RD(1°14_51_S 36°52_26_E),9,PSV,-32.66274,19.526466,67.94923871190234,68.13370578009635,51.35
Around Baba Dogo Rd(1°14_51_S 36°52_26_E)\Around Baba Dogo Rd(1°14_51_S 36°52_26_E)--1-23.wav,AROUND BABA DOGO RD(1°14_51_S 36°52_26_E),1,motorcycle,-33.14566,19.035048,67.94923871190234,68.13370578009635,51.35
Around Baba Dogo Rd(1°14_51_S 36°52_26_E)\Around Baba Dogo Rd(1°14_51_S 36°52_26_E)--1-24.wav,AROUND BABA DOGO RD(1°14_51_S 36°52_26_E),3,SUV,-32.41377,18.609983,67.94923871190234,68.13370578009635,51.35
Around Baba Dogo Rd(1°14_51_S 36°52_26_E)\Around Baba Dogo Rd(1°14_51_S 36°52_26_E)--1-25.wav,AROUND BABA DOGO RD(1°14_51_S 36°52_26_E),3,SUV,-32.59379,19.20929,67.94923871190234,68.13370578009635,51.35
Around Baba Dogo Rd(1°14_51_S 36°52_26_E)\Around Baba Dogo Rd(1°14_51_S 36°52_26_E)--1-26.wav,AROUND BABA DOGO RD(1°14_51_S 36°52_26_E),10,other,-32.289932,17.730429,67.94923871190234,68.13370578009635,51.35
Around Baba Dogo Rd(1°14_51_S 36°52_26_E)\Around Baba Dogo Rd(1°14_51_S 36°52_26_E)--1-27.wav,AROUND BABA DOGO RD(1°14_51_S 36°52_26_E),10,other,-27.83263,18.132086,67.94923871190234,68.13370578009635,51.35
Around Baba Dogo Rd(1°14_51_S 36°52_26_E)\Around Baba Dogo Rd(1°14_51_S 36°52_26_E)--1-28.wav,AROUND BABA DOGO RD(1°14_51_S 36°52_26_E),9,PSV,-22.449978,17.64647,67.94923871190234,68.13370578009635,51.35
Around Baba Dogo Rd(1°14_51_S 36°52_26_E)\Around Baba Dogo Rd(1°14_51_S 36°52_26_E)--1-29.wav,AROUND BABA DOGO RD(1°14_51_S 36°52_26_E),1,motorcycle,-32.15794,20.061083,67.94923871190234,68.13370578009635,51.35
Around Baba Dogo Rd(1°14_51_S 36°52_26_E)\Around Baba Dogo Rd(1°14_51_S 36°52_26_E)--1-30.wav,AROUND BABA DOGO RD(1°14_51_S 36°52_26_E),3,SUV,-31.552612,18.08829,67.94923871190234,68.13370578009635,51.35
Around Baba Dogo Rd(1°14_51_S 36°52_26_E)\Around Baba Dogo Rd(1°14_51_S 36°52_26_E)--1-31.wav,AROUND BABA DOGO RD(1°14_51_S 36°52_26_E),10,other,-31.549572,17.99327,67.94923871190234,68.13370578009635,51.35
Around Baba Dogo Rd(1°14_51_S 36°52_26_E)\Around Baba Dogo Rd(1°14_51_S 36°52_26_E)--1-32.wav,AROUND BABA DOGO RD(1°14_51_S 36°52_26_E),10,other,-29.920923,20.050335,67.94923871190234,68.13370578009635,51.35
Around Baba Dogo Rd(1°14_51_S 36°52_26_E)\Around Baba Dogo Rd(1°14_51_S 36°52_26_E)--1-33.wav,AROUND BABA DOGO RD(1°14_51_S 36°52_26_E),3,SUV,-31.72948,20.917318,67.94923871190234,68.13370578009635,51.35
Around Baba Dogo Rd(1°14_51_S 36°52_26_E)\Around Baba Dogo Rd(1°14_51_S 36°52_26_E)--1-34.wav,AROUND BABA DOGO RD(1°14_51_S 36°52_26_E),9,PSV,-31.78034,19.482613,67.94923871190234,68.13370578009635,51.35
Around Baba Dogo Rd(1°14_51_S 36°52_26_E)\Around Baba Dogo Rd(1°14_51_S 36°52_26_E)--1-35.wav,AROUND BABA DOGO RD(1°14_51_S 36°52_26_E),3,SUV,-30.670029,19.486824,67.94923871190234,68.13370578009635,51.35
Around Baba Dogo Rd(1°14_51_S 36°52_26_E)\Around Baba Dogo Rd(1°14_51_S 36°52_26_E)--1-36.wav,AROUND BABA DOGO RD(1°14_51_S 36°52_26_E),1,motorcycle,-32.43451,17.404327,67.94923871190234,68.13370578009635,51.35
Around Baba Dogo Rd(1°14_51_S 36°52_26_E)\Around Baba Dogo Rd(1°14_51_S 36°52_26_E)--1-37.wav,AROUND BABA DOGO RD(1°14_51_S 36°52_26_E),9,PSV,-32.647194,19.560055,67.94923871190234,68.13370578009635,51.35
Around Baba Dogo Rd(1°14_51_S 36°52_26_E)\Around Baba Dogo Rd(1°14_51_S 36°52_26_E)--1-38.wav,AROUND BABA DOGO RD(1°14_51_S 36°52_26_E),3,SUV,-28.239283,18.579988,67.94923871190234,68.13370578009635,51.35
Around Baba Dogo Rd(1°14_51_S 36°52_26_E)\Around Baba Dogo Rd(1°14_51_S 36°52_26_E)--1-39.wav,AROUND BABA DOGO RD(1°14_51_S 36°52_26_E),3,SUV,-30.644033,17.877295,67.94923871190234,68.13370578009635,51.35
Around Baba Dogo Rd(1°14_51_S 36°52_26_E)\Around Baba Dogo Rd(1°14_51_S 36°52_26_E)--1-40.wav,AROUND BABA DOGO RD(1°14_51_S 36°52_26_E),1,motorcycle,-31.194813,18.884327,67.94923871190234,68.13370578009635,51.35
Around Baba Dogo Rd(1°14_51_S 36°52_26_E)\Around Baba Dogo Rd(1°14_51_S 36°52_26_E)--1-41.wav,AROUND BABA DOGO RD(1°14_51_S 36°52_26_E),9,PSV,-32.343918,18.403189,67.94923871190234,68.13370578009635,51.35
Around Baba Dogo Rd(1°14_51_S 36°52_26_E)\Around Baba Dogo Rd(1°14_51_S 36°52_26_E)--1-42.wav,AROUND BABA DOGO RD(1°14_51_S 36°52_26_E),9,PSV,-29.728796,20.110682,67.94923871190234,68.13370578009635,51.35
Around Baba Dogo Rd(1°14_51_S 36°52_26_E)\Around Baba Dogo Rd(1°14_51_S 36°52_26_E)--1-43.wav,AROUND BABA DOGO RD(1°14_51_S 36°52_26_E),9,PSV,-30.75468,21.55036,67.94923871190234,68.13370578009635,51.35
Around Baba Dogo Rd(1°14_51_S 36°52_26_E)\Around Baba Dogo Rd(1°14_51_S 36°52_26_E)--1-44.wav,AROUND BABA DOGO RD(1°14_51_S 36°52_26_E),9,PSV,-33.190773,20.560785,67.94923871190234,68.13370578009635,51.35
Around Baba Dogo Rd(1°14_51_S 36°52_26_E)\Around Baba Dogo Rd(1°14_51_S 36°52_26_E)--1-45.wav,AROUND BABA DOGO RD(1°14_51_S 36°52_26_E),10,other,-30.976429,19.129316,67.94923871190234,68.13370578009635,51.35
Around Baba Dogo Rd(1°14_51_S 36°52_26_E)\Around Baba Dogo Rd(1°14_51_S 36°52_26_E)--1-46.wav,AROUND BABA DOGO RD(1°14_51_S 36°52_26_E),9,PSV,-35.517155,18.612467,67.94923871190234,68.13370578009635,51.35
Around Baba Dogo Rd(1°14_51_S 36°52_26_E)\Around Baba Dogo Rd(1°14_51_S 36°52_26_E)--1-47.wav,AROUND BABA DOGO RD(1°14_51_S 36°52_26_E),3,SUV,-34.442696,19.039196,67.94923871190234,68.13370578009635,51.35
Around Baba Dogo Rd(1°14_51_S 36°52_26_E)\Around Baba Dogo Rd(1°14_51_S 36°52_26_E)--1-48.wav,AROUND BABA DOGO RD(1°14_51_S 36°52_26_E),3,SUV,-32.958385,19.941153,67.94923871190234,68.13370578009635,51.35
Around Baba Dogo Rd(1°14_51_S 36°52_26_E)\Around Baba Dogo Rd(1°14_51_S 36°52_26_E)--1-49.wav,AROUND BABA DOGO RD(1°14_51_S 36°52_26_E),3,SUV,-28.580715,19.850336,67.94923871190234,68.13370578009635,51.35
Around Baba Dogo Rd(1°14_51_S 36°52_26_E)\Around Baba Dogo Rd(1°14_51_S 36°52_26_E)--1-50.wav,AROUND BABA DOGO RD(1°14_51_S 36°52_26_E),1,motorcycle,-31.581451,19.424845,67.94923871190234,68.13370578009635,51.35
Around Baba Dogo Rd(1°14_51_S 36°52_26_E)\Around Baba Dogo Rd(1°14_51_S 36°52_26_E)--1-102.wav,AROUND BABA DOGO RD(1°14_51_S 36°52_26_E),1,motorcycle,-28.304585,19.628813,67.94923871190234,68.13370578009635,51.35
Around Junction Mall(1°17_57_S 36°45_49_E)\Around Junction Mall(1°17_57_S 36°45_49_E)--1-0.wav,AROUND JUNCTION MALL(1°17_57_S 36°45_49_E),1,motorcycle,-35.902287,18.570847,66.55179652528102,66.7059475692875,43.06
Around Junction Mall(1°17_57_S 36°45_49_E)\Around Junction Mall(1°17_57_S 36°45_49_E)--1-1.wav,AROUND JUNCTION MALL(1°17_57_S 36°45_49_E),9,PSV,-37.018494,22.366339,66.55179652528102,66.7059475692875,43.06
Around Junction Mall(1°17_57_S 36°45_49_E)\Around Junction Mall(1°17_57_S 36°45_49_E)--1-2.wav,AROUND JUNCTION MALL(1°17_57_S 36°45_49_E),3,SUV,-35.47293,18.978397,66.55179652528102,66.7059475692875,43.06
Around Junction Mall(1°17_57_S 36°45_49_E)\Around Junction Mall(1°17_57_S 36°45_49_E)--1-3.wav,AROUND JUNCTION MALL(1°17_57_S 36°45_49_E),3,SUV,-33.333763,17.63594,66.55179652528102,66.7059475692875,43.06
Around Junction Mall(1°17_57_S 36°45_49_E)\Around Junction Mall(1°17_57_S 36°45_49_E)--1-4.wav,AROUND JUNCTION MALL(1°17_57_S 36°45_49_E),1,motorcycle,-34.741222,17.249386,66.55179652528102,66.7059475692875,43.06
Around Junction Mall(1°17_57_S 36°45_49_E)\Around Junction Mall(1°17_57_S 36°45_49_E)--1-5.wav,AROUND JUNCTION MALL(1°17_57_S 36°45_49_E),9,PSV,-34.86155,20.60165,66.55179652528102,66.7059475692875,43.06
Around Junction Mall(1°17_57_S 36°45_49_E)\Around Junction Mall(1°17_57_S 36°45_49_E)--1-6.wav,AROUND JUNCTION MALL(1°17_57_S 36°45_49_E),3,SUV,-30.69209,17.373877,66.55179652528102,66.7059475692875,43.06
Around Junction Mall(1°17_57_S 36°45_49_E)\Around Junction Mall(1°17_57_S 36°45_49_E)--1-7.wav,AROUND JUNCTION MALL(1°17_57_S 36°45_49_E),10,other,-26.601313,19.737421,66.55179652528102,66.7059475692875,43.06
Around Junction Mall(1°17_57_S 36°45_49_E)\Around Junction Mall(1°17_57_S 36°45_49_E)--1-8.wav,AROUND JUNCTION MALL(1°17_57_S 36°45_49_E),10,other,-34.06632,18.025848,66.55179652528102,66.7059475692875,43.06
Around Junction Mall(1°17_57_S 36°45_49_E)\Around Junction Mall(1°17_57_S 36°45_49_E)--1-9.wav,AROUND JUNCTION MALL(1°17_57_S 36°45_49_E),9,PSV,-34.608345,17.25639,66.55179652528102,66.7059475692875,43.06
Around Junction Mall(1°17_57_S 36°45_49_E)\Around Junction Mall(1°17_57_S 36°45_49_E)--1-10.wav,AROUND JUNCTION MALL(1°17_57_S 36°45_49_E),9,PSV,-31.192272,17.961582,66.55179652528102,66.7059475692875,43.06
Around Junction Mall(1°17_57_S 36°45_49_E)\Around Junction Mall(1°17_57_S 36°45_49_E)--1-11.wav,AROUND JUNCTION MALL(1°17_57_S 36°45_49_E),9,PSV,-34.152225,18.113068,66.55179652528102,66.7059475692875,43.06
Around Junction Mall(1°17_57_S 36°45_49_E)\Around Junction Mall(1°17_57_S 36°45_49_E)--1-12.wav,AROUND JUNCTION MALL(1°17_57_S 36°45_49_E),3,SUV,-36.02077,21.16699,66.55179652528102,66.7059475692875,43.06
Around Junction Mall(1°17_57_S 36°45_49_E)\Around Junction Mall(1°17_57_S 36°45_49_E)--1-13.wav,AROUND JUNCTION MALL(1°17_57_S 36°45_49_E),3,SUV,-33.51612,19.31775,66.55179652528102,66.7059475692875,43.06
Around Junction Mall(1°17_57_S 36°45_49_E)\Around Junction Mall(1°17_57_S 36°45_49_E)--1-14.wav,AROUND JUNCTION MALL(1°17_57_S 36°45_49_E),9,PSV,-35.20696,19.330118,66.55179652528102,66.7059475692875,43.06
Around Junction Mall(1°17_57_S 36°45_49_E)\Around Junction Mall(1°17_57_S 36°45_49_E)--1-15.wav,AROUND JUNCTION MALL(1°17_57_S 36°45_49_E),9,PSV,-32.71973,19.647673,66.55179652528102,66.7059475692875,43.06
Around Junction Mall(1°17_57_S 36°45_49_E)\Around Junction Mall(1°17_57_S 36°45_49_E)--1-16.wav,AROUND JUNCTION MALL(1°17_57_S 36°45_49_E),9,PSV,-34.761467,20.16618,66.55179652528102,66.7059475692875,43.06
Around Junction Mall(1°17_57_S 36°45_49_E)\Around Junction Mall(1°17_57_S 36°45_49_E)--1-17.wav,AROUND JUNCTION MALL(1°17_57_S 36°45_49_E),9,PSV,-29.727215,18.345345,66.55179652528102,66.7059475692875,43.06
Around Junction Mall(1°17_57_S 36°45_49_E)\Around Junction Mall(1°17_57_S 36°45_49_E)--1-18.wav,AROUND JUNCTION MALL(1°17_57_S 36°45_49_E),3,SUV,-36.952614,20.475393,66.55179652528102,66.7059475692875,43.06
Around Junction Mall(1°17_57_S 36°45_49_E)\Around Junction Mall(1°17_57_S 36°45_49_E)--1-19.wav,AROUND JUNCTION MALL(1°17_57_S 36°45_49_E),3,SUV,-30.858307,21.99098,66.55179652528102,66.7059475692875,43.06
Around Junction Mall(1°17_57_S 36°45_49_E)\Around Junction Mall(1°17_57_S 36°45_49_E)--1-20.wav,AROUND JUNCTION MALL(1°17_57_S 36°45_49_E),3,SUV,-33.84444,18.730913,66.55179652528102,66.7059475692875,43.06
Around Junction Mall(1°17_57_S 36°45_49_E)\Around Junction Mall(1°17_57_S 36°45_49_E)--1-21.wav,AROUND JUNCTION MALL(1°17_57_S 36°45_49_E),3,SUV,-35.790905,20.331837,66.55179652528102,66.7059475692875,43.06
Around Junction Mall(1°17_57_S 36°45_49_E)\Around Junction Mall(1°17_57_S 36°45_49_E)--1-22.wav,AROUND JUNCTION MALL(1°17_57_S 36°45_49_E),3,SUV,-33.60323,19.156929,66.55179652528102,66.7059475692875,43.06
Around Junction Mall(1°17_57_S 36°45_49_E)\Around Junction Mall(1°17_57_S 36°45_49_E)--1-23.wav,AROUND JUNCTION MALL(1°17_57_S 36°45_49_E),1,motorcycle,-32.016335,19.926283,66.55179652528102,66.7059475692875,43.06
Around Junction Mall(1°17_57_S 36°45_49_E)\Around Junction Mall(1°17_57_S 36°45_49_E)--1-24.wav,AROUND JUNCTION MALL(1°17_57_S 36°45_49_E),9,PSV,-34.918243,19.569601,66.55179652528102,66.7059475692875,43.06
Around Junction Mall(1°17_57_S 36°45_49_E)\Around Junction Mall(1°17_57_S 36°45_49_E)--1-25.wav,AROUND JUNCTION MALL(1°17_57_S 36°45_49_E),1,motorcycle,-32.313698,19.993353,66.55179652528102,66.7059475692875,43.06
Around Junction Mall(1°17_57_S 36°45_49_E)\Around Junction Mall(1°17_57_S 36°45_49_E)--1-26.wav,AROUND JUNCTION MALL(1°17_57_S 36°45_49_E),9,PSV,-31.428204,19.923098,66.55179652528102,66.7059475692875,43.06
Around Junction Mall(1°17_57_S 36°45_49_E)\Around Junction Mall(1°17_57_S 36°45_49_E)--1-27.wav,AROUND JUNCTION MALL(1°17_57_S 36°45_49_E),9,PSV,-31.508305,19.492514,66.55179652528102,66.7059475692875,43.06
Around Junction Mall(1°17_57_S 36°45_49_E)\Around Junction Mall(1°17_57_S 36°45_49_E)--1-28.wav,AROUND JUNCTION MALL(1°17_57_S 36°45_49_E),10,other,-31.284382,19.52945,66.55179652528102,66.7059475692875,43.06
Around Junction Mall(1°17_57_S 36°45_49_E)\Around Junction Mall(1°17_57_S 36°45_49_E)--1-29.wav,AROUND JUNCTION MALL(1°17_57_S 36°45_49_E),3,SUV,-29.908197,17.874294,66.55179652528102,66.7059475692875,43.06
Around Junction Mall(1°17_57_S 36°45_49_E)\Around Junction Mall(1°17_57_S 36°45_49_E)--1-30.wav,AROUND JUNCTION MALL(1°17_57_S 36°45_49_E),3,SUV,-27.791178,17.18383,66.55179652528102,66.7059475692875,43.06
Around Junction Mall(1°17_57_S 36°45_49_E)\Around Junction Mall(1°17_57_S 36°45_49_E)--1-31.wav,AROUND JUNCTION MALL(1°17_57_S 36°45_49_E),9,PSV,-29.733501,18.530466,66.55179652528102,66.7059475692875,43.06
Around Junction Mall(1°17_57_S 36°45_49_E)\Around Junction Mall(1°17_57_S 36°45_49_E)--1-32.wav,AROUND JUNCTION MALL(1°17_57_S 36°45_49_E),3,SUV,-30.770939,19.402765,66.55179652528102,66.7059475692875,43.06
Around Junction Mall(1°17_57_S 36°45_49_E)\Around Junction Mall(1°17_57_S 36°45_49_E)--1-33.wav,AROUND JUNCTION MALL(1°17_57_S 36°45_49_E),3,SUV,-35.98764,18.419983,66.55179652528102,66.7059475692875,43.06
Around Junction Mall(1°17_57_S 36°45_49_E)\Around Junction Mall(1°17_57_S 36°45_49_E)--1-34.wav,AROUND JUNCTION MALL(1°17_57_S 36°45_49_E),10,other,-34.416676,18.484146,66.55179652528102,66.7059475692875,43.06
Around Junction Mall(1°17_57_S 36°45_49_E)\Around Junction Mall(1°17_57_S 36°45_49_E)--1-35.wav,AROUND JUNCTION MALL(1°17_57_S 36°45_49_E),3,SUV,-33.79215,21.601545,66.55179652528102,66.7059475692875,43.06
Around Junction Mall(1°17_57_S 36°45_49_E)\Around Junction Mall(1°17_57_S 36°45_49_E)--1-36.wav,AROUND JUNCTION MALL(1°17_57_S 36°45_49_E),1,motorcycle,-34.051678,18.134838,66.55179652528102,66.7059475692875,43.06
Around Junction Mall(1°17_57_S 36°45_49_E)\Around Junction Mall(1°17_57_S 36°45_49_E)--1-37.wav,AROUND JUNCTION MALL(1°17_57_S 36°45_49_E),3,SUV,-35.346745,19.394032,66.55179652528102,66.7059475692875,43.06
Around Junction Mall(1°17_57_S 36°45_49_E)\Around Junction Mall(1°17_57_S 36°45_49_E)--1-38.wav,AROUND JUNCTION MALL(1°17_57_S 36°45_49_E),8,bus,-35.27427,19.069794,66.55179652528102,66.7059475692875,43.06
Around Junction Mall(1°17_57_S 36°45_49_E)\Around Junction Mall(1°17_57_S 36°45_49_E)--1-39.wav,AROUND JUNCTION MALL(1°17_57_S 36°45_49_E),3,SUV,-31.009617,18.872717,66.55179652528102,66.7059475692875,43.06
Around Junction Mall(1°17_57_S 36°45_49_E)\Around Junction Mall(1°17_57_S 36°45_49_E)--1-40.wav,AROUND JUNCTION MALL(1°17_57_S 36°45_49_E),9,PSV,-29.863413,19.754736,66.55179652528102,66.7059475692875,43.06
Around Junction Mall(1°17_57_S 36°45_49_E)\Around Junction Mall(1°17_57_S 36°45_49_E)--1-41.wav,AROUND JUNCTION MALL(1°17_57_S 36°45_49_E),1,motorcycle,-30.100979,18.744373,66.55179652528102,66.7059475692875,43.06
Around Junction Mall(1°17_57_S 36°45_49_E)\Around Junction Mall(1°17_57_S 36°45_49_E)--1-42.wav,AROUND JUNCTION MALL(1°17_57_S 36°45_49_E),9,PSV,-28.759165,19.33189,66.55179652528102,66.7059475692875,43.06
Around Junction Mall(1°17_57_S 36°45_49_E)\Around Junction Mall(1°17_57_S 36°45_49_E)--1-43.wav,AROUND JUNCTION MALL(1°17_57_S 36°45_49_E),3,SUV,-32.20465,20.809042,66.55179652528102,66.7059475692875,43.06
Around Junction Mall(1°17_57_S 36°45_49_E)\Around Junction Mall(1°17_57_S 36°45_49_E)--1-44.wav,AROUND JUNCTION MALL(1°17_57_S 36°45_49_E),3,SUV,-32.23446,19.19097,66.55179652528102,66.7059475692875,43.06
Around Junction Mall(1°17_57_S 36°45_49_E)\Around Junction Mall(1°17_57_S 36°45_49_E)--1-45.wav,AROUND JUNCTION MALL(1°17_57_S 36°45_49_E),3,SUV,-29.467815,19.148561,66.55179652528102,66.7059475692875,43.06
Around Junction Mall(1°17_57_S 36°45_49_E)\Around Junction Mall(1°17_57_S 36°45_49_E)--1-46.wav,AROUND JUNCTION MALL(1°17_57_S 36°45_49_E),10,other,-30.7788,18.003456,66.55179652528102,66.7059475692875,43.06
Around Junction Mall(1°17_57_S 36°45_49_E)\Around Junction Mall(1°17_57_S 36°45_49_E)--1-47.wav,AROUND JUNCTION MALL(1°17_57_S 36°45_49_E),10,other,-32.080925,17.85347,66.55179652528102,66.7059475692875,43.06
Around Junction Mall(1°17_57_S 36°45_49_E)\Around Junction Mall(1°17_57_S 36°45_49_E)--1-48.wav,AROUND JUNCTION MALL(1°17_57_S 36°45_49_E),10,other,-30.703354,18.419428,66.55179652528102,66.7059475692875,43.06
Around Junction Mall(1°17_57_S 36°45_49_E)\Around Junction Mall(1°17_57_S 36°45_49_E)--1-49.wav,AROUND JUNCTION MALL(1°17_57_S 36°45_49_E),1,motorcycle,-28.255322,18.269577,66.55179652528102,66.7059475692875,43.06
Around Junction Mall(1°17_57_S 36°45_49_E)\Around Junction Mall(1°17_57_S 36°45_49_E)--1-153.wav,AROUND JUNCTION MALL(1°17_57_S 36°45_49_E),10,other,-28.416666,18.395546,66.55179652528102,66.7059475692875,43.06
Around Langata Hospital (1°19_40_S 36°47_21_E)\Around Langata Hospital (1°19_40_S 36°47_21_E)--1-0.wav,AROUND LANGATA HOSPITAL (1°19_40_S 36°47_21_E),3,SUV,-34.016865,16.469948,68.4948339710523,68.71537714453237,61.14
Around Langata Hospital (1°19_40_S 36°47_21_E)\Around Langata Hospital (1°19_40_S 36°47_21_E)--1-1.wav,AROUND LANGATA HOSPITAL (1°19_40_S 36°47_21_E),3,SUV,-34.758087,19.375357,68.4948339710523,68.71537714453237,61.14
Around Langata Hospital (1°19_40_S 36°47_21_E)\Around Langata Hospital (1°19_40_S 36°47_21_E)--1-2.wav,AROUND LANGATA HOSPITAL (1°19_40_S 36°47_21_E),9,PSV,-33.3127,20.070908,68.4948339710523,68.71537714453237,61.14
Around Langata Hospital (1°19_40_S 36°47_21_E)\Around Langata Hospital (1°19_40_S 36°47_21_E)--1-3.wav,AROUND LANGATA HOSPITAL (1°19_40_S 36°47_21_E),3,SUV,-36.137398,18.318455,68.4948339710523,68.71537714453237,61.14
Around Langata Hospital (1°19_40_S 36°47_21_E)\Around Langata Hospital (1°19_40_S 36°47_21_E)--1-4.wav,AROUND LANGATA HOSPITAL (1°19_40_S 36°47_21_E),3,SUV,-36.76707,19.5099,68.4948339710523,68.71537714453237,61.14
Around Langata Hospital (1°19_40_S 36°47_21_E)\Around Langata Hospital (1°19_40_S 36°47_21_E)--1-5.wav,AROUND LANGATA HOSPITAL (1°19_40_S 36°47_21_E),3,SUV,-35.75835,19.094679,68.4948339710523,68.71537714453237,61.14
Around Langata Hospital (1°19_40_S 36°47_21_E)\Around Langata Hospital (1°19_40_S 36°47_21_E)--1-6.wav,AROUND LANGATA HOSPITAL (1°19_40_S 36°47_21_E),3,SUV,-34.368107,19.584446,68.4948339710523,68.71537714453237,61.14
Around Langata Hospital (1°19_40_S 36°47_21_E)\Around Langata Hospital (1°19_40_S 36°47_21_E)--1-7.wav,AROUND LANGATA HOSPITAL (1°19_40_S 36°47_21_E),1,motorcycle,-37.368385,19.373089,68.4948339710523,68.71537714453237,61.14
Around Langata Hospital (1°19_40_S 36°47_21_E)\Around Langata Hospital (1°19_40_S 36°47_21_E)--1-8.wav,AROUND LANGATA HOSPITAL (1°19_40_S 36°47_21_E),3,SUV,-37.373344,19.63404,68.4948339710523,68.71537714453237,61.14
Around Langata Hospital (1°19_40_S 36°47_21_E)\Around Langata Hospital (1°19_40_S 36°47_21_E)--1-9.wav,AROUND LANGATA HOSPITAL (1°19_40_S 36°47_21_E),3,SUV,-35.717457,19.269756,68.4948339710523,68.71537714453237,61.14
Around Langata Hospital (1°19_40_S 36°47_21_E)\Around Langata Hospital (1°19_40_S 36°47_21_E)--1-10.wav,AROUND LANGATA HOSPITAL (1°19_40_S 36°47_21_E),3,SUV,-37.728493,19.388351,68.4948339710523,68.71537714453237,61.14
Around Langata Hospital (1°19_40_S 36°47_21_E)\Around Langata Hospital (1°19_40_S 36°47_21_E)--1-11.wav,AROUND LANGATA HOSPITAL (1°19_40_S 36°47_21_E),9,PSV,-37.09857,18.59303,68.4948339710523,68.71537714453237,61.14
Around Langata Hospital (1°19_40_S 36°47_21_E)\Around Langata Hospital (1°19_40_S 36°47_21_E)--1-12.wav,AROUND LANGATA HOSPITAL (1°19_40_S 36°47_21_E),1,motorcycle,-36.542126,21.674082,68.4948339710523,68.71537714453237,61.14
Around Langata Hospital (1°19_40_S 36°47_21_E)\Around Langata Hospital (1°19_40_S 36°47_21_E)--1-13.wav,AROUND LANGATA HOSPITAL (1°19_40_S 36°47_21_E),3,SUV,-39.51612,19.62268,68.4948339710523,68.71537714453237,61.14
Around Langata Hospital (1°19_40_S 36°47_21_E)\Around Langata Hospital (1°19_40_S 36°47_21_E)--1-14.wav,AROUND LANGATA HOSPITAL (1°19_40_S 36°47_21_E),3,SUV,-36.0979,19.534832,68.4948339710523,68.71537714453237,61.14
Around Langata Hospital (1°19_40_S 36°47_21_E)\Around Langata Hospital (1°19_40_S 36°47_21_E)--1-15.wav,AROUND LANGATA HOSPITAL (1°19_40_S 36°47_21_E),3,SUV,-34.3516,19.27753,68.4948339710523,68.71537714453237,61.14
Around Langata Hospital (1°19_40_S 36°47_21_E)\Around Langata Hospital (1°19_40_S 36°47_21_E)--1-16.wav,AROUND LANGATA HOSPITAL (1°19_40_S 36°47_21_E),3,SUV,-32.521305,18.75805,68.4948339710523,68.71537714453237,61.14
Around Langata Hospital (1°19_40_S 36°47_21_E)\Around Langata Hospital (1°19_40_S 36°47_21_E)--1-17.wav,AROUND LANGATA HOSPITAL (1°19_40_S 36°47_21_E),3,SUV,-31.74886,18.647886,68.4948339710523,68.71537714453237,61.14
Around Langata Hospital (1°19_40_S 36°47_21_E)\Around Langata Hospital (1°19_40_S 36°47_21_E)--1-18.wav,AROUND LANGATA HOSPITAL (1°19_40_S 36°47_21_E),3,SUV,-34.985546,18.810364,68.4948339710523,68.71537714453237,61.14
Around Langata Hospital (1°19_40_S 36°47_21_E)\Around Langata Hospital (1°19_40_S 36°47_21_E)--1-19.wav,AROUND LANGATA HOSPITAL (1°19_40_S 36°47_21_E),9,PSV,-32.853294,18.655222,68.4948339710523,68.71537714453237,61.14
Around Langata Hospital (1°19_40_S 36°47_21_E)\Around Langata Hospital (1°19_40_S 36°47_21_E)--1-20.wav,AROUND LANGATA HOSPITAL (1°19_40_S 36°47_21_E),1,motorcycle,-28.116528,19.614788,68.4948339710523,68.71537714453237,61.14
Around Langata Hospital (1°19_40_S 36°47_21_E)\Around Langata Hospital (1°19_40_S 36°47_21_E)--1-21.wav,AROUND LANGATA HOSPITAL (1°19_40_S 36°47_21_E),3,SUV,-37.033867,19.857666,68.4948339710523,68.71537714453237,61.14
Around Langata Hospital (1°19_40_S 36°47_21_E)\Around Langata Hospital (1°19_40_S 36°47_21_E)--1-22.wav,AROUND LANGATA HOSPITAL (1°19_40_S 36°47_21_E),9,PSV,-35.208256,18.129288,68.4948339710523,68.71537714453237,61.14
Around Langata Hospital (1°19_40_S 36°47_21_E)\Around Langata Hospital (1°19_40_S 36°47_21_E)--1-23.wav,AROUND LANGATA HOSPITAL (1°19_40_S 36°47_21_E),10,other,-31.481243,19.236816,68.4948339710523,68.71537714453237,61.14
Around Langata Hospital (1°19_40_S 36°47_21_E)\Around Langata Hospital (1°19_40_S 36°47_21_E)--1-24.wav,AROUND LANGATA HOSPITAL (1°19_40_S 36°47_21_E),9,PSV,-31.101292,18.464664,68.4948339710523,68.71537714453237,61.14
Around Langata Hospital (1°19_40_S 36°47_21_E)\Around Langata Hospital (1°19_40_S 36°47_21_E)--1-25.wav,AROUND LANGATA HOSPITAL (1°19_40_S 36°47_21_E),9,PSV,-34.048443,18.881012,68.4948339710523,68.71537714453237,61.14
Around Langata Hospital (1°19_40_S 36°47_21_E)\Around Langata Hospital (1°19_40_S 36°47_21_E)--1-26.wav,AROUND LANGATA HOSPITAL (1°19_40_S 36°47_21_E),3,SUV,-32.3365,18.61166,68.4948339710523,68.71537714453237,61.14
Around Langata Hospital (1°19_40_S 36°47_21_E)\Around Langata Hospital (1°19_40_S 36°47_21_E)--1-27.wav,AROUND LANGATA HOSPITAL (1°19_40_S 36°47_21_E),3,SUV,-33.941437,17.593548,68.4948339710523,68.71537714453237,61.14
Around Langata Hospital (1°19_40_S 36°47_21_E)\Around Langata Hospital (1°19_40_S 36°47_21_E)--1-28.wav,AROUND LANGATA HOSPITAL (1°19_40_S 36°47_21_E),9,PSV,-34.071922,19.047676,68.4948339710523,68.71537714453237,61.14
Around Langata Hospital (1°19_40_S 36°47_21_E)\Around Langata Hospital (1°19_40_S 36°47_21_E)--1-29.wav,AROUND LANGATA HOSPITAL (1°19_40_S 36°47_21_E),3,SUV,-35.756664,19.04798,68.4948339710523,68.71537714453237,61.14
Around Langata Hospital (1°19_40_S 36°47_21_E)\Around Langata Hospital (1°19_40_S 36°47_21_E)--1-30.wav,AROUND LANGATA HOSPITAL (1°19_40_S 36°47_21_E),3,SUV,-36.03985,20.660492,68.4948339710523,68.71537714453237,61.14
Around Langata Hospital (1°19_40_S 36°47_21_E)\Around Langata Hospital (1°19_40_S 36°47_21_E)--1-31.wav,AROUND LANGATA HOSPITAL (1°19_40_S 36°47_21_E),3,SUV,-34.251923,19.38619,68.4948339710523,68.71537714453237,61.14
Around Langata Hospital (1°19_40_S 36°47_21_E)\Around Langata Hospital (1°19_40_S 36°47_21_E)--1-32.wav,AROUND LANGATA HOSPITAL (1°19_40_S 36°47_21_E),3,SUV,-34.981316,17.497034,68.4948339710523,68.71537714453237,61.14
Around Langata Hospital (1°19_40_S 36°47_21_E)\Around Langata Hospital (1°19_40_S 36°47_21_E)--1-33.wav,AROUND LANGATA HOSPITAL (1°19_40_S 36°47_21_E),3,SUV,-33.93711,18.714998,68.4948339710523,68.71537714453237,61.14
Around Langata Hospital (1°19_40_S 36°47_21_E)\Around Langata Hospital (1°19_40_S 36°47_21_E)--1-34.wav,AROUND LANGATA HOSPITAL (1°19_40_S 36°47_21_E),9,PSV,-38.436302,17.9989,68.4948339710523,68.71537714453237,61.14
Around Langata Hospital (1°19_40_S 36°47_21_E)\Around Langata Hospital (1°19_40_S 36°47_21_E)--1-35.wav,AROUND LANGATA HOSPITAL (1°19_40_S 36°47_21_E),9,PSV,-37.177784,18.770111,68.4948339710523,68.71537714453237,61.14
Around Langata Hospital (1°19_40_S 36°47_21_E)\Around Langata Hospital (1°19_40_S 36°47_21_E)--1-36.wav,AROUND LANGATA HOSPITAL (1°19_40_S 36°47_21_E),3,SUV,-34.031208,20.595627,68.4948339710523,68.71537714453237,61.14
Around Langata Hospital (1°19_40_S 36°47_21_E)\Around Langata Hospital (1°19_40_S 36°47_21_E)--1-37.wav,AROUND LANGATA HOSPITAL (1°19_40_S 36°47_21_E),9,PSV,-33.459324,22.597641,68.4948339710523,68.71537714453237,61.14
Around Langata Hospital (1°19_40_S 36°47_21_E)\Around Langata Hospital (1°19_40_S 36°47_21_E)--1-38.wav,AROUND LANGATA HOSPITAL (1°19_40_S 36°47_21_E),3,SUV,-36.924526,21.422523,68.4948339710523,68.71537714453237,61.14
Around Langata Hospital (1°19_40_S 36°47_21_E)\Around Langata Hospital (1°19_40_S 36°47_21_E)--1-39.wav,AROUND LANGATA HOSPITAL (1°19_40_S 36°47_21_E),1,motorcycle,-36.671852,19.090176,68.4948339710523,68.71537714453237,61.14
Around Langata Hospital (1°19_40_S 36°47_21_E)\Around Langata Hospital (1°19_40_S 36°47_21_E)--1-40.wav,AROUND LANGATA HOSPITAL (1°19_40_S 36°47_21_E),1,motorcycle,-35.203777,19.094704,68.4948339710523,68.71537714453237,61.14
Around Langata Hospital (1°19_40_S 36°47_21_E)\Around Langata Hospital (1°19_40_S 36°47_21_E)--1-41.wav,AROUND LANGATA HOSPITAL (1°19_40_S 36°47_21_E),9,PSV,-31.280767,18.499115,68.4948339710523,68.71537714453237,61.14
Around Langata Hospital (1°19_40_S 36°47_21_E)\Around Langata Hospital (1°19_40_S 36°47_21_E)--1-42.wav,AROUND LANGATA HOSPITAL (1°19_40_S 36°47_21_E),3,SUV,-27.082012,18.035448,68.4948339710523,68.71537714453237,61.14
Around Langata Hospital (1°19_40_S 36°47_21_E)\Around Langata Hospital (1°19_40_S 36°47_21_E)--1-43.wav,AROUND LANGATA HOSPITAL (1°19_40_S 36°47_21_E),1,motorcycle,-24.54005,17.2865,68.4948339710523,68.71537714453237,61.14
Around Langata Hospital (1°19_40_S 36°47_21_E)\Around Langata Hospital (1°19_40_S 36°47_21_E)--1-44.wav,AROUND LANGATA HOSPITAL (1°19_40_S 36°47_21_E),3,SUV,-33.09064,18.89099,68.4948339710523,68.71537714453237,61.14
Around Langata Hospital (1°19_40_S 36°47_21_E)\Around Langata Hospital (1°19_40_S 36°47_21_E)--1-45.wav,AROUND LANGATA HOSPITAL (1°19_40_S 36°47_21_E),3,SUV,-34.587547,19.744167,68.4948339710523,68.71537714453237,61.14
Around Langata Hospital (1°19_40_S 36°47_21_E)\Around Langata Hospital (1°19_40_S 36°47_21_E)--1-46.wav,AROUND LANGATA HOSPITAL (1°19_40_S 36°47_21_E),3,SUV,-35.35392,18.69221,68.4948339710523,68.71537714453237,61.14
Around Langata Hospital (1°19_40_S 36°47_21_E)\Around Langata Hospital (1°19_40_S 36°47_21_E)--1-47.wav,AROUND LANGATA HOSPITAL (1°19_40_S 36°47_21_E),9,PSV,-32.772026,19.22827,68.4948339710523,68.71537714453237,61.14
Around Langata Hospital (1°19_40_S 36°47_21_E)\Around Langata Hospital (1°19_40_S 36°47_21_E)--1-48.wav,AROUND LANGATA HOSPITAL (1°19_40_S 36°47_21_E),3,SUV,-35.160328,19.020498,68.4948339710523,68.71537714453237,61.14
Around Langata Hospital (1°19_40_S 36°47_21_E)\Around Langata Hospital (1°19_40_S 36°47_21_E)--1-49.wav,AROUND LANGATA HOSPITAL (1°19_40_S 36°47_21_E),1,motorcycle,-39.29769,20.052607,68.4948339710523,68.71537714453237,61.14
Around Langata Hospital (1°19_40_S 36°47_21_E)\Around Langata Hospital (1°19_40_S 36°47_21_E)--1-204.wav,AROUND LANGATA HOSPITAL (1°19_40_S 36°47_21_E),3,SUV,-36.949852,19.003714,68.4948339710523,68.71537714453237,61.14
Around MMU (1°23_ 04_ 36°46_ 15_ E)\Around MMU (1°23_ 04_ 36°46_ 15_ E)--1-0.wav,AROUND MMU (1°23_ 04_ 36°46_ 15_ E),10,other,-35.000076,17.657032,64.68969126383945,64.83128796393184,39.61
Around MMU (1°23_ 04_ 36°46_ 15_ E)\Around MMU (1°23_ 04_ 36°46_ 15_ E)--1-1.wav,AROUND MMU (1°23_ 04_ 36°46_ 15_ E),8,bus,-33.815937,18.754911,64.68969126383945,64.83128796393184,39.61
Around MMU (1°23_ 04_ 36°46_ 15_ E)\Around MMU (1°23_ 04_ 36°46_ 15_ E)--1-2.wav,AROUND MMU (1°23_ 04_ 36°46_ 15_ E),3,SUV,-33.052753,18.190111,64.68969126383945,64.83128796393184,39.61
Around MMU (1°23_ 04_ 36°46_ 15_ E)\Around MMU (1°23_ 04_ 36°46_ 15_ E)--1-3.wav,AROUND MMU (1°23_ 04_ 36°46_ 15_ E),3,SUV,-33.206196,18.945873,64.68969126383945,64.83128796393184,39.61
Around MMU (1°23_ 04_ 36°46_ 15_ E)\Around MMU (1°23_ 04_ 36°46_ 15_ E)--1-4.wav,AROUND MMU (1°23_ 04_ 36°46_ 15_ E),3,SUV,-33.359863,18.411266,64.68969126383945,64.83128796393184,39.61
Around MMU (1°23_ 04_ 36°46_ 15_ E)\Around MMU (1°23_ 04_ 36°46_ 15_ E)--1-5.wav,AROUND MMU (1°23_ 04_ 36°46_ 15_ E),3,SUV,-30.827,19.574284,64.68969126383945,64.83128796393184,39.61
Around MMU (1°23_ 04_ 36°46_ 15_ E)\Around MMU (1°23_ 04_ 36°46_ 15_ E)--1-6.wav,AROUND MMU (1°23_ 04_ 36°46_ 15_ E),9,PSV,-33.20321,18.124697,64.68969126383945,64.83128796393184,39.61
Around MMU (1°23_ 04_ 36°46_ 15_ E)\Around MMU (1°23_ 04_ 36°46_ 15_ E)--1-7.wav,AROUND MMU (1°23_ 04_ 36°46_ 15_ E),1,motorcycle,-41.002148,18.694273,64.68969126383945,64.83128796393184,39.61
Around MMU (1°23_ 04_ 36°46_ 15_ E)\Around MMU (1°23_ 04_ 36°46_ 15_ E)--1-8.wav,AROUND MMU (1°23_ 04_ 36°46_ 15_ E),1,motorcycle,-37.105915,19.198507,64.68969126383945,64.83128796393184,39.61
Around MMU (1°23_ 04_ 36°46_ 15_ E)\Around MMU (1°23_ 04_ 36°46_ 15_ E)--1-9.wav,AROUND MMU (1°23_ 04_ 36°46_ 15_ E),3,SUV,-36.104122,18.559422,64.68969126383945,64.83128796393184,39.61
Around MMU (1°23_ 04_ 36°46_ 15_ E)\Around MMU (1°23_ 04_ 36°46_ 15_ E)--1-10.wav,AROUND MMU (1°23_ 04_ 36°46_ 15_ E),3,SUV,-34.955482,17.539265,64.68969126383945,64.83128796393184,39.61
Around MMU (1°23_ 04_ 36°46_ 15_ E)\Around MMU (1°23_ 04_ 36°46_ 15_ E)--1-11.wav,AROUND MMU (1°23_ 04_ 36°46_ 15_ E),1,motorcycle,-34.489582,19.064259,64.68969126383945,64.83128796393184,39.61
Around MMU (1°23_ 04_ 36°46_ 15_ E)\Around MMU (1°23_ 04_ 36°46_ 15_ E)--1-12.wav,AROUND MMU (1°23_ 04_ 36°46_ 15_ E),1,motorcycle,-33.241486,18.635109,64.68969126383945,64.83128796393184,39.61
Around MMU (1°23_ 04_ 36°46_ 15_ E)\Around MMU (1°23_ 04_ 36°46_ 15_ E)--1-13.wav,AROUND MMU (1°23_ 04_ 36°46_ 15_ E),3,SUV,-32.106018,18.950779,64.68969126383945,64.83128796393184,39.61
Around MMU (1°23_ 04_ 36°46_ 15_ E)\Around MMU (1°23_ 04_ 36°46_ 15_ E)--1-14.wav,AROUND MMU (1°23_ 04_ 36°46_ 15_ E),3,SUV,-32.436928,18.93614,64.68969126383945,64.83128796393184,39.61
Around MMU (1°23_ 04_ 36°46_ 15_ E)\Around MMU (1°23_ 04_ 36°46_ 15_ E)--1-15.wav,AROUND MMU (1°23_ 04_ 36°46_ 15_ E),9,PSV,-30.57261,17.2776,64.68969126383945,64.83128796393184,39.61
Around MMU (1°23_ 04_ 36°46_ 15_ E)\Around MMU (1°23_ 04_ 36°46_ 15_ E)--1-16.wav,AROUND MMU (1°23_ 04_ 36°46_ 15_ E),3,SUV,-34.65811,18.307167,64.68969126383945,64.83128796393184,39.61
Around MMU (1°23_ 04_ 36°46_ 15_ E)\Around MMU (1°23_ 04_ 36°46_ 15_ E)--1-17.wav,AROUND MMU (1°23_ 04_ 36°46_ 15_ E),3,SUV,-33.998432,17.592943,64.68969126383945,64.83128796393184,39.61
Around MMU (1°23_ 04_ 36°46_ 15_ E)\Around MMU (1°23_ 04_ 36°46_ 15_ E)--1-18.wav,AROUND MMU (1°23_ 04_ 36°46_ 15_ E),10,other,-33.54203,19.166553,64.68969126383945,64.83128796393184,39.61
Around MMU (1°23_ 04_ 36°46_ 15_ E)\Around MMU (1°23_ 04_ 36°46_ 15_ E)--1-19.wav,AROUND MMU (1°23_ 04_ 36°46_ 15_ E),1,motorcycle,-34.510883,17.957865,64.68969126383945,64.83128796393184,39.61
Around MMU (1°23_ 04_ 36°46_ 15_ E)\Around MMU (1°23_ 04_ 36°46_ 15_ E)--1-20.wav,AROUND MMU (1°23_ 04_ 36°46_ 15_ E),1,motorcycle,-32.891045,18.4649,64.68969126383945,64.83128796393184,39.61
Around MMU (1°23_ 04_ 36°46_ 15_ E)\Around MMU (1°23_ 04_ 36°46_ 15_ E)--1-21.wav,AROUND MMU (1°23_ 04_ 36°46_ 15_ E),1,motorcycle,-34.62209,17.229038,64.68969126383945,64.83128796393184,39.61
Around MMU (1°23_ 04_ 36°46_ 15_ E)\Around MMU (1°23_ 04_ 36°46_ 15_ E)--1-22.wav,AROUND MMU (1°23_ 04_ 36°46_ 15_ E),10,other,-33.74113,19.74959,64.68969126383945,64.83128796393184,39.61
Around MMU (1°23_ 04_ 36°46_ 15_ E)\Around MMU (1°23_ 04_ 36°46_ 15_ E)--1-23.wav,AROUND MMU (1°23_ 04_ 36°46_ 15_ E),3,SUV,-32.452396,18.680275,64.68969126383945,64.83128796393184,39.61
Around MMU (1°23_ 04_ 36°46_ 15_ E)\Around MMU (1°23_ 04_ 36°46_ 15_ E)--1-24.wav,AROUND MMU (1°23_ 04_ 36°46_ 15_ E),1,motorcycle,-35.578022,18.966734,64.68969126383945,64.83128796393184,39.61
Around MMU (1°23_ 04_ 36°46_ 15_ E)\Around MMU (1°23_ 04_ 36°46_ 15_ E)--1-25.wav,AROUND MMU (1°23_ 04_ 36°46_ 15_ E),1,motorcycle,-40.14979,19.734774,64.68969126383945,64.83128796393184,39.61
Around MMU (1°23_ 04_ 36°46_ 15_ E)\Around MMU (1°23_ 04_ 36°46_ 15_ E)--1-26.wav,AROUND MMU (1°23_ 04_ 36°46_ 15_ E),1,motorcycle,-37.772076,20.382483,64.68969126383945,64.83128796393184,39.61
Around MMU (1°23_ 04_ 36°46_ 15_ E)\Around MMU (1°23_ 04_ 36°46_ 15_ E)--1-27.wav,AROUND MMU (1°23_ 04_ 36°46_ 15_ E),9,PSV,-41.049477,19.228428,64.68969126383945,64.83128796393184,39.61
Around MMU (1°23_ 04_ 36°46_ 15_ E)\Around MMU (1°23_ 04_ 36°46_ 15_ E)--1-28.wav,AROUND MMU (1°23_ 04_ 36°46_ 15_ E),10,other,-35.297504,17.453072,64.68969126383945,64.83128796393184,39.61
Around MMU (1°23_ 04_ 36°46_ 15_ E)\Around MMU (1°23_ 04_ 36°46_ 15_ E)--1-29.wav,AROUND MMU (1°23_ 04_ 36°46_ 15_ E),1,motorcycle,-35.21336,18.904936,64.68969126383945,64.83128796393184,39.61
Around MMU (1°23_ 04_ 36°46_ 15_ E)\Around MMU (1°23_ 04_ 36°46_ 15_ E)--1-30.wav,AROUND MMU (1°23_ 04_ 36°46_ 15_ E),1,motorcycle,-33.08643,19.42402,64.68969126383945,64.83128796393184,39.61
Around MMU (1°23_ 04_ 36°46_ 15_ E)\Around MMU (1°23_ 04_ 36°46_ 15_ E)--1-31.wav,AROUND MMU (1°23_ 04_ 36°46_ 15_ E),3,SUV,-35.092537,17.98531,64.68969126383945,64.83128796393184,39.61
Around MMU (1°23_ 04_ 36°46_ 15_ E)\Around MMU (1°23_ 04_ 36°46_ 15_ E)--1-32.wav,AROUND MMU (1°23_ 04_ 36°46_ 15_ E),1,motorcycle,-38.98351,18.110844,64.68969126383945,64.83128796393184,39.61
Around MMU (1°23_ 04_ 36°46_ 15_ E)\Around MMU (1°23_ 04_ 36°46_ 15_ E)--1-33.wav,AROUND MMU (1°23_ 04_ 36°46_ 15_ E),1,motorcycle,-30.502497,18.816072,64.68969126383945,64.83128796393184,39.61
Around MMU (1°23_ 04_ 36°46_ 15_ E)\Around MMU (1°23_ 04_ 36°46_ 15_ E)--1-34.wav,AROUND MMU (1°23_ 04_ 36°46_ 15_ E),3,SUV,-34.943916,18.631811,64.68969126383945,64.83128796393184,39.61
Around MMU (1°23_ 04_ 36°46_ 15_ E)\Around MMU (1°23_ 04_ 36°46_ 15_ E)--1-35.wav,AROUND MMU (1°23_ 04_ 36°46_ 15_ E),9,PSV,-33.17662,19.823975,64.68969126383945,64.83128796393184,39.61
Around MMU (1°23_ 04_ 36°46_ 15_ E)\Around MMU (1°23_ 04_ 36°46_ 15_ E)--1-36.wav,AROUND MMU (1°23_ 04_ 36°46_ 15_ E),3,SUV,-31.959085,18.795397,64.68969126383945,64.83128796393184,39.61
Around MMU (1°23_ 04_ 36°46_ 15_ E)\Around MMU (1°23_ 04_ 36°46_ 15_ E)--1-37.wav,AROUND MMU (1°23_ 04_ 36°46_ 15_ E),9,PSV,-31.7019,19.8737,64.68969126383945,64.83128796393184,39.61
Around MMU (1°23_ 04_ 36°46_ 15_ E)\Around MMU (1°23_ 04_ 36°46_ 15_ E)--1-38.wav,AROUND MMU (1°23_ 04_ 36°46_ 15_ E),1,motorcycle,-34.093483,20.283442,64.68969126383945,64.83128796393184,39.61
Around MMU (1°23_ 04_ 36°46_ 15_ E)\Around MMU (1°23_ 04_ 36°46_ 15_ E)--1-39.wav,AROUND MMU (1°23_ 04_ 36°46_ 15_ E),1,motorcycle,-38.40286,18.66229,64.68969126383945,64.83128796393184,39.61
Around MMU (1°23_ 04_ 36°46_ 15_ E)\Around MMU (1°23_ 04_ 36°46_ 15_ E)--1-40.wav,AROUND MMU (1°23_ 04_ 36°46_ 15_ E),1,motorcycle,-33.18084,17.333628,64.68969126383945,64.83128796393184,39.61
Around MMU (1°23_ 04_ 36°46_ 15_ E)\Around MMU (1°23_ 04_ 36°46_ 15_ E)--1-41.wav,AROUND MMU (1°23_ 04_ 36°46_ 15_ E),9,PSV,-35.061565,20.08787,64.68969126383945,64.83128796393184,39.61
Around MMU (1°23_ 04_ 36°46_ 15_ E)\Around MMU (1°23_ 04_ 36°46_ 15_ E)--1-42.wav,AROUND MMU (1°23_ 04_ 36°46_ 15_ E),9,PSV,-32.76557,20.274576,64.68969126383945,64.83128796393184,39.61
Around MMU (1°23_ 04_ 36°46_ 15_ E)\Around MMU (1°23_ 04_ 36°46_ 15_ E)--1-43.wav,AROUND MMU (1°23_ 04_ 36°46_ 15_ E),3,SUV,-32.302036,18.344269,64.68969126383945,64.83128796393184,39.61
Around MMU (1°23_ 04_ 36°46_ 15_ E)\Around MMU (1°23_ 04_ 36°46_ 15_ E)--1-44.wav,AROUND MMU (1°23_ 04_ 36°46_ 15_ E),3,SUV,-33.394753,18.857782,64.68969126383945,64.83128796393184,39.61
Around MMU (1°23_ 04_ 36°46_ 15_ E)\Around MMU (1°23_ 04_ 36°46_ 15_ E)--1-45.wav,AROUND MMU (1°23_ 04_ 36°46_ 15_ E),3,SUV,-30.257416,20.44099,64.68969126383945,64.83128796393184,39.61
Around MMU (1°23_ 04_ 36°46_ 15_ E)\Around MMU (1°23_ 04_ 36°46_ 15_ E)--1-46.wav,AROUND MMU (1°23_ 04_ 36°46_ 15_ E),3,SUV,-32.93447,19.895138,64.68969126383945,64.83128796393184,39.61
Around MMU (1°23_ 04_ 36°46_ 15_ E)\Around MMU (1°23_ 04_ 36°46_ 15_ E)--1-47.wav,AROUND MMU (1°23_ 04_ 36°46_ 15_ E),1,motorcycle,-35.509064,18.934048,64.68969126383945,64.83128796393184,39.61
Around MMU (1°23_ 04_ 36°46_ 15_ E)\Around MMU (1°23_ 04_ 36°46_ 15_ E)--1-48.wav,AROUND MMU (1°23_ 04_ 36°46_ 15_ E),7,heavy truck,-36.81337,18.21508,64.68969126383945,64.83128796393184,39.61
Around MMU (1°23_ 04_ 36°46_ 15_ E)\Around MMU (1°23_ 04_ 36°46_ 15_ E)--1-49.wav,AROUND MMU (1°23_ 04_ 36°46_ 15_ E),7,heavy truck,-37.786148,17.48209,64.68969126383945,64.83128796393184,39.61
Around MMU (1°23_ 04_ 36°46_ 15_ E)\Around MMU (1°23_ 04_ 36°46_ 15_ E)--1-50.wav,AROUND MMU (1°23_ 04_ 36°46_ 15_ E),9,PSV,-29.234842,19.01883,64.68969126383945,64.83128796393184,39.61
Around MMU (1°23_ 04_ 36°46_ 15_ E)\Around MMU (1°23_ 04_ 36°46_ 15_ E)--1-256.wav,AROUND MMU (1°23_ 04_ 36°46_ 15_ E),1,motorcycle,-29.038324,19.141577,64.68969126383945,64.83128796393184,39.61
BBS Eastleigh(1°16_47_S 36°50_48_E)\BBS Eastleigh(1°16_47_S 36°50_48_E)--1-0.wav,BBS EASTLEIGH(1°16_47_S 36°50_48_E),1,motorcycle,-36.814144,18.623903,66.74867312581729,66.88652874141124,38.58
BBS Eastleigh(1°16_47_S 36°50_48_E)\BBS Eastleigh(1°16_47_S 36°50_48_E)--1-1.wav,BBS EASTLEIGH(1°16_47_S 36°50_48_E),1,motorcycle,-36.982502,19.411926,66.74867312581729,66.88652874141124,38.58
BBS Eastleigh(1°16_47_S 36°50_48_E)\BBS Eastleigh(1°16_47_S 36°50_48_E)--1-2.wav,BBS EASTLEIGH(1°16_47_S 36°50_48_E),1,motorcycle,-34.887466,19.254457,66.74867312581729,66.88652874141124,38.58
BBS Eastleigh(1°16_47_S 36°50_48_E)\BBS Eastleigh(1°16_47_S 36°50_48_E)--1-3.wav,BBS EASTLEIGH(1°16_47_S 36°50_48_E),9,PSV,-38.54771,20.684011,66.74867312581729,66.88652874141124,38.58
BBS Eastleigh(1°16_47_S 36°50_48_E)\BBS Eastleigh(1°16_47_S 36°50_48_E)--1-4.wav,BBS EASTLEIGH(1°16_47_S 36°50_48_E),9,PSV,-33.479122,20.642097,66.74867312581729,66.88652874141124,38.58
BBS Eastleigh(1°16_47_S 36°50_48_E)\BBS Eastleigh(1°16_47_S 36°50_48_E)--1-5.wav,BBS EASTLEIGH(1°16_47_S 36°50_48_E),10,other,-29.01442,19.730682,66.74867312581729,66.88652874141124,38.58
BBS Eastleigh(1°16_47_S 36°50_48_E)\BBS Eastleigh(1°16_47_S 36°50_48_E)--1-6.wav,BBS EASTLEIGH(1°16_47_S 36°50_48_E),1,motorcycle,-33.58296,21.651226,66.74867312581729,66.88652874141124,38.58
BBS Eastleigh(1°16_47_S 36°50_48_E)\BBS Eastleigh(1°16_47_S 36°50_48_E)--1-7.wav,BBS EASTLEIGH(1°16_47_S 36°50_48_E),1,motorcycle,-32.533997,20.115086,66.74867312581729,66.88652874141124,38.58
BBS Eastleigh(1°16_47_S 36°50_48_E)\BBS Eastleigh(1°16_47_S 36°50_48_E)--1-8.wav,BBS EASTLEIGH(1°16_47_S 36°50_48_E),10,other,-34.859947,19.281065,66.74867312581729,66.88652874141124,38.58
BBS Eastleigh(1°16_47_S 36°50_48_E)\BBS Eastleigh(1°16_47_S 36°50_48_E)--1-9.wav,BBS EASTLEIGH(1°16_47_S 36°50_48_E),9,PSV,-34.39916,19.72957,66.74867312581729,66.88652874141124,38.58
BBS Eastleigh(1°16_47_S 36°50_48_E)\BBS Eastleigh(1°16_47_S 36°50_48_E)--1-10.wav,BBS EASTLEIGH(1°16_47_S 36°50_48_E),9,PSV,-34.913746,18.866714,66.74867312581729,66.88652874141124,38.58
BBS Eastleigh(1°16_47_S 36°50_48_E)\BBS Eastleigh(1°16_47_S 36°50_48_E)--1-11.wav,BBS EASTLEIGH(1°16_47_S 36°50_48_E),9,PSV,-35.880413,19.510445,66.74867312581729,66.88652874141124,38.58
BBS Eastleigh(1°16_47_S 36°50_48_E)\BBS Eastleigh(1°16_47_S 36°50_48_E)--1-12.wav,BBS EASTLEIGH(1°16_47_S 36°50_48_E),9,PSV,-33.243362,20.990213,66.74867312581729,66.88652874141124,38.58
BBS Eastleigh(1°16_47_S 36°50_48_E)\BBS Eastleigh(1°16_47_S 36°50_48_E)--1-13.wav,BBS EASTLEIGH(1°16_47_S 36°50_48_E),1,motorcycle,-34.220478,19.327448,66.74867312581729,66.88652874141124,38.58
BBS Eastleigh(1°16_47_S 36°50_48_E)\BBS Eastleigh(1°16_47_S 36°50_48_E)--1-14.wav,BBS EASTLEIGH(1°16_47_S 36°50_48_E),1,motorcycle,-37.356316,21.170237,66.74867312581729,66.88652874141124,38.58
BBS Eastleigh(1°16_47_S 36°50_48_E)\BBS Eastleigh(1°16_47_S 36°50_48_E)--1-15.wav,BBS EASTLEIGH(1°16_47_S 36°50_48_E),1,motorcycle,-36.133953,20.491436,66.74867312581729,66.88652874141124,38.58
BBS Eastleigh(1°16_47_S 36°50_48_E)\BBS Eastleigh(1°16_47_S 36°50_48_E)--1-16.wav,BBS EASTLEIGH(1°16_47_S 36°50_48_E),3,SUV,-32.914715,18.828812,66.74867312581729,66.88652874141124,38.58
BBS Eastleigh(1°16_47_S 36°50_48_E)\BBS Eastleigh(1°16_47_S 36°50_48_E)--1-17.wav,BBS EASTLEIGH(1°16_47_S 36°50_48_E),1,motorcycle,-35.45934,21.3821,66.74867312581729,66.88652874141124,38.58
BBS Eastleigh(1°16_47_S 36°50_48_E)\BBS Eastleigh(1°16_47_S 36°50_48_E)--1-18.wav,BBS EASTLEIGH(1°16_47_S 36°50_48_E),1,motorcycle,-34.72049,22.686275,66.74867312581729,66.88652874141124,38.58
BBS Eastleigh(1°16_47_S 36°50_48_E)\BBS Eastleigh(1°16_47_S 36°50_48_E)--1-19.wav,BBS EASTLEIGH(1°16_47_S 36°50_48_E),9,PSV,-33.68034,22.737915,66.74867312581729,66.88652874141124,38.58
BBS Eastleigh(1°16_47_S 36°50_48_E)\BBS Eastleigh(1°16_47_S 36°50_48_E)--1-20.wav,BBS EASTLEIGH(1°16_47_S 36°50_48_E),9,PSV,-34.494377,21.806383,66.74867312581729,66.88652874141124,38.58
BBS Eastleigh(1°16_47_S 36°50_48_E)\BBS Eastleigh(1°16_47_S 36°50_48_E)--1-21.wav,BBS EASTLEIGH(1°16_47_S 36°50_48_E),1,motorcycle,-32.71404,21.761301,66.74867312581729,66.88652874141124,38.58
BBS Eastleigh(1°16_47_S 36°50_48_E)\BBS Eastleigh(1°16_47_S 36°50_48_E)--1-22.wav,BBS EASTLEIGH(1°16_47_S 36°50_48_E),1,motorcycle,-34.47691,20.332867,66.74867312581729,66.88652874141124,38.58
BBS Eastleigh(1°16_47_S 36°50_48_E)\BBS Eastleigh(1°16_47_S 36°50_48_E)--1-23.wav,BBS EASTLEIGH(1°16_47_S 36°50_48_E),1,motorcycle,-34.8132,21.510601,66.74867312581729,66.88652874141124,38.58
BBS Eastleigh(1°16_47_S 36°50_48_E)\BBS Eastleigh(1°16_47_S 36°50_48_E)--1-24.wav,BBS EASTLEIGH(1°16_47_S 36°50_48_E),10,other,-37.458458,20.01352,66.74867312581729,66.88652874141124,38.58
BBS Eastleigh(1°16_47_S 36°50_48_E)\BBS Eastleigh(1°16_47_S 36°50_48_E)--1-25.wav,BBS EASTLEIGH(1°16_47_S 36°50_48_E),9,PSV,-36.25345,20.66226,66.74867312581729,66.88652874141124,38.58
BBS Eastleigh(1°16_47_S 36°50_48_E)\BBS Eastleigh(1°16_47_S 36°50_48_E)--1-26.wav,BBS EASTLEIGH(1°16_47_S 36°50_48_E),3,SUV,-34.770824,20.434374,66.74867312581729,66.88652874141124,38.58
BBS Eastleigh(1°16_47_S 36°50_48_E)\BBS Eastleigh(1°16_47_S 36°50_48_E)--1-27.wav,BBS EASTLEIGH(1°16_47_S 36°50_48_E),1,motorcycle,-38.953644,20.784023,66.74867312581729,66.88652874141124,38.58
BBS Eastleigh(1°16_47_S 36°50_48_E)\BBS Eastleigh(1°16_47_S 36°50_48_E)--1-28.wav,BBS EASTLEIGH(1°16_47_S 36°50_48_E),9,PSV,-37.922062,21.609604,66.74867312581729,66.88652874141124,38.58
BBS Eastleigh(1°16_47_S 36°50_48_E)\BBS Eastleigh(1°16_47_S 36°50_48_E)--1-29.wav,BBS EASTLEIGH(1°16_47_S 36°50_48_E),1,motorcycle,-38.33366,22.916332,66.74867312581729,66.88652874141124,38.58
BBS Eastleigh(1°16_47_S 36°50_48_E)\BBS Eastleigh(1°16_47_S 36°50_48_E)--1-30.wav,BBS EASTLEIGH(1°16_47_S 36°50_48_E),1,motorcycle,-39.916924,21.962658,66.74867312581729,66.88652874141124,38.58
BBS Eastleigh(1°16_47_S 36°50_48_E)\BBS Eastleigh(1°16_47_S 36°50_48_E)--1-31.wav,BBS EASTLEIGH(1°16_47_S 36°50_48_E),1,motorcycle,-39.550896,20.54954,66.74867312581729,66.88652874141124,38.58
BBS Eastleigh(1°16_47_S 36°50_48_E)\BBS Eastleigh(1°16_47_S 36°50_48_E)--1-32.wav,BBS EASTLEIGH(1°16_47_S 36°50_48_E),1,motorcycle,-37.04629,20.054893,66.74867312581729,66.88652874141124,38.58
BBS Eastleigh(1°16_47_S 36°50_48_E)\BBS Eastleigh(1°16_47_S 36°50_48_E)--1-33.wav,BBS EASTLEIGH(1°16_47_S 36°50_48_E),1,motorcycle,-37.19335,20.45924,66.74867312581729,66.88652874141124,38.58
BBS Eastleigh(1°16_47_S 36°50_48_E)\BBS Eastleigh(1°16_47_S 36°50_48_E)--1-34.wav,BBS EASTLEIGH(1°16_47_S 36°50_48_E),9,PSV,-36.31547,21.104197,66.74867312581729,66.88652874141124,38.58
BBS Eastleigh(1°16_47_S 36°50_48_E)\BBS Eastleigh(1°16_47_S 36°50_48_E)--1-35.wav,BBS EASTLEIGH(1°16_47_S 36°50_48_E),10,other,-37.406685,19.073782,66.74867312581729,66.88652874141124,38.58
BBS Eastleigh(1°16_47_S 36°50_48_E)\BBS Eastleigh(1°16_47_S 36°50_48_E)--1-36.wav,BBS EASTLEIGH(1°16_47_S 36°50_48_E),3,SUV,-36.809002,19.900993,66.74867312581729,66.88652874141124,38.58
BBS Eastleigh(1°16_47_S 36°50_48_E)\BBS Eastleigh(1°16_47_S 36°50_48_E)--1-37.wav,BBS EASTLEIGH(1°16_47_S 36°50_48_E),1,motorcycle,-35.333794,20.48116,66.74867312581729,66.88652874141124,38.58
BBS Eastleigh(1°16_47_S 36°50_48_E)\BBS Eastleigh(1°16_47_S 36°50_48_E)--1-38.wav,BBS EASTLEIGH(1°16_47_S 36°50_48_E),10,other,-34.441296,20.25234,66.74867312581729,66.88652874141124,38.58
BBS Eastleigh(1°16_47_S 36°50_48_E)\BBS Eastleigh(1°16_47_S 36°50_48_E)--1-39.wav,BBS EASTLEIGH(1°16_47_S 36°50_48_E),1,motorcycle,-33.94491,19.615313,66.74867312581729,66.88652874141124,38.58
BBS Eastleigh(1°16_47_S 36°50_48_E)\BBS Eastleigh(1°16_47_S 36°50_48_E)--1-40.wav,BBS EASTLEIGH(1°16_47_S 36°50_48_E),1,motorcycle,-34.987377,18.705154,66.74867312581729,66.88652874141124,38.58
BBS Eastleigh(1°16_47_S 36°50_48_E)\BBS Eastleigh(1°16_47_S 36°50_48_E)--1-41.wav,BBS EASTLEIGH(1°16_47_S 36°50_48_E),3,SUV,-34.7452,18.884119,66.74867312581729,66.88652874141124,38.58
BBS Eastleigh(1°16_47_S 36°50_48_E)\BBS Eastleigh(1°16_47_S 36°50_48_E)--1-42.wav,BBS EASTLEIGH(1°16_47_S 36°50_48_E),1,motorcycle,-32.89516,21.4891,66.74867312581729,66.88652874141124,38.58
BBS Eastleigh(1°16_47_S 36°50_48_E)\BBS Eastleigh(1°16_47_S 36°50_48_E)--1-43.wav,BBS EASTLEIGH(1°16_47_S 36°50_48_E),10,other,-32.494972,18.078344,66.74867312581729,66.88652874141124,38.58
BBS Eastleigh(1°16_47_S 36°50_48_E)\BBS Eastleigh(1°16_47_S 36°50_48_E)--1-44.wav,BBS EASTLEIGH(1°16_47_S 36°50_48_E),10,other,-34.269234,19.84077,66.74867312581729,66.88652874141124,38.58
BBS Eastleigh(1°16_47_S 36°50_48_E)\BBS Eastleigh(1°16_47_S 36°50_48_E)--1-45.wav,BBS EASTLEIGH(1°16_47_S 36°50_48_E),1,motorcycle,-33.60728,19.53385,66.74867312581729,66.88652874141124,38.58
BBS Eastleigh(1°16_47_S 36°50_48_E)\BBS Eastleigh(1°16_47_S 36°50_48_E)--1-46.wav,BBS EASTLEIGH(1°16_47_S 36°50_48_E),9,PSV,-34.60473,18.986332,66.74867312581729,66.88652874141124,38.58
BBS Eastleigh(1°16_47_S 36°50_48_E)\BBS Eastleigh(1°16_47_S 36°50_48_E)--1-47.wav,BBS EASTLEIGH(1°16_47_S 36°50_48_E),1,motorcycle,-29.715673,19.337223,66.74867312581729,66.88652874141124,38.58
BBS Eastleigh(1°16_47_S 36°50_48_E)\BBS Eastleigh(1°16_47_S 36°50_48_E)--1-48.wav,BBS EASTLEIGH(1°16_47_S 36°50_48_E),1,motorcycle,-28.038904,20.413162,66.74867312581729,66.88652874141124,38.58
BBS Eastleigh(1°16_47_S 36°50_48_E)\BBS Eastleigh(1°16_47_S 36°50_48_E)--1-49.wav,BBS EASTLEIGH(1°16_47_S 36°50_48_E),3,SUV,-33.0944,20.387867,66.74867312581729,66.88652874141124,38.58
BBS Eastleigh(1°16_47_S 36°50_48_E)\BBS Eastleigh(1°16_47_S 36°50_48_E)--1-307.wav,BBS EASTLEIGH(1°16_47_S 36°50_48_E),3,SUV,-36.163597,19.541437,66.74867312581729,66.88652874141124,38.58
Bee Centre (1°17_01_S 36°54_02_E)\Bee Centre (1°17_01_S 36°54_02_E)--1-0.wav,BEE CENTRE (1°17_01_S 36°54_02_E),3,SUV,-30.358967,16.867197,64.80657274360834,64.90722969318279,28.29
Bee Centre (1°17_01_S 36°54_02_E)\Bee Centre (1°17_01_S 36°54_02_E)--1-1.wav,BEE CENTRE (1°17_01_S 36°54_02_E),9,PSV,-25.447529,16.988813,64.80657274360834,64.90722969318279,28.29
Bee Centre (1°17_01_S 36°54_02_E)\Bee Centre (1°17_01_S 36°54_02_E)--1-2.wav,BEE CENTRE (1°17_01_S 36°54_02_E),9,PSV,-25.814154,18.371195,64.80657274360834,64.90722969318279,28.29
Bee Centre (1°17_01_S 36°54_02_E)\Bee Centre (1°17_01_S 36°54_02_E)--1-3.wav,BEE CENTRE (1°17_01_S 36°54_02_E),10,other,-26.755896,15.917515,64.80657274360834,64.90722969318279,28.29
Bee Centre (1°17_01_S 36°54_02_E)\Bee Centre (1°17_01_S 36°54_02_E)--1-4.wav,BEE CENTRE (1°17_01_S 36°54_02_E),1,motorcycle,-30.27716,17.754852,64.80657274360834,64.90722969318279,28.29
Bee Centre (1°17_01_S 36°54_02_E)\Bee Centre (1°17_01_S 36°54_02_E)--1-5.wav,BEE CENTRE (1°17_01_S 36°54_02_E),1,motorcycle,-32.605743,18.432322,64.80657274360834,64.90722969318279,28.29
Bee Centre (1°17_01_S 36°54_02_E)\Bee Centre (1°17_01_S 36°54_02_E)--1-6.wav,BEE CENTRE (1°17_01_S 36°54_02_E),1,motorcycle,-31.913635,18.244633,64.80657274360834,64.90722969318279,28.29
Bee Centre (1°17_01_S 36°54_02_E)\Bee Centre (1°17_01_S 36°54_02_E)--1-7.wav,BEE CENTRE (1°17_01_S 36°54_02_E),10,other,-30.617895,17.426485,64.80657274360834,64.90722969318279,28.29
Bee Centre (1°17_01_S 36°54_02_E)\Bee Centre (1°17_01_S 36°54_02_E)--1-8.wav,BEE CENTRE (1°17_01_S 36°54_02_E),9,PSV,-23.830769,16.762253,64.80657274360834,64.90722969318279,28.29
Bee Centre (1°17_01_S 36°54_02_E)\Bee Centre (1°17_01_S 36°54_02_E)--1-9.wav,BEE CENTRE (1°17_01_S 36°54_02_E),9,PSV,-27.853388,17.553335,64.80657274360834,64.90722969318279,28.29
Bee Centre (1°17_01_S 36°54_02_E)\Bee Centre (1°17_01_S 36°54_02_E)--1-10.wav,BEE CENTRE (1°17_01_S 36°54_02_E),9,PSV,-29.36527,16.87432,64.80657274360834,64.90722969318279,28.29
Bee Centre (1°17_01_S 36°54_02_E)\Bee Centre (1°17_01_S 36°54_02_E)--1-11.wav,BEE CENTRE (1°17_01_S 36°54_02_E),1,motorcycle,-35.297234,18.205095,64.80657274360834,64.90722969318279,28.29
Bee Centre (1°17_01_S 36°54_02_E)\Bee Centre (1°17_01_S 36°54_02_E)--1-12.wav,BEE CENTRE (1°17_01_S 36°54_02_E),1,motorcycle,-35.715126,18.789873,64.80657274360834,64.90722969318279,28.29
Bee Centre (1°17_01_S 36°54_02_E)\Bee Centre (1°17_01_S 36°54_02_E)--1-13.wav,BEE CENTRE (1°17_01_S 36°54_02_E),1,motorcycle,-35.51003,17.101742,64.80657274360834,64.90722969318279,28.29
Bee Centre (1°17_01_S 36°54_02_E)\Bee Centre (1°17_01_S 36°54_02_E)--1-14.wav,BEE CENTRE (1°17_01_S 36°54_02_E),9,PSV,-34.641052,19.094658,64.80657274360834,64.90722969318279,28.29
Bee Centre (1°17_01_S 36°54_02_E)\Bee Centre (1°17_01_S 36°54_02_E)--1-15.wav,BEE CENTRE (1°17_01_S 36°54_02_E),9,PSV,-34.711098,19.346355,64.80657274360834,64.90722969318279,28.29
Bee Centre (1°17_01_S 36°54_02_E)\Bee Centre (1°17_01_S 36°54_02_E)--1-16.wav,BEE CENTRE (1°17_01_S 36°54_02_E),1,motorcycle,-37.129387,20.281368,64.80657274360834,64.90722969318279,28.29
Bee Centre (1°17_01_S 36°54_02_E)\Bee Centre (1°17_01_S 36°54_02_E)--1-17.wav,BEE CENTRE (1°17_01_S 36°54_02_E),1,motorcycle,-37.258583,18.430546,64.80657274360834,64.90722969318279,28.29
Bee Centre (1°17_01_S 36°54_02_E)\Bee Centre (1°17_01_S 36°54_02_E)--1-18.wav,BEE CENTRE (1°17_01_S 36°54_02_E),1,motorcycle,-36.39741,21.886557,64.80657274360834,64.90722969318279,28.29
Bee Centre (1°17_01_S 36°54_02_E)\Bee Centre (1°17_01_S 36°54_02_E)--1-19.wav,BEE CENTRE (1°17_01_S 36°54_02_E),1,motorcycle,-36.44105,19.940441,64.80657274360834,64.90722969318279,28.29
Bee Centre (1°17_01_S 36°54_02_E)\Bee Centre (1°17_01_S 36°54_02_E)--1-20.wav,BEE CENTRE (1°17_01_S 36°54_02_E),3,SUV,-34.890453,20.18633,64.80657274360834,64.90722969318279,28.29
Bee Centre (1°17_01_S 36°54_02_E)\Bee Centre (1°17_01_S 36°54_02_E)--1-21.wav,BEE CENTRE (1°17_01_S 36°54_02_E),3,SUV,-35.55061,20.437864,64.80657274360834,64.90722969318279,28.29
Bee Centre (1°17_01_S 36°54_02_E)\Bee Centre (1°17_01_S 36°54_02_E)--1-22.wav,BEE CENTRE (1°17_01_S 36°54_02_E),3,SUV,-37.310432,17.64646,64.80657274360834,64.90722969318279,28.29
Bee Centre (1°17_01_S 36°54_02_E)\Bee Centre (1°17_01_S 36°54_02_E)--1-23.wav,BEE CENTRE (1°17_01_S 36°54_02_E),1,motorcycle,-38.3697,21.873268,64.80657274360834,64.90722969318279,28.29
Bee Centre (1°17_01_S 36°54_02_E)\Bee Centre (1°17_01_S 36°54_02_E)--1-24.wav,BEE CENTRE (1°17_01_S 36°54_02_E),10,other,-33.773235,16.857891,64.80657274360834,64.90722969318279,28.29
Bee Centre (1°17_01_S 36°54_02_E)\Bee Centre (1°17_01_S 36°54_02_E)--1-25.wav,BEE CENTRE (1°17_01_S 36°54_02_E),10,other,-36.924957,17.332876,64.80657274360834,64.90722969318279,28.29
Bee Centre (1°17_01_S 36°54_02_E)\Bee Centre (1°17_01_S 36°54_02_E)--1-26.wav,BEE CENTRE (1°17_01_S 36°54_02_E),10,other,-39.893745,18.269028,64.80657274360834,64.90722969318279,28.29
Bee Centre (1°17_01_S 36°54_02_E)\Bee Centre (1°17_01_S 36°54_02_E)--1-27.wav,BEE CENTRE (1°17_01_S 36°54_02_E),9,PSV,-32.10708,16.107891,64.80657274360834,64.90722969318279,28.29
Bee Centre (1°17_01_S 36°54_02_E)\Bee Centre (1°17_01_S 36°54_02_E)--1-28.wav,BEE CENTRE (1°17_01_S 36°54_02_E),3,SUV,-33.423115,17.500603,64.80657274360834,64.90722969318279,28.29
Bee Centre (1°17_01_S 36°54_02_E)\Bee Centre (1°17_01_S 36°54_02_E)--1-29.wav,BEE CENTRE (1°17_01_S 36°54_02_E),1,motorcycle,-31.71342,19.187693,64.80657274360834,64.90722969318279,28.29
Bee Centre (1°17_01_S 36°54_02_E)\Bee Centre (1°17_01_S 36°54_02_E)--1-30.wav,BEE CENTRE (1°17_01_S 36°54_02_E),1,motorcycle,-39.70218,19.220894,64.80657274360834,64.90722969318279,28.29
Bee Centre (1°17_01_S 36°54_02_E)\Bee Centre (1°17_01_S 36°54_02_E)--1-31.wav,BEE CENTRE (1°17_01_S 36°54_02_E),1,motorcycle,-31.096827,19.656939,64.80657274360834,64.90722969318279,28.29
Bee Centre (1°17_01_S 36°54_02_E)\Bee Centre (1°17_01_S 36°54_02_E)--1-32.wav,BEE CENTRE (1°17_01_S 36°54_02_E),1,motorcycle,-32.653984,19.05617,64.80657274360834,64.90722969318279,28.29
Bee Centre (1°17_01_S 36°54_02_E)\Bee Centre (1°17_01_S 36°54_02_E)--1-33.wav,BEE CENTRE (1°17_01_S 36°54_02_E),3,SUV,-37.482178,17.66344,64.80657274360834,64.90722969318279,28.29
Bee Centre (1°17_01_S 36°54_02_E)\Bee Centre (1°17_01_S 36°54_02_E)--1-34.wav,BEE CENTRE (1°17_01_S 36°54_02_E),1,motorcycle,-38.579475,19.174202,64.80657274360834,64.90722969318279,28.29
Bee Centre (1°17_01_S 36°54_02_E)\Bee Centre (1°17_01_S 36°54_02_E)--1-35.wav,BEE CENTRE (1°17_01_S 36°54_02_E),1,motorcycle,-40.842403,19.097956,64.80657274360834,64.90722969318279,28.29
Bee Centre (1°17_01_S 36°54_02_E)\Bee Centre (1°17_01_S 36°54_02_E)--1-36.wav,BEE CENTRE (1°17_01_S 36°54_02_E),10,other,-36.224792,16.29944,64.80657274360834,64.90722969318279,28.29
Bee Centre (1°17_01_S 36°54_02_E)\Bee Centre (1°17_01_S 36°54_02_E)--1-37.wav,BEE CENTRE (1°17_01_S 36°54_02_E),1,motorcycle,-31.926538,20.4294,64.80657274360834,64.90722969318279,28.29
Bee Centre (1°17_01_S 36°54_02_E)\Bee Centre (1°17_01_S 36°54_02_E)--1-38.wav,BEE CENTRE (1°17_01_S 36°54_02_E),1,motorcycle,-35.545586,18.63428,64.80657274360834,64.90722969318279,28.29
Bee Centre (1°17_01_S 36°54_02_E)\Bee Centre (1°17_01_S 36°54_02_E)--1-39.wav,BEE CENTRE (1°17_01_S 36°54_02_E),1,motorcycle,-31.548376,17.718672,64.80657274360834,64.90722969318279,28.29
Bee Centre (1°17_01_S 36°54_02_E)\Bee Centre (1°17_01_S 36°54_02_E)--1-40.wav,BEE CENTRE (1°17_01_S 36°54_02_E),9,PSV,-26.91447,16.43186,64.80657274360834,64.90722969318279,28.29
Bee Centre (1°17_01_S 36°54_02_E)\Bee Centre (1°17_01_S 36°54_02_E)--1-41.wav,BEE CENTRE (1°17_01_S 36°54_02_E),1,motorcycle,-34.12626,19.937527,64.80657274360834,64.90722969318279,28.29
Bee Centre (1°17_01_S 36°54_02_E)\Bee Centre (1°17_01_S 36°54_02_E)--1-42.wav,BEE CENTRE (1°17_01_S 36°54_02_E),9,PSV,-36.042572,17.646166,64.80657274360834,64.90722969318279,28.29
Bee Centre (1°17_01_S 36°54_02_E)\Bee Centre (1°17_01_S 36°54_02_E)--1-43.wav,BEE CENTRE (1°17_01_S 36°54_02_E),1,motorcycle,-33.826733,16.788567,64.80657274360834,64.90722969318279,28.29
Bee Centre (1°17_01_S 36°54_02_E)\Bee Centre (1°17_01_S 36°54_02_E)--1-44.wav,BEE CENTRE (1°17_01_S 36°54_02_E),9,PSV,-32.98079,15.986655,64.80657274360834,64.90722969318279,28.29
Bee Centre (1°17_01_S 36°54_02_E)\Bee Centre (1°17_01_S 36°54_02_E)--1-45.wav,BEE CENTRE (1°17_01_S 36°54_02_E),9,PSV,-30.638092,18.398396,64.80657274360834,64.90722969318279,28.29
Bee Centre (1°17_01_S 36°54_02_E)\Bee Centre (1°17_01_S 36°54_02_E)--1-46.wav,BEE CENTRE (1°17_01_S 36°54_02_E),1,motorcycle,-28.200134,18.838037,64.80657274360834,64.90722969318279,28.29
Bee Centre (1°17_01_S 36°54_02_E)\Bee Centre (1°17_01_S 36°54_02_E)--1-47.wav,BEE CENTRE (1°17_01_S 36°54_02_E),1,motorcycle,-31.959478,18.431835,64.80657274360834,64.90722969318279,28.29
Bee Centre (1°17_01_S 36°54_02_E)\Bee Centre (1°17_01_S 36°54_02_E)--1-48.wav,BEE CENTRE (1°17_01_S 36°54_02_E),1,motorcycle,-27.550213,16.521631,64.80657274360834,64.90722969318279,28.29
Bee Centre (1°17_01_S 36°54_02_E)\Bee Centre (1°17_01_S 36°54_02_E)--1-49.wav,BEE CENTRE (1°17_01_S 36°54_02_E),9,PSV,-31.36286,17.68046,64.80657274360834,64.90722969318279,28.29
Bee Centre (1°17_01_S 36°54_02_E)\Bee Centre (1°17_01_S 36°54_02_E)--1-50.wav,BEE CENTRE (1°17_01_S 36°54_02_E),9,PSV,-32.25596,17.90419,64.80657274360834,64.90722969318279,28.29
Bee Centre (1°17_01_S 36°54_02_E)\Bee Centre (1°17_01_S 36°54_02_E)--1-51.wav,BEE CENTRE (1°17_01_S 36°54_02_E),1,motorcycle,-33.161827,18.997654,64.80657274360834,64.90722969318279,28.29
Bee Centre (1°17_01_S 36°54_02_E)\Bee Centre (1°17_01_S 36°54_02_E)--1-360.wav,BEE CENTRE (1°17_01_S 36°54_02_E),1,motorcycle,-31.274414,19.210688,64.80657274360834,64.90722969318279,28.29
Close to Uhuru Park(1°17_15_S 36°48_55_ E)\Close to Uhuru Park(1°17_15_S 36°48_55_ E)--1-0.wav,CLOSE TO UHURU PARK(1°17_15_S 36°48_55_ E),3,SUV,-32.07241,18.811512,65.02461277885499,65.19749894718966,48.19
Close to Uhuru Park(1°17_15_S 36°48_55_ E)\Close to Uhuru Park(1°17_15_S 36°48_55_ E)--1-1.wav,CLOSE TO UHURU PARK(1°17_15_S 36°48_55_ E),3,SUV,-35.106087,19.57248,65.02461277885499,65.19749894718966,48.19
Close to Uhuru Park(1°17_15_S 36°48_55_ E)\Close to Uhuru Park(1°17_15_S 36°48_55_ E)--1-2.wav,CLOSE TO UHURU PARK(1°17_15_S 36°48_55_ E),3,SUV,-33.261883,19.213337,65.02461277885499,65.19749894718966,48.19
Close to Uhuru Park(1°17_15_S 36°48_55_ E)\Close to Uhuru Park(1°17_15_S 36°48_55_ E)--1-3.wav,CLOSE TO UHURU PARK(1°17_15_S 36°48_55_ E),3,SUV,-32.455105,19.226095,65.02461277885499,65.19749894718966,48.19
Close to Uhuru Park(1°17_15_S 36°48_55_ E)\Close to Uhuru Park(1°17_15_S 36°48_55_ E)--1-4.wav,CLOSE TO UHURU PARK(1°17_15_S 36°48_55_ E),3,SUV,-33.939205,19.215475,65.02461277885499,65.19749894718966,48.19
Close to Uhuru Park(1°17_15_S 36°48_55_ E)\Close to Uhuru Park(1°17_15_S 36°48_55_ E)--1-5.wav,CLOSE TO UHURU PARK(1°17_15_S 36°48_55_ E),3,SUV,-33.22624,17.817024,65.02461277885499,65.19749894718966,48.19
Close to Uhuru Park(1°17_15_S 36°48_55_ E)\Close to Uhuru Park(1°17_15_S 36°48_55_ E)--1-6.wav,CLOSE TO UHURU PARK(1°17_15_S 36°48_55_ E),1,motorcycle,-33.749775,19.584934,65.02461277885499,65.19749894718966,48.19
Close to Uhuru Park(1°17_15_S 36°48_55_ E)\Close to Uhuru Park(1°17_15_S 36°48_55_ E)--1-7.wav,CLOSE TO UHURU PARK(1°17_15_S 36°48_55_ E),3,SUV,-33.915817,18.020132,65.02461277885499,65.19749894718966,48.19
Close to Uhuru Park(1°17_15_S 36°48_55_ E)\Close to Uhuru Park(1°17_15_S 36°48_55_ E)--1-8.wav,CLOSE TO UHURU PARK(1°17_15_S 36°48_55_ E),3,SUV,-32.288933,16.228188,65.02461277885499,65.19749894718966,48.19
Close to Uhuru Park(1°17_15_S 36°48_55_ E)\Close to Uhuru Park(1°17_15_S 36°48_55_ E)--1-9.wav,CLOSE TO UHURU PARK(1°17_15_S 36°48_55_ E),3,SUV,-33.96279,20.078512,65.02461277885499,65.19749894718966,48.19
Close to Uhuru Park(1°17_15_S 36°48_55_ E)\Close to Uhuru Park(1°17_15_S 36°48_55_ E)--1-10.wav,CLOSE TO UHURU PARK(1°17_15_S 36°48_55_ E),3,SUV,-34.423115,19.113731,65.02461277885499,65.19749894718966,48.19
Close to Uhuru Park(1°17_15_S 36°48_55_ E)\Close to Uhuru Park(1°17_15_S 36°48_55_ E)--1-11.wav,CLOSE TO UHURU PARK(1°17_15_S 36°48_55_ E),3,SUV,-34.296852,21.277124,65.02461277885499,65.19749894718966,48.19
Close to Uhuru Park(1°17_15_S 36°48_55_ E)\Close to Uhuru Park(1°17_15_S 36°48_55_ E)--1-12.wav,CLOSE TO UHURU PARK(1°17_15_S 36°48_55_ E),3,SUV,-34.00517,20.415222,65.02461277885499,65.19749894718966,48.19
Close to Uhuru Park(1°17_15_S 36°48_55_ E)\Close to Uhuru Park(1°17_15_S 36°48_55_ E)--1-13.wav,CLOSE TO UHURU PARK(1°17_15_S 36°48_55_ E),9,PSV,-36.226757,21.756533,65.02461277885499,65.19749894718966,48.19
Close to Uhuru Park(1°17_15_S 36°48_55_ E)\Close to Uhuru Park(1°17_15_S 36°48_55_ E)--1-14.wav,CLOSE TO UHURU PARK(1°17_15_S 36°48_55_ E),3,SUV,-31.18739,18.721975,65.02461277885499,65.19749894718966,48.19
Close to Uhuru Park(1°17_15_S 36°48_55_ E)\Close to Uhuru Park(1°17_15_S 36°48_55_ E)--1-15.wav,CLOSE TO UHURU PARK(1°17_15_S 36°48_55_ E),9,PSV,-31.930567,18.954395,65.02461277885499,65.19749894718966,48.19
Close to Uhuru Park(1°17_15_S 36°48_55_ E)\Close to Uhuru Park(1°17_15_S 36°48_55_ E)--1-16.wav,CLOSE TO UHURU PARK(1°17_15_S 36°48_55_ E),3,SUV,-33.22231,20.059662,65.02461277885499,65.19749894718966,48.19
Close to Uhuru Park(1°17_15_S 36°48_55_ E)\Close to Uhuru Park(1°17_15_S 36°48_55_ E)--1-17.wav,CLOSE TO UHURU PARK(1°17_15_S 36°48_55_ E),3,SUV,-32.733753,19.90191,65.02461277885499,65.19749894718966,48.19
Close to Uhuru Park(1°17_15_S 36°48_55_ E)\Close to Uhuru Park(1°17_15_S 36°48_55_ E)--1-18.wav,CLOSE TO UHURU PARK(1°17_15_S 36°48_55_ E),3,SUV,-30.830074,20.118937,65.02461277885499,65.19749894718966,48.19
Close to Uhuru Park(1°17_15_S 36°48_55_ E)\Close to Uhuru Park(1°17_15_S 36°48_55_ E)--1-19.wav,CLOSE TO UHURU PARK(1°17_15_S 36°48_55_ E),1,motorcycle,-30.818638,21.431665,65.02461277885499,65.19749894718966,48.19
Close to Uhuru Park(1°17_15_S 36°48_55_ E)\Close to Uhuru Park(1°17_15_S 36°48_55_ E)--1-20.wav,CLOSE TO UHURU PARK(1°17_15_S 36°48_55_ E),1,motorcycle,-33.60567,18.548409,65.02461277885499,65.19749894718966,48.19
Close to Uhuru Park(1°17_15_S 36°48_55_ E)\Close to Uhuru Park(1°17_15_S 36°48_55_ E)--1-21.wav,CLOSE TO UHURU PARK(1°17_15_S 36°48_55_ E),1,motorcycle,-31.407562,19.829979,65.02461277885499,65.19749894718966,48.19
Close to Uhuru Park(1°17_15_S 36°48_55_ E)\Close to Uhuru Park(1°17_15_S 36°48_55_ E)--1-22.wav,CLOSE TO UHURU PARK(1°17_15_S 36°48_55_ E),10,other,-29.077023,20.432077,65.02461277885499,65.19749894718966,48.19
Close to Uhuru Park(1°17_15_S 36°48_55_ E)\Close to Uhuru Park(1°17_15_S 36°48_55_ E)--1-23.wav,CLOSE TO UHURU PARK(1°17_15_S 36°48_55_ E),3,SUV,-28.845745,20.984268,65.02461277885499,65.19749894718966,48.19
Close to Uhuru Park(1°17_15_S 36°48_55_ E)\Close to Uhuru Park(1°17_15_S 36°48_55_ E)--1-24.wav,CLOSE TO UHURU PARK(1°17_15_S 36°48_55_ E),3,SUV,-30.178589,18.620363,65.02461277885499,65.19749894718966,48.19
Close to Uhuru Park(1°17_15_S 36°48_55_ E)\Close to Uhuru Park(1°17_15_S 36°48_55_ E)--1-25.wav,CLOSE TO UHURU PARK(1°17_15_S 36°48_55_ E),1,motorcycle,-32.837196,18.662735,65.02461277885499,65.19749894718966,48.19
Close to Uhuru Park(1°17_15_S 36°48_55_ E)\Close to Uhuru Park(1°17_15_S 36°48_55_ E)--1-26.wav,CLOSE TO UHURU PARK(1°17_15_S 36°48_55_ E),3,SUV,-32.212193,20.926617,65.02461277885499,65.19749894718966,48.19
Close to Uhuru Park(1°17_15_S 36°48_55_ E)\Close to Uhuru Park(1°17_15_S 36°48_55_ E)--1-27.wav,CLOSE TO UHURU PARK(1°17_15_S 36°48_55_ E),3,SUV,-32.389484,19.452612,65.02461277885499,65.19749894718966,48.19
Close to Uhuru Park(1°17_15_S 36°48_55_ E)\Close to Uhuru Park(1°17_15_S 36°48_55_ E)--1-28.wav,CLOSE TO UHURU PARK(1°17_15_S 36°48_55_ E),3,SUV,-32.335865,17.556446,65.02461277885499,65.19749894718966,48.19
Close to Uhuru Park(1°17_15_S 36°48_55_ E)\Close to Uhuru Park(1°17_15_S 36°48_55_ E)--1-29.wav,CLOSE TO UHURU PARK(1°17_15_S 36°48_55_ E),1,motorcycle,-31.322742,21.002466,65.02461277885499,65.19749894718966,48.19
Close to Uhuru Park(1°17_15_S 36°48_55_ E)\Close to Uhuru Park(1°17_15_S 36°48_55_ E)--1-30.wav,CLOSE TO UHURU PARK(1°17_15_S 36°48_55_ E),3,SUV,-30.60532,19.674978,65.02461277885499,65.19749894718966,48.19
Close to Uhuru Park(1°17_15_S 36°48_55_ E)\Close to Uhuru Park(1°17_15_S 36°48_55_ E)--1-31.wav,CLOSE TO UHURU PARK(1°17_15_S 36°48_55_ E),1,motorcycle,-35.606224,20.121298,65.02461277885499,65.19749894718966,48.19
Close to Uhuru Park(1°17_15_S 36°48_55_ E)\Close to Uhuru Park(1°17_15_S 36°48_55_ E)--1-32.wav,CLOSE TO UHURU PARK(1°17_15_S 36°48_55_ E),1,motorcycle,-33.652267,18.705215,65.02461277885499,65.19749894718966,48.19
Close to Uhuru Park(1°17_15_S 36°48_55_ E)\Close to Uhuru Park(1°17_15_S 36°48_55_ E)--1-33.wav,CLOSE TO UHURU PARK(1°17_15_S 36°48_55_ E),3,SUV,-32.513054,19.043207,65.02461277885499,65.19749894718966,48.19
Close to Uhuru Park(1°17_15_S 36°48_55_ E)\Close to Uhuru Park(1°17_15_S 36°48_55_ E)--1-34.wav,CLOSE TO UHURU PARK(1°17_15_S 36°48_55_ E),3,SUV,-33.881397,17.319382,65.02461277885499,65.19749894718966,48.19
Close to Uhuru Park(1°17_15_S 36°48_55_ E)\Close to Uhuru Park(1°17_15_S 36°48_55_ E)--1-35.wav,CLOSE TO UHURU PARK(1°17_15_S 36°48_55_ E),3,SUV,-33.79732,18.260841,65.02461277885499,65.19749894718966,48.19
Close to Uhuru Park(1°17_15_S 36°48_55_ E)\Close to Uhuru Park(1°17_15_S 36°48_55_ E)--1-36.wav,CLOSE TO UHURU PARK(1°17_15_S 36°48_55_ E),3,SUV,-33.183582,19.717663,65.02461277885499,65.19749894718966,48.19
Close to Uhuru Park(1°17_15_S 36°48_55_ E)\Close to Uhuru Park(1°17_15_S 36°48_55_ E)--1-37.wav,CLOSE TO UHURU PARK(1°17_15_S 36°48_55_ E),3,SUV,-34.109917,20.442451,65.02461277885499,65.19749894718966,48.19
Close to Uhuru Park(1°17_15_S 36°48_55_ E)\Close to Uhuru Park(1°17_15_S 36°48_55_ E)--1-38.wav,CLOSE TO UHURU PARK(1°17_15_S 36°48_55_ E),3,SUV,-33.997307,18.292162,65.02461277885499,65.19749894718966,48.19
Close to Uhuru Park(1°17_15_S 36°48_55_ E)\Close to Uhuru Park(1°17_15_S 36°48_55_ E)--1-39.wav,CLOSE TO UHURU PARK(1°17_15_S 36°48_55_ E),9,PSV,-34.446705,18.383583,65.02461277885499,65.19749894718966,48.19
Close to Uhuru Park(1°17_15_S 36°48_55_ E)\Close to Uhuru Park(1°17_15_S 36°48_55_ E)--1-40.wav,CLOSE TO UHURU PARK(1°17_15_S 36°48_55_ E),3,SUV,-30.405136,20.480623,65.02461277885499,65.19749894718966,48.19
Close to Uhuru Park(1°17_15_S 36°48_55_ E)\Close to Uhuru Park(1°17_15_S 36°48_55_ E)--1-41.wav,CLOSE TO UHURU PARK(1°17_15_S 36°48_55_ E),1,motorcycle,-32.824486,19.64282,65.02461277885499,65.19749894718966,48.19
Close to Uhuru Park(1°17_15_S 36°48_55_ E)\Close to Uhuru Park(1°17_15_S 36°48_55_ E)--1-42.wav,CLOSE TO UHURU PARK(1°17_15_S 36°48_55_ E),1,motorcycle,-32.87627,19.266172,65.02461277885499,65.19749894718966,48.19
Close to Uhuru Park(1°17_15_S 36°48_55_ E)\Close to Uhuru Park(1°17_15_S 36°48_55_ E)--1-43.wav,CLOSE TO UHURU PARK(1°17_15_S 36°48_55_ E),3,SUV,-33.754463,17.12652,65.02461277885499,65.19749894718966,48.19
Close to Uhuru Park(1°17_15_S 36°48_55_ E)\Close to Uhuru Park(1°17_15_S 36°48_55_ E)--1-44.wav,CLOSE TO UHURU PARK(1°17_15_S 36°48_55_ E),3,SUV,-32.31641,21.037745,65.02461277885499,65.19749894718966,48.19
Close to Uhuru Park(1°17_15_S 36°48_55_ E)\Close to Uhuru Park(1°17_15_S 36°48_55_ E)--1-45.wav,CLOSE TO UHURU PARK(1°17_15_S 36°48_55_ E),3,SUV,-32.857258,20.149805,65.02461277885499,65.19749894718966,48.19
Close to Uhuru Park(1°17_15_S 36°48_55_ E)\Close to Uhuru Park(1°17_15_S 36°48_55_ E)--1-46.wav,CLOSE TO UHURU PARK(1°17_15_S 36°48_55_ E),8,bus,-34.505676,18.18633,65.02461277885499,65.19749894718966,48.19
Close to Uhuru Park(1°17_15_S 36°48_55_ E)\Close to Uhuru Park(1°17_15_S 36°48_55_ E)--1-47.wav,CLOSE TO UHURU PARK(1°17_15_S 36°48_55_ E),0,bicycle,-33.224236,17.863853,65.02461277885499,65.19749894718966,48.19
Close to Uhuru Park(1°17_15_S 36°48_55_ E)\Close to Uhuru Park(1°17_15_S 36°48_55_ E)--1-48.wav,CLOSE TO UHURU PARK(1°17_15_S 36°48_55_ E),3,SUV,-34.319965,18.650686,65.02461277885499,65.19749894718966,48.19
Close to Uhuru Park(1°17_15_S 36°48_55_ E)\Close to Uhuru Park(1°17_15_S 36°48_55_ E)--1-49.wav,CLOSE TO UHURU PARK(1°17_15_S 36°48_55_ E),3,SUV,-33.248325,18.53521,65.02461277885499,65.19749894718966,48.19
Close to Uhuru Park(1°17_15_S 36°48_55_ E)\Close to Uhuru Park(1°17_15_S 36°48_55_ E)--1-411.wav,CLOSE TO UHURU PARK(1°17_15_S 36°48_55_ E),3,SUV,-33.529957,18.42505,65.02461277885499,65.19749894718966,48.19
Davis&Shirtliff Kangundo Rd(1°15_28_S36°55_14_E)\Davis&Shirtliff Kangundo Rd(1°15_28_S36°55_14_E)--1-0.wav,DAVIS&SHIRTLIFF KANGUNDO RD(1°15_28_S36°55_14_E),3,SUV,-31.984272,16.844158,64.43238568113546,64.53714810649012,29.43
Davis&Shirtliff Kangundo Rd(1°15_28_S36°55_14_E)\Davis&Shirtliff Kangundo Rd(1°15_28_S36°55_14_E)--1-1.wav,DAVIS&SHIRTLIFF KANGUNDO RD(1°15_28_S36°55_14_E),3,SUV,-29.644617,18.977968,64.43238568113546,64.53714810649012,29.43
Davis&Shirtliff Kangundo Rd(1°15_28_S36°55_14_E)\Davis&Shirtliff Kangundo Rd(1°15_28_S36°55_14_E)--1-2.wav,DAVIS&SHIRTLIFF KANGUNDO RD(1°15_28_S36°55_14_E),1,motorcycle,-31.975714,17.558985,64.43238568113546,64.53714810649012,29.43
Davis&Shirtliff Kangundo Rd(1°15_28_S36°55_14_E)\Davis&Shirtliff Kangundo Rd(1°15_28_S36°55_14_E)--1-3.wav,DAVIS&SHIRTLIFF KANGUNDO RD(1°15_28_S36°55_14_E),9,PSV,-33.1545,19.004932,64.43238568113546,64.53714810649012,29.43
Davis&Shirtliff Kangundo Rd(1°15_28_S36°55_14_E)\Davis&Shirtliff Kangundo Rd(1°15_28_S36°55_14_E)--1-4.wav,DAVIS&SHIRTLIFF KANGUNDO RD(1°15_28_S36°55_14_E),9,PSV,-33.339268,18.601627,64.43238568113546,64.53714810649012,29.43
Davis&Shirtliff Kangundo Rd(1°15_28_S36°55_14_E)\Davis&Shirtliff Kangundo Rd(1°15_28_S36°55_14_E)--1-5.wav,DAVIS&SHIRTLIFF KANGUNDO RD(1°15_28_S36°55_14_E),1,motorcycle,-32.174763,19.515017,64.43238568113546,64.53714810649012,29.43
Davis&Shirtliff Kangundo Rd(1°15_28_S36°55_14_E)\Davis&Shirtliff Kangundo Rd(1°15_28_S36°55_14_E)--1-6.wav,DAVIS&SHIRTLIFF KANGUNDO RD(1°15_28_S36°55_14_E),3,SUV,-34.01554,18.962769,64.43238568113546,64.53714810649012,29.43
Davis&Shirtliff Kangundo Rd(1°15_28_S36°55_14_E)\Davis&Shirtliff Kangundo Rd(1°15_28_S36°55_14_E)--1-7.wav,DAVIS&SHIRTLIFF KANGUNDO RD(1°15_28_S36°55_14_E),0,bicycle,-28.459534,18.18123,64.43238568113546,64.53714810649012,29.43
Davis&Shirtliff Kangundo Rd(1°15_28_S36°55_14_E)\Davis&Shirtliff Kangundo Rd(1°15_28_S36°55_14_E)--1-8.wav,DAVIS&SHIRTLIFF KANGUNDO RD(1°15_28_S36°55_14_E),3,SUV,-29.17423,16.775097,64.43238568113546,64.53714810649012,29.43
Davis&Shirtliff Kangundo Rd(1°15_28_S36°55_14_E)\Davis&Shirtliff Kangundo Rd(1°15_28_S36°55_14_E)--1-9.wav,DAVIS&SHIRTLIFF KANGUNDO RD(1°15_28_S36°55_14_E),3,SUV,-34.50309,18.03492,64.43238568113546,64.53714810649012,29.43
Davis&Shirtliff Kangundo Rd(1°15_28_S36°55_14_E)\Davis&Shirtliff Kangundo Rd(1°15_28_S36°55_14_E)--1-10.wav,DAVIS&SHIRTLIFF KANGUNDO RD(1°15_28_S36°55_14_E),1,motorcycle,-32.64077,18.239185,64.43238568113546,64.53714810649012,29.43
Davis&Shirtliff Kangundo Rd(1°15_28_S36°55_14_E)\Davis&Shirtliff Kangundo Rd(1°15_28_S36°55_14_E)--1-11.wav,DAVIS&SHIRTLIFF KANGUNDO RD(1°15_28_S36°55_14_E),1,motorcycle,-32.893482,18.35173,64.43238568113546,64.53714810649012,29.43
Davis&Shirtliff Kangundo Rd(1°15_28_S36°55_14_E)\Davis&Shirtliff Kangundo Rd(1°15_28_S36°55_14_E)--1-12.wav,DAVIS&SHIRTLIFF KANGUNDO RD(1°15_28_S36°55_14_E),3,SUV,-30.718771,18.465282,64.43238568113546,64.53714810649012,29.43
Davis&Shirtliff Kangundo Rd(1°15_28_S36°55_14_E)\Davis&Shirtliff Kangundo Rd(1°15_28_S36°55_14_E)--1-13.wav,DAVIS&SHIRTLIFF KANGUNDO RD(1°15_28_S36°55_14_E),9,PSV,-34.333458,17.31984,64.43238568113546,64.53714810649012,29.43
Davis&Shirtliff Kangundo Rd(1°15_28_S36°55_14_E)\Davis&Shirtliff Kangundo Rd(1°15_28_S36°55_14_E)--1-14.wav,DAVIS&SHIRTLIFF KANGUNDO RD(1°15_28_S36°55_14_E),9,PSV,-31.132671,16.779299,64.43238568113546,64.53714810649012,29.43
Davis&Shirtliff Kangundo Rd(1°15_28_S36°55_14_E)\Davis&Shirtliff Kangundo Rd(1°15_28_S36°55_14_E)--1-15.wav,DAVIS&SHIRTLIFF KANGUNDO RD(1°15_28_S36°55_14_E),3,SUV,-25.196009,16.505848,64.43238568113546,64.53714810649012,29.43
Davis&Shirtliff Kangundo Rd(1°15_28_S36°55_14_E)\Davis&Shirtliff Kangundo Rd(1°15_28_S36°55_14_E)--1-16.wav,DAVIS&SHIRTLIFF KANGUNDO RD(1°15_28_S36°55_14_E),3,SUV,-22.898197,19.125698,64.43238568113546,64.53714810649012,29.43
Davis&Shirtliff Kangundo Rd(1°15_28_S36°55_14_E)\Davis&Shirtliff Kangundo Rd(1°15_28_S36°55_14_E)--1-17.wav,DAVIS&SHIRTLIFF KANGUNDO RD(1°15_28_S36°55_14_E),3,SUV,-26.15929,16.591328,64.43238568113546,64.53714810649012,29.43
Davis&Shirtliff Kangundo Rd(1°15_28_S36°55_14_E)\Davis&Shirtliff Kangundo Rd(1°15_28_S36°55_14_E)--1-18.wav,DAVIS&SHIRTLIFF KANGUNDO RD(1°15_28_S36°55_14_E),10,other,-29.083841,17.20321,64.43238568113546,64.53714810649012,29.43
Davis&Shirtliff Kangundo Rd(1°15_28_S36°55_14_E)\Davis&Shirtliff Kangundo Rd(1°15_28_S36°55_14_E)--1-19.wav,DAVIS&SHIRTLIFF KANGUNDO RD(1°15_28_S36°55_14_E),10,other,-27.689081,16.186155,64.43238568113546,64.53714810649012,29.43
Davis&Shirtliff Kangundo Rd(1°15_28_S36°55_14_E)\Davis&Shirtliff Kangundo Rd(1°15_28_S36°55_14_E)--1-20.wav,DAVIS&SHIRTLIFF KANGUNDO RD(1°15_28_S36°55_14_E),9,PSV,-27.663458,19.192907,64.43238568113546,64.53714810649012,29.43
Davis&Shirtliff Kangundo Rd(1°15_28_S36°55_14_E)\Davis&Shirtliff Kangundo Rd(1°15_28_S36°55_14_E)--1-21.wav,DAVIS&SHIRTLIFF KANGUNDO RD(1°15_28_S36°55_14_E),10,other,-32.648396,17.416954,64.43238568113546,64.53714810649012,29.43
Davis&Shirtliff Kangundo Rd(1°15_28_S36°55_14_E)\Davis&Shirtliff Kangundo Rd(1°15_28_S36°55_14_E)--1-22.wav,DAVIS&SHIRTLIFF KANGUNDO RD(1°15_28_S36°55_14_E),10,other,-32.34652,18.973751,64.43238568113546,64.53714810649012,29.43
Davis&Shirtliff Kangundo Rd(1°15_28_S36°55_14_E)\Davis&Shirtliff Kangundo Rd(1°15_28_S36°55_14_E)--1-23.wav,DAVIS&SHIRTLIFF KANGUNDO RD(1°15_28_S36°55_14_E),9,PSV,-29.323639,18.544056,64.43238568113546,64.53714810649012,29.43
Davis&Shirtliff Kangundo Rd(1°15_28_S36°55_14_E)\Davis&Shirtliff Kangundo Rd(1°15_28_S36°55_14_E)--1-24.wav,DAVIS&SHIRTLIFF KANGUNDO RD(1°15_28_S36°55_14_E),9,PSV,-29.57077,17.153357,64.43238568113546,64.53714810649012,29.43
Davis&Shirtliff Kangundo Rd(1°15_28_S36°55_14_E)\Davis&Shirtliff Kangundo Rd(1°15_28_S36°55_14_E)--1-25.wav,DAVIS&SHIRTLIFF KANGUNDO RD(1°15_28_S36°55_14_E),3,SUV,-33.910877,19.130049,64.43238568113546,64.53714810649012,29.43
Davis&Shirtliff Kangundo Rd(1°15_28_S36°55_14_E)\Davis&Shirtliff Kangundo Rd(1°15_28_S36°55_14_E)--1-26.wav,DAVIS&SHIRTLIFF KANGUNDO RD(1°15_28_S36°55_14_E),3,SUV,-32.80541,18.591,64.43238568113546,64.53714810649012,29.43
Davis&Shirtliff Kangundo Rd(1°15_28_S36°55_14_E)\Davis&Shirtliff Kangundo Rd(1°15_28_S36°55_14_E)--1-27.wav,DAVIS&SHIRTLIFF KANGUNDO RD(1°15_28_S36°55_14_E),3,SUV,-28.7508,18.065287,64.43238568113546,64.53714810649012,29.43
Davis&Shirtliff Kangundo Rd(1°15_28_S36°55_14_E)\Davis&Shirtliff Kangundo Rd(1°15_28_S36°55_14_E)--1-28.wav,DAVIS&SHIRTLIFF KANGUNDO RD(1°15_28_S36°55_14_E),3,SUV,-35.300697,17.348295,64.43238568113546,64.53714810649012,29.43
Davis&Shirtliff Kangundo Rd(1°15_28_S36°55_14_E)\Davis&Shirtliff Kangundo Rd(1°15_28_S36°55_14_E)--1-29.wav,DAVIS&SHIRTLIFF KANGUNDO RD(1°15_28_S36°55_14_E),1,motorcycle,-33.254524,23.088446,64.43238568113546,64.53714810649012,29.43
Davis&Shirtliff Kangundo Rd(1°15_28_S36°55_14_E)\Davis&Shirtliff Kangundo Rd(1°15_28_S36°55_14_E)--1-30.wav,DAVIS&SHIRTLIFF KANGUNDO RD(1°15_28_S36°55_14_E),1,motorcycle,-30.83662,18.34888,64.43238568113546,64.53714810649012,29.43
Davis&Shirtliff Kangundo Rd(1°15_28_S36°55_14_E)\Davis&Shirtliff Kangundo Rd(1°15_28_S36°55_14_E)--1-31.wav,DAVIS&SHIRTLIFF KANGUNDO RD(1°15_28_S36°55_14_E),1,motorcycle,-31.384075,19.06065,64.43238568113546,64.53714810649012,29.43
Davis&Shirtliff Kangundo Rd(1°15_28_S36°55_14_E)\Davis&Shirtliff Kangundo Rd(1°15_28_S36°55_14_E)--1-32.wav,DAVIS&SHIRTLIFF KANGUNDO RD(1°15_28_S36°55_14_E),3,SUV,-27.69967,17.598028,64.43238568113546,64.53714810649012,29.43
Davis&Shirtliff Kangundo Rd(1°15_28_S36°55_14_E)\Davis&Shirtliff Kangundo Rd(1°15_28_S36°55_14_E)--1-33.wav,DAVIS&SHIRTLIFF KANGUNDO RD(1°15_28_S36°55_14_E),0,bicycle,-26.062647,18.185524,64.43238568113546,64.53714810649012,29.43
Davis&Shirtliff Kangundo Rd(1°15_28_S36°55_14_E)\Davis&Shirtliff Kangundo Rd(1°15_28_S36°55_14_E)--1-34.wav,DAVIS&SHIRTLIFF KANGUNDO RD(1°15_28_S36°55_14_E),0,bicycle,-25.888794,18.42711,64.43238568113546,64.53714810649012,29.43
Davis&Shirtliff Kangundo Rd(1°15_28_S36°55_14_E)\Davis&Shirtliff Kangundo Rd(1°15_28_S36°55_14_E)--1-35.wav,DAVIS&SHIRTLIFF KANGUNDO RD(1°15_28_S36°55_14_E),0,bicycle,-28.173492,18.35809,64.43238568113546,64.53714810649012,29.43
Davis&Shirtliff Kangundo Rd(1°15_28_S36°55_14_E)\Davis&Shirtliff Kangundo Rd(1°15_28_S36°55_14_E)--1-36.wav,DAVIS&SHIRTLIFF KANGUNDO RD(1°15_28_S36°55_14_E),9,PSV,-29.469141,19.214571,64.43238568113546,64.53714810649012,29.43
Davis&Shirtliff Kangundo Rd(1°15_28_S36°55_14_E)\Davis&Shirtliff Kangundo Rd(1°15_28_S36°55_14_E)--1-37.wav,DAVIS&SHIRTLIFF KANGUNDO RD(1°15_28_S36°55_14_E),3,SUV,-31.571661,18.29341,64.43238568113546,64.53714810649012,29.43
Davis&Shirtliff Kangundo Rd(1°15_28_S36°55_14_E)\Davis&Shirtliff Kangundo Rd(1°15_28_S36°55_14_E)--1-38.wav,DAVIS&SHIRTLIFF KANGUNDO RD(1°15_28_S36°55_14_E),1,motorcycle,-29.348309,18.57143,64.43238568113546,64.53714810649012,29.43
Davis&Shirtliff Kangundo Rd(1°15_28_S36°55_14_E)\Davis&Shirtliff Kangundo Rd(1°15_28_S36°55_14_E)--1-39.wav,DAVIS&SHIRTLIFF KANGUNDO RD(1°15_28_S36°55_14_E),3,SUV,-28.604578,18.719196,64.43238568113546,64.53714810649012,29.43
Davis&Shirtliff Kangundo Rd(1°15_28_S36°55_14_E)\Davis&Shirtliff Kangundo Rd(1°15_28_S36°55_14_E)--1-40.wav,DAVIS&SHIRTLIFF KANGUNDO RD(1°15_28_S36°55_14_E),3,SUV,-27.613592,17.136961,64.43238568113546,64.53714810649012,29.43
Davis&Shirtliff Kangundo Rd(1°15_28_S36°55_14_E)\Davis&Shirtliff Kangundo Rd(1°15_28_S36°55_14_E)--1-41.wav,DAVIS&SHIRTLIFF KANGUNDO RD(1°15_28_S36°55_14_E),3,SUV,-31.224262,18.30215,64.43238568113546,64.53714810649012,29.43
Davis&Shirtliff Kangundo Rd(1°15_28_S36°55_14_E)\Davis&Shirtliff Kangundo Rd(1°15_28_S36°55_14_E)--1-42.wav,DAVIS&SHIRTLIFF KANGUNDO RD(1°15_28_S36°55_14_E),9,PSV,-33.61242,20.702902,64.43238568113546,64.53714810649012,29.43
Davis&Shirtliff Kangundo Rd(1°15_28_S36°55_14_E)\Davis&Shirtliff Kangundo Rd(1°15_28_S36°55_14_E)--1-43.wav,DAVIS&SHIRTLIFF KANGUNDO RD(1°15_28_S36°55_14_E),9,PSV,-31.245716,19.76122,64.43238568113546,64.53714810649012,29.43
Davis&Shirtliff Kangundo Rd(1°15_28_S36°55_14_E)\Davis&Shirtliff Kangundo Rd(1°15_28_S36°55_14_E)--1-44.wav,DAVIS&SHIRTLIFF KANGUNDO RD(1°15_28_S36°55_14_E),3,SUV,-32.194813,19.484344,64.43238568113546,64.53714810649012,29.43
Davis&Shirtliff Kangundo Rd(1°15_28_S36°55_14_E)\Davis&Shirtliff Kangundo Rd(1°15_28_S36°55_14_E)--1-45.wav,DAVIS&SHIRTLIFF KANGUNDO RD(1°15_28_S36°55_14_E),3,SUV,-31.660366,19.862429,64.43238568113546,64.53714810649012,29.43
Davis&Shirtliff Kangundo Rd(1°15_28_S36°55_14_E)\Davis&Shirtliff Kangundo Rd(1°15_28_S36°55_14_E)--1-46.wav,DAVIS&SHIRTLIFF KANGUNDO RD(1°15_28_S36°55_14_E),3,SUV,-34.759106,19.570389,64.43238568113546,64.53714810649012,29.43
Davis&Shirtliff Kangundo Rd(1°15_28_S36°55_14_E)\Davis&Shirtliff Kangundo Rd(1°15_28_S36°55_14_E)--1-47.wav,DAVIS&SHIRTLIFF KANGUNDO RD(1°15_28_S36°55_14_E),3,SUV,-35.119637,17.019457,64.43238568113546,64.53714810649012,29.43
Davis&Shirtliff Kangundo Rd(1°15_28_S36°55_14_E)\Davis&Shirtliff Kangundo Rd(1°15_28_S36°55_14_E)--1-48.wav,DAVIS&SHIRTLIFF KANGUNDO RD(1°15_28_S36°55_14_E),3,SUV,-35.93882,19.232262,64.43238568113546,64.53714810649012,29.43
Davis&Shirtliff Kangundo Rd(1°15_28_S36°55_14_E)\Davis&Shirtliff Kangundo Rd(1°15_28_S36°55_14_E)--1-49.wav,DAVIS&SHIRTLIFF KANGUNDO RD(1°15_28_S36°55_14_E),3,SUV,-32.86412,18.185987,64.43238568113546,64.53714810649012,29.43
Davis&Shirtliff Kangundo Rd(1°15_28_S36°55_14_E)\Davis&Shirtliff Kangundo Rd(1°15_28_S36°55_14_E)--1-462.wav,DAVIS&SHIRTLIFF KANGUNDO RD(1°15_28_S36°55_14_E),3,SUV,-32.297173,17.934914,64.43238568113546,64.53714810649012,29.43
ICD Road(1°20_6_ S 36°51_38_E)\ICD Road(1°20_6_ S 36°51_38_E)--1-0.wav,ICD ROAD(1°20_6_ S 36°51_38_E),3,SUV,-39.834248,16.785313,66.90046044261456,67.15391303102552,70.0
ICD Road(1°20_6_ S 36°51_38_E)\ICD Road(1°20_6_ S 36°51_38_E)--1-1.wav,ICD ROAD(1°20_6_ S 36°51_38_E),3,SUV,-35.418007,19.266275,66.90046044261456,67.15391303102552,70.0
ICD Road(1°20_6_ S 36°51_38_E)\ICD Road(1°20_6_ S 36°51_38_E)--1-2.wav,ICD ROAD(1°20_6_ S 36°51_38_E),3,SUV,-35.64021,20.22199,66.90046044261456,67.15391303102552,70.0
ICD Road(1°20_6_ S 36°51_38_E)\ICD Road(1°20_6_ S 36°51_38_E)--1-3.wav,ICD ROAD(1°20_6_ S 36°51_38_E),3,SUV,-38.37737,19.631273,66.90046044261456,67.15391303102552,70.0
ICD Road(1°20_6_ S 36°51_38_E)\ICD Road(1°20_6_ S 36°51_38_E)--1-4.wav,ICD ROAD(1°20_6_ S 36°51_38_E),3,SUV,-34.561028,19.344791,66.90046044261456,67.15391303102552,70.0
ICD Road(1°20_6_ S 36°51_38_E)\ICD Road(1°20_6_ S 36°51_38_E)--1-5.wav,ICD ROAD(1°20_6_ S 36°51_38_E),3,SUV,-37.11025,16.480885,66.90046044261456,67.15391303102552,70.0
ICD Road(1°20_6_ S 36°51_38_E)\ICD Road(1°20_6_ S 36°51_38_E)--1-6.wav,ICD ROAD(1°20_6_ S 36°51_38_E),1,motorcycle,-35.999752,18.330313,66.90046044261456,67.15391303102552,70.0
ICD Road(1°20_6_ S 36°51_38_E)\ICD Road(1°20_6_ S 36°51_38_E)--1-7.wav,ICD ROAD(1°20_6_ S 36°51_38_E),1,motorcycle,-38.649345,18.164328,66.90046044261456,67.15391303102552,70.0
ICD Road(1°20_6_ S 36°51_38_E)\ICD Road(1°20_6_ S 36°51_38_E)--1-8.wav,ICD ROAD(1°20_6_ S 36°51_38_E),3,SUV,-36.7467,15.479995,66.90046044261456,67.15391303102552,70.0
ICD Road(1°20_6_ S 36°51_38_E)\ICD Road(1°20_6_ S 36°51_38_E)--1-9.wav,ICD ROAD(1°20_6_ S 36°51_38_E),3,SUV,-34.045776,17.079462,66.90046044261456,67.15391303102552,70.0
ICD Road(1°20_6_ S 36°51_38_E)\ICD Road(1°20_6_ S 36°51_38_E)--1-10.wav,ICD ROAD(1°20_6_ S 36°51_38_E),3,SUV,-33.80557,16.454884,66.90046044261456,67.15391303102552,70.0
ICD Road(1°20_6_ S 36°51_38_E)\ICD Road(1°20_6_ S 36°51_38_E)--1-11.wav,ICD ROAD(1°20_6_ S 36°51_38_E),3,SUV,-36.671314,15.909513,66.90046044261456,67.15391303102552,70.0
ICD Road(1°20_6_ S 36°51_38_E)\ICD Road(1°20_6_ S 36°51_38_E)--1-12.wav,ICD ROAD(1°20_6_ S 36°51_38_E),3,SUV,-37.642372,17.539328,66.90046044261456,67.15391303102552,70.0
ICD Road(1°20_6_ S 36°51_38_E)\ICD Road(1°20_6_ S 36°51_38_E)--1-13.wav,ICD ROAD(1°20_6_ S 36°51_38_E),3,SUV,-42.342747,16.729425,66.90046044261456,67.15391303102552,70.0
ICD Road(1°20_6_ S 36°51_38_E)\ICD Road(1°20_6_ S 36°51_38_E)--1-14.wav,ICD ROAD(1°20_6_ S 36°51_38_E),1,motorcycle,-39.385273,19.687496,66.90046044261456,67.15391303102552,70.0
ICD Road(1°20_6_ S 36°51_38_E)\ICD Road(1°20_6_ S 36°51_38_E)--1-15.wav,ICD ROAD(1°20_6_ S 36°51_38_E),3,SUV,-37.142475,16.745932,66.90046044261456,67.15391303102552,70.0
ICD Road(1°20_6_ S 36°51_38_E)\ICD Road(1°20_6_ S 36°51_38_E)--1-16.wav,ICD ROAD(1°20_6_ S 36°51_38_E),3,SUV,-34.83782,19.022963,66.90046044261456,67.15391303102552,70.0
ICD Road(1°20_6_ S 36°51_38_E)\ICD Road(1°20_6_ S 36°51_38_E)--1-17.wav,ICD ROAD(1°20_6_ S 36°51_38_E),3,SUV,-34.78994,18.254255,66.90046044261456,67.15391303102552,70.0
ICD Road(1°20_6_ S 36°51_38_E)\ICD Road(1°20_6_ S 36°51_38_E)--1-18.wav,ICD ROAD(1°20_6_ S 36°51_38_E),9,PSV,-28.388636,18.678734,66.90046044261456,67.15391303102552,70.0
ICD Road(1°20_6_ S 36°51_38_E)\ICD Road(1°20_6_ S 36°51_38_E)--1-19.wav,ICD ROAD(1°20_6_ S 36°51_38_E),1,motorcycle,-32.42386,20.38929,66.90046044261456,67.15391303102552,70.0
ICD Road(1°20_6_ S 36°51_38_E)\ICD Road(1°20_6_ S 36°51_38_E)--1-20.wav,ICD ROAD(1°20_6_ S 36°51_38_E),3,SUV,-34.38285,16.103418,66.90046044261456,67.15391303102552,70.0
ICD Road(1°20_6_ S 36°51_38_E)\ICD Road(1°20_6_ S 36°51_38_E)--1-21.wav,ICD ROAD(1°20_6_ S 36°51_38_E),3,SUV,-33.705517,16.537878,66.90046044261456,67.15391303102552,70.0
ICD Road(1°20_6_ S 36°51_38_E)\ICD Road(1°20_6_ S 36°51_38_E)--1-22.wav,ICD ROAD(1°20_6_ S 36°51_38_E),3,SUV,-35.199715,15.695796,66.90046044261456,67.15391303102552,70.0
ICD Road(1°20_6_ S 36°51_38_E)\ICD Road(1°20_6_ S 36°51_38_E)--1-23.wav,ICD ROAD(1°20_6_ S 36°51_38_E),3,SUV,-35.381336,17.442348,66.90046044261456,67.15391303102552,70.0
ICD Road(1°20_6_ S 36°51_38_E)\ICD Road(1°20_6_ S 36°51_38_E)--1-24.wav,ICD ROAD(1°20_6_ S 36°51_38_E),3,SUV,-38.320637,16.816162,66.90046044261456,67.15391303102552,70.0
ICD Road(1°20_6_ S 36°51_38_E)\ICD Road(1°20_6_ S 36°51_38_E)--1-25.wav,ICD ROAD(1°20_6_ S 36°51_38_E),3,SUV,-37.5236,18.46689,66.90046044261456,67.15391303102552,70.0
ICD Road(1°20_6_ S 36°51_38_E)\ICD Road(1°20_6_ S 36°51_38_E)--1-26.wav,ICD ROAD(1°20_6_ S 36°51_38_E),3,SUV,-37.40777,16.357931,66.90046044261456,67.15391303102552,70.0
ICD Road(1°20_6_ S 36°51_38_E)\ICD Road(1°20_6_ S 36°51_38_E)--1-27.wav,ICD ROAD(1°20_6_ S 36°51_38_E),3,SUV,-36.180313,15.977108,66.90046044261456,67.15391303102552,70.0
ICD Road(1°20_6_ S 36°51_38_E)\ICD Road(1°20_6_ S 36°51_38_E)--1-28.wav,ICD ROAD(1°20_6_ S 36°51_38_E),3,SUV,-37.379112,15.461285,66.90046044261456,67.15391303102552,70.0
ICD Road(1°20_6_ S 36°51_38_E)\ICD Road(1°20_6_ S 36°51_38_E)--1-29.wav,ICD ROAD(1°20_6_ S 36°51_38_E),3,SUV,-36.214836,18.047281,66.90046044261456,67.15391303102552,70.0
ICD Road(1°20_6_ S 36°51_38_E)\ICD Road(1°20_6_ S 36°51_38_E)--1-30.wav,ICD ROAD(1°20_6_ S 36°51_38_E),3,SUV,-34.44124,18.425272,66.90046044261456,67.15391303102552,70.0
ICD Road(1°20_6_ S 36°51_38_E)\ICD Road(1°20_6_ S 36°51_38_E)--1-31.wav,ICD ROAD(1°20_6_ S 36°51_38_E),9,PSV,-36.542473,17.891977,66.90046044261456,67.15391303102552,70.0
ICD Road(1°20_6_ S 36°51_38_E)\ICD Road(1°20_6_ S 36°51_38_E)--1-32.wav,ICD ROAD(1°20_6_ S 36°51_38_E),3,SUV,-35.271095,18.623926,66.90046044261456,67.15391303102552,70.0
ICD Road(1°20_6_ S 36°51_38_E)\ICD Road(1°20_6_ S 36°51_38_E)--1-33.wav,ICD ROAD(1°20_6_ S 36°51_38_E),3,SUV,-40.366158,16.118843,66.90046044261456,67.15391303102552,70.0
ICD Road(1°20_6_ S 36°51_38_E)\ICD Road(1°20_6_ S 36°51_38_E)--1-34.wav,ICD ROAD(1°20_6_ S 36°51_38_E),9,PSV,-37.684715,18.694996,66.90046044261456,67.15391303102552,70.0
ICD Road(1°20_6_ S 36°51_38_E)\ICD Road(1°20_6_ S 36°51_38_E)--1-35.wav,ICD ROAD(1°20_6_ S 36°51_38_E),1,motorcycle,-37.574867,17.837727,66.90046044261456,67.15391303102552,70.0
ICD Road(1°20_6_ S 36°51_38_E)\ICD Road(1°20_6_ S 36°51_38_E)--1-36.wav,ICD ROAD(1°20_6_ S 36°51_38_E),3,SUV,-37.969982,16.262175,66.90046044261456,67.15391303102552,70.0
ICD Road(1°20_6_ S 36°51_38_E)\ICD Road(1°20_6_ S 36°51_38_E)--1-37.wav,ICD ROAD(1°20_6_ S 36°51_38_E),3,SUV,-31.127823,23.249723,66.90046044261456,67.15391303102552,70.0
ICD Road(1°20_6_ S 36°51_38_E)\ICD Road(1°20_6_ S 36°51_38_E)--1-38.wav,ICD ROAD(1°20_6_ S 36°51_38_E),1,motorcycle,-29.709076,19.726887,66.90046044261456,67.15391303102552,70.0
ICD Road(1°20_6_ S 36°51_38_E)\ICD Road(1°20_6_ S 36°51_38_E)--1-39.wav,ICD ROAD(1°20_6_ S 36°51_38_E),3,SUV,-31.212086,21.86344,66.90046044261456,67.15391303102552,70.0
ICD Road(1°20_6_ S 36°51_38_E)\ICD Road(1°20_6_ S 36°51_38_E)--1-40.wav,ICD ROAD(1°20_6_ S 36°51_38_E),1,motorcycle,-35.564674,18.050457,66.90046044261456,67.15391303102552,70.0
ICD Road(1°20_6_ S 36°51_38_E)\ICD Road(1°20_6_ S 36°51_38_E)--1-41.wav,ICD ROAD(1°20_6_ S 36°51_38_E),9,PSV,-35.26739,17.728125,66.90046044261456,67.15391303102552,70.0
ICD Road(1°20_6_ S 36°51_38_E)\ICD Road(1°20_6_ S 36°51_38_E)--1-42.wav,ICD ROAD(1°20_6_ S 36°51_38_E),3,SUV,-36.142845,15.459257,66.90046044261456,67.15391303102552,70.0
ICD Road(1°20_6_ S 36°51_38_E)\ICD Road(1°20_6_ S 36°51_38_E)--1-43.wav,ICD ROAD(1°20_6_ S 36°51_38_E),3,SUV,-34.508038,16.455256,66.90046044261456,67.15391303102552,70.0
ICD Road(1°20_6_ S 36°51_38_E)\ICD Road(1°20_6_ S 36°51_38_E)--1-44.wav,ICD ROAD(1°20_6_ S 36°51_38_E),3,SUV,-34.29537,18.958267,66.90046044261456,67.15391303102552,70.0
ICD Road(1°20_6_ S 36°51_38_E)\ICD Road(1°20_6_ S 36°51_38_E)--1-45.wav,ICD ROAD(1°20_6_ S 36°51_38_E),3,SUV,-30.353252,19.164984,66.90046044261456,67.15391303102552,70.0
ICD Road(1°20_6_ S 36°51_38_E)\ICD Road(1°20_6_ S 36°51_38_E)--1-46.wav,ICD ROAD(1°20_6_ S 36°51_38_E),3,SUV,-30.222218,17.112402,66.90046044261456,67.15391303102552,70.0
ICD Road(1°20_6_ S 36°51_38_E)\ICD Road(1°20_6_ S 36°51_38_E)--1-47.wav,ICD ROAD(1°20_6_ S 36°51_38_E),1,motorcycle,-36.11651,18.104013,66.90046044261456,67.15391303102552,70.0
ICD Road(1°20_6_ S 36°51_38_E)\ICD Road(1°20_6_ S 36°51_38_E)--1-48.wav,ICD ROAD(1°20_6_ S 36°51_38_E),1,motorcycle,-32.853493,20.18163,66.90046044261456,67.15391303102552,70.0
ICD Road(1°20_6_ S 36°51_38_E)\ICD Road(1°20_6_ S 36°51_38_E)--1-49.wav,ICD ROAD(1°20_6_ S 36°51_38_E),3,SUV,-38.724598,16.04545,66.90046044261456,67.15391303102552,70.0
ICD Road(1°20_6_ S 36°51_38_E)\ICD Road(1°20_6_ S 36°51_38_E)--1-50.wav,ICD ROAD(1°20_6_ S 36°51_38_E),9,PSV,-36.612278,16.7117,66.90046044261456,67.15391303102552,70.0
ICD Road(1°20_6_ S 36°51_38_E)\ICD Road(1°20_6_ S 36°51_38_E)--1-514.wav,ICD ROAD(1°20_6_ S 36°51_38_E),9,PSV,-38.50527,15.402711,66.90046044261456,67.15391303102552,70.0
Imaara Mall (1° 19_ 41_S 36°52_49_E)\Imaara Mall (1° 19_ 41_S 36°52_49_E)--1-0.wav,IMAARA MALL (1° 19_ 41_S 36°52_49_E),9,PSV,-35.027122,18.730911,68.42471046746854,68.62811789875617,56.5
Imaara Mall (1° 19_ 41_S 36°52_49_E)\Imaara Mall (1° 19_ 41_S 36°52_49_E)--1-1.wav,IMAARA MALL (1° 19_ 41_S 36°52_49_E),9,PSV,-34.125713,19.5302,68.42471046746854,68.62811789875617,56.5
Imaara Mall (1° 19_ 41_S 36°52_49_E)\Imaara Mall (1° 19_ 41_S 36°52_49_E)--1-2.wav,IMAARA MALL (1° 19_ 41_S 36°52_49_E),3,SUV,-35.461357,20.018755,68.42471046746854,68.62811789875617,56.5
Imaara Mall (1° 19_ 41_S 36°52_49_E)\Imaara Mall (1° 19_ 41_S 36°52_49_E)--1-3.wav,IMAARA MALL (1° 19_ 41_S 36°52_49_E),9,PSV,-32.478786,17.300095,68.42471046746854,68.62811789875617,56.5
Imaara Mall (1° 19_ 41_S 36°52_49_E)\Imaara Mall (1° 19_ 41_S 36°52_49_E)--1-4.wav,IMAARA MALL (1° 19_ 41_S 36°52_49_E),9,PSV,-34.077675,19.748894,68.42471046746854,68.62811789875617,56.5
Imaara Mall (1° 19_ 41_S 36°52_49_E)\Imaara Mall (1° 19_ 41_S 36°52_49_E)--1-5.wav,IMAARA MALL (1° 19_ 41_S 36°52_49_E),10,other,-34.114296,19.711006,68.42471046746854,68.62811789875617,56.5
Imaara Mall (1° 19_ 41_S 36°52_49_E)\Imaara Mall (1° 19_ 41_S 36°52_49_E)--1-6.wav,IMAARA MALL (1° 19_ 41_S 36°52_49_E),10,other,-32.73221,19.315588,68.42471046746854,68.62811789875617,56.5
Imaara Mall (1° 19_ 41_S 36°52_49_E)\Imaara Mall (1° 19_ 41_S 36°52_49_E)--1-7.wav,IMAARA MALL (1° 19_ 41_S 36°52_49_E),1,motorcycle,-34.29136,19.11734,68.42471046746854,68.62811789875617,56.5
Imaara Mall (1° 19_ 41_S 36°52_49_E)\Imaara Mall (1° 19_ 41_S 36°52_49_E)--1-8.wav,IMAARA MALL (1° 19_ 41_S 36°52_49_E),9,PSV,-31.975351,18.98332,68.42471046746854,68.62811789875617,56.5
Imaara Mall (1° 19_ 41_S 36°52_49_E)\Imaara Mall (1° 19_ 41_S 36°52_49_E)--1-9.wav,IMAARA MALL (1° 19_ 41_S 36°52_49_E),3,SUV,-33.487976,17.279797,68.42471046746854,68.62811789875617,56.5
Imaara Mall (1° 19_ 41_S 36°52_49_E)\Imaara Mall (1° 19_ 41_S 36°52_49_E)--1-10.wav,IMAARA MALL (1° 19_ 41_S 36°52_49_E),3,SUV,-34.321022,19.185343,68.42471046746854,68.62811789875617,56.5
Imaara Mall (1° 19_ 41_S 36°52_49_E)\Imaara Mall (1° 19_ 41_S 36°52_49_E)--1-11.wav,IMAARA MALL (1° 19_ 41_S 36°52_49_E),9,PSV,-33.338806,18.961641,68.42471046746854,68.62811789875617,56.5
Imaara Mall (1° 19_ 41_S 36°52_49_E)\Imaara Mall (1° 19_ 41_S 36°52_49_E)--1-12.wav,IMAARA MALL (1° 19_ 41_S 36°52_49_E),9,PSV,-33.51618,20.107645,68.42471046746854,68.62811789875617,56.5
Imaara Mall (1° 19_ 41_S 36°52_49_E)\Imaara Mall (1° 19_ 41_S 36°52_49_E)--1-13.wav,IMAARA MALL (1° 19_ 41_S 36°52_49_E),9,PSV,-33.45813,19.732737,68.42471046746854,68.62811789875617,56.5
Imaara Mall (1° 19_ 41_S 36°52_49_E)\Imaara Mall (1° 19_ 41_S 36°52_49_E)--1-14.wav,IMAARA MALL (1° 19_ 41_S 36°52_49_E),1,motorcycle,-32.69524,18.208883,68.42471046746854,68.62811789875617,56.5
Imaara Mall (1° 19_ 41_S 36°52_49_E)\Imaara Mall (1° 19_ 41_S 36°52_49_E)--1-15.wav,IMAARA MALL (1° 19_ 41_S 36°52_49_E),10,other,-32.02466,18.542688,68.42471046746854,68.62811789875617,56.5
Imaara Mall (1° 19_ 41_S 36°52_49_E)\Imaara Mall (1° 19_ 41_S 36°52_49_E)--1-16.wav,IMAARA MALL (1° 19_ 41_S 36°52_49_E),10,other,-32.666992,16.282288,68.42471046746854,68.62811789875617,56.5
Imaara Mall (1° 19_ 41_S 36°52_49_E)\Imaara Mall (1° 19_ 41_S 36°52_49_E)--1-17.wav,IMAARA MALL (1° 19_ 41_S 36°52_49_E),9,PSV,-32.30293,18.399237,68.42471046746854,68.62811789875617,56.5
Imaara Mall (1° 19_ 41_S 36°52_49_E)\Imaara Mall (1° 19_ 41_S 36°52_49_E)--1-18.wav,IMAARA MALL (1° 19_ 41_S 36°52_49_E),9,PSV,-33.791588,19.600204,68.42471046746854,68.62811789875617,56.5
Imaara Mall (1° 19_ 41_S 36°52_49_E)\Imaara Mall (1° 19_ 41_S 36°52_49_E)--1-19.wav,IMAARA MALL (1° 19_ 41_S 36°52_49_E),3,SUV,-33.377872,17.602623,68.42471046746854,68.62811789875617,56.5
Imaara Mall (1° 19_ 41_S 36°52_49_E)\Imaara Mall (1° 19_ 41_S 36°52_49_E)--1-20.wav,IMAARA MALL (1° 19_ 41_S 36°52_49_E),9,PSV,-32.97588,18.420912,68.42471046746854,68.62811789875617,56.5
Imaara Mall (1° 19_ 41_S 36°52_49_E)\Imaara Mall (1° 19_ 41_S 36°52_49_E)--1-21.wav,IMAARA MALL (1° 19_ 41_S 36°52_49_E),1,motorcycle,-34.661446,19.388626,68.42471046746854,68.62811789875617,56.5
Imaara Mall (1° 19_ 41_S 36°52_49_E)\Imaara Mall (1° 19_ 41_S 36°52_49_E)--1-22.wav,IMAARA MALL (1° 19_ 41_S 36°52_49_E),10,other,-32.5679,18.635042,68.42471046746854,68.62811789875617,56.5
Imaara Mall (1° 19_ 41_S 36°52_49_E)\Imaara Mall (1° 19_ 41_S 36°52_49_E)--1-23.wav,IMAARA MALL (1° 19_ 41_S 36°52_49_E),3,SUV,-31.955622,20.803566,68.42471046746854,68.62811789875617,56.5
Imaara Mall (1° 19_ 41_S 36°52_49_E)\Imaara Mall (1° 19_ 41_S 36°52_49_E)--1-24.wav,IMAARA MALL (1° 19_ 41_S 36°52_49_E),3,SUV,-32.960976,20.189007,68.42471046746854,68.62811789875617,56.5
Imaara Mall (1° 19_ 41_S 36°52_49_E)\Imaara Mall (1° 19_ 41_S 36°52_49_E)--1-25.wav,IMAARA MALL (1° 19_ 41_S 36°52_49_E),1,motorcycle,-32.88312,19.631958,68.42471046746854,68.62811789875617,56.5
Imaara Mall (1° 19_ 41_S 36°52_49_E)\Imaara Mall (1° 19_ 41_S 36°52_49_E)--1-26.wav,IMAARA MALL (1° 19_ 41_S 36°52_49_E),9,PSV,-31.37528,19.182663,68.42471046746854,68.62811789875617,56.5
Imaara Mall (1° 19_ 41_S 36°52_49_E)\Imaara Mall (1° 19_ 41_S 36°52_49_E)--1-27.wav,IMAARA MALL (1° 19_ 41_S 36°52_49_E),9,PSV,-33.211517,18.533386,68.42471046746854,68.62811789875617,56.5
Imaara Mall (1° 19_ 41_S 36°52_49_E)\Imaara Mall (1° 19_ 41_S 36°52_49_E)--1-28.wav,IMAARA MALL (1° 19_ 41_S 36°52_49_E),9,PSV,-34.148754,19.28856,68.42471046746854,68.62811789875617,56.5
Imaara Mall (1° 19_ 41_S 36°52_49_E)\Imaara Mall (1° 19_ 41_S 36°52_49_E)--1-29.wav,IMAARA MALL (1° 19_ 41_S 36°52_49_E),3,SUV,-30.18872,19.02369,68.42471046746854,68.62811789875617,56.5
Imaara Mall (1° 19_ 41_S 36°52_49_E)\Imaara Mall (1° 19_ 41_S 36°52_49_E)--1-30.wav,IMAARA MALL (1° 19_ 41_S 36°52_49_E),9,PSV,-34.90487,18.64525,68.42471046746854,68.62811789875617,56.5
Imaara Mall (1° 19_ 41_S 36°52_49_E)\Imaara Mall (1° 19_ 41_S 36°52_49_E)--1-31.wav,IMAARA MALL (1° 19_ 41_S 36°52_49_E),1,motorcycle,-32.98726,19.263788,68.42471046746854,68.62811789875617,56.5
Imaara Mall (1° 19_ 41_S 36°52_49_E)\Imaara Mall (1° 19_ 41_S 36°52_49_E)--1-32.wav,IMAARA MALL (1° 19_ 41_S 36°52_49_E),9,PSV,-34.71813,19.78063,68.42471046746854,68.62811789875617,56.5
Imaara Mall (1° 19_ 41_S 36°52_49_E)\Imaara Mall (1° 19_ 41_S 36°52_49_E)--1-33.wav,IMAARA MALL (1° 19_ 41_S 36°52_49_E),3,SUV,-34.622486,17.960266,68.42471046746854,68.62811789875617,56.5
Imaara Mall (1° 19_ 41_S 36°52_49_E)\Imaara Mall (1° 19_ 41_S 36°52_49_E)--1-34.wav,IMAARA MALL (1° 19_ 41_S 36°52_49_E),3,SUV,-33.356934,19.005938,68.42471046746854,68.62811789875617,56.5
Imaara Mall (1° 19_ 41_S 36°52_49_E)\Imaara Mall (1° 19_ 41_S 36°52_49_E)--1-35.wav,IMAARA MALL (1° 19_ 41_S 36°52_49_E),1,motorcycle,-33.44008,18.291864,68.42471046746854,68.62811789875617,56.5
Imaara Mall (1° 19_ 41_S 36°52_49_E)\Imaara Mall (1° 19_ 41_S 36°52_49_E)--1-36.wav,IMAARA MALL (1° 19_ 41_S 36°52_49_E),10,other,-35.629356,18.94566,68.42471046746854,68.62811789875617,56.5
Imaara Mall (1° 19_ 41_S 36°52_49_E)\Imaara Mall (1° 19_ 41_S 36°52_49_E)--1-37.wav,IMAARA MALL (1° 19_ 41_S 36°52_49_E),1,motorcycle,-35.725746,19.071812,68.42471046746854,68.62811789875617,56.5
Imaara Mall (1° 19_ 41_S 36°52_49_E)\Imaara Mall (1° 19_ 41_S 36°52_49_E)--1-38.wav,IMAARA MALL (1° 19_ 41_S 36°52_49_E),1,motorcycle,-33.206566,20.43375,68.42471046746854,68.62811789875617,56.5
Imaara Mall (1° 19_ 41_S 36°52_49_E)\Imaara Mall (1° 19_ 41_S 36°52_49_E)--1-39.wav,IMAARA MALL (1° 19_ 41_S 36°52_49_E),9,PSV,-29.792492,19.502193,68.42471046746854,68.62811789875617,56.5
Imaara Mall (1° 19_ 41_S 36°52_49_E)\Imaara Mall (1° 19_ 41_S 36°52_49_E)--1-40.wav,IMAARA MALL (1° 19_ 41_S 36°52_49_E),9,PSV,-34.76718,21.43907,68.42471046746854,68.62811789875617,56.5
Imaara Mall (1° 19_ 41_S 36°52_49_E)\Imaara Mall (1° 19_ 41_S 36°52_49_E)--1-41.wav,IMAARA MALL (1° 19_ 41_S 36°52_49_E),9,PSV,-30.58374,19.364376,68.42471046746854,68.62811789875617,56.5
Imaara Mall (1° 19_ 41_S 36°52_49_E)\Imaara Mall (1° 19_ 41_S 36°52_49_E)--1-42.wav,IMAARA MALL (1° 19_ 41_S 36°52_49_E),1,motorcycle,-32.373436,19.174946,68.42471046746854,68.62811789875617,56.5
Imaara Mall (1° 19_ 41_S 36°52_49_E)\Imaara Mall (1° 19_ 41_S 36°52_49_E)--1-43.wav,IMAARA MALL (1° 19_ 41_S 36°52_49_E),9,PSV,-32.22837,19.427225,68.42471046746854,68.62811789875617,56.5
Imaara Mall (1° 19_ 41_S 36°52_49_E)\Imaara Mall (1° 19_ 41_S 36°52_49_E)--1-44.wav,IMAARA MALL (1° 19_ 41_S 36°52_49_E),1,motorcycle,-33.44098,19.519876,68.42471046746854,68.62811789875617,56.5
Imaara Mall (1° 19_ 41_S 36°52_49_E)\Imaara Mall (1° 19_ 41_S 36°52_49_E)--1-45.wav,IMAARA MALL (1° 19_ 41_S 36°52_49_E),9,PSV,-31.253002,19.608145,68.42471046746854,68.62811789875617,56.5
Imaara Mall (1° 19_ 41_S 36°52_49_E)\Imaara Mall (1° 19_ 41_S 36°52_49_E)--1-46.wav,IMAARA MALL (1° 19_ 41_S 36°52_49_E),1,motorcycle,-36.2743,19.152172,68.42471046746854,68.62811789875617,56.5
Imaara Mall (1° 19_ 41_S 36°52_49_E)\Imaara Mall (1° 19_ 41_S 36°52_49_E)--1-47.wav,IMAARA MALL (1° 19_ 41_S 36°52_49_E),9,PSV,-33.4228,19.224258,68.42471046746854,68.62811789875617,56.5
Imaara Mall (1° 19_ 41_S 36°52_49_E)\Imaara Mall (1° 19_ 41_S 36°52_49_E)--1-48.wav,IMAARA MALL (1° 19_ 41_S 36°52_49_E),9,PSV,-35.60732,20.54563,68.42471046746854,68.62811789875617,56.5
Imaara Mall (1° 19_ 41_S 36°52_49_E)\Imaara Mall (1° 19_ 41_S 36°52_49_E)--1-49.wav,IMAARA MALL (1° 19_ 41_S 36°52_49_E),9,PSV,-35.494,20.319363,68.42471046746854,68.62811789875617,56.5
Imaara Mall (1° 19_ 41_S 36°52_49_E)\Imaara Mall (1° 19_ 41_S 36°52_49_E)--1-565.wav,IMAARA MALL (1° 19_ 41_S 36°52_49_E),9,PSV,-35.378857,20.068216,68.42471046746854,68.62811789875617,56.5
Jevanjee Moi Avenue (1° 16_ 51_ S 36°49_ 13_ E)\Jevanjee Moi Avenue (1° 16_ 51_ S 36°49_ 13_ E)--1-0.wav,JEVANJEE MOI AVENUE (1° 16_ 51_ S 36°49_ 13_ E),1,motorcycle,-37.171738,19.392708,66.79841630305168,66.93093827645657,37.11
Jevanjee Moi Avenue (1° 16_ 51_ S 36°49_ 13_ E)\Jevanjee Moi Avenue (1° 16_ 51_ S 36°49_ 13_ E)--1-1.wav,JEVANJEE MOI AVENUE (1° 16_ 51_ S 36°49_ 13_ E),1,motorcycle,-36.96049,18.916336,66.79841630305168,66.93093827645657,37.11
Jevanjee Moi Avenue (1° 16_ 51_ S 36°49_ 13_ E)\Jevanjee Moi Avenue (1° 16_ 51_ S 36°49_ 13_ E)--1-2.wav,JEVANJEE MOI AVENUE (1° 16_ 51_ S 36°49_ 13_ E),3,SUV,-33.76175,19.69679,66.79841630305168,66.93093827645657,37.11
Jevanjee Moi Avenue (1° 16_ 51_ S 36°49_ 13_ E)\Jevanjee Moi Avenue (1° 16_ 51_ S 36°49_ 13_ E)--1-3.wav,JEVANJEE MOI AVENUE (1° 16_ 51_ S 36°49_ 13_ E),1,motorcycle,-32.585094,19.46878,66.79841630305168,66.93093827645657,37.11
Jevanjee Moi Avenue (1° 16_ 51_ S 36°49_ 13_ E)\Jevanjee Moi Avenue (1° 16_ 51_ S 36°49_ 13_ E)--1-4.wav,JEVANJEE MOI AVENUE (1° 16_ 51_ S 36°49_ 13_ E),9,PSV,-32.51864,19.115057,66.79841630305168,66.93093827645657,37.11
Jevanjee Moi Avenue (1° 16_ 51_ S 36°49_ 13_ E)\Jevanjee Moi Avenue (1° 16_ 51_ S 36°49_ 13_ E)--1-5.wav,JEVANJEE MOI AVENUE (1° 16_ 51_ S 36°49_ 13_ E),9,PSV,-31.597967,19.950802,66.79841630305168,66.93093827645657,37.11
Jevanjee Moi Avenue (1° 16_ 51_ S 36°49_ 13_ E)\Jevanjee Moi Avenue (1° 16_ 51_ S 36°49_ 13_ E)--1-6.wav,JEVANJEE MOI AVENUE (1° 16_ 51_ S 36°49_ 13_ E),3,SUV,-27.443985,19.316765,66.79841630305168,66.93093827645657,37.11
Jevanjee Moi Avenue (1° 16_ 51_ S 36°49_ 13_ E)\Jevanjee Moi Avenue (1° 16_ 51_ S 36°49_ 13_ E)--1-7.wav,JEVANJEE MOI AVENUE (1° 16_ 51_ S 36°49_ 13_ E),9,PSV,-28.378632,20.20836,66.79841630305168,66.93093827645657,37.11
Jevanjee Moi Avenue (1° 16_ 51_ S 36°49_ 13_ E)\Jevanjee Moi Avenue (1° 16_ 51_ S 36°49_ 13_ E)--1-8.wav,JEVANJEE MOI AVENUE (1° 16_ 51_ S 36°49_ 13_ E),1,motorcycle,-30.484564,19.457289,66.79841630305168,66.93093827645657,37.11
Jevanjee Moi Avenue (1° 16_ 51_ S 36°49_ 13_ E)\Jevanjee Moi Avenue (1° 16_ 51_ S 36°49_ 13_ E)--1-9.wav,JEVANJEE MOI AVENUE (1° 16_ 51_ S 36°49_ 13_ E),1,motorcycle,-35.184063,19.581772,66.79841630305168,66.93093827645657,37.11
Jevanjee Moi Avenue (1° 16_ 51_ S 36°49_ 13_ E)\Jevanjee Moi Avenue (1° 16_ 51_ S 36°49_ 13_ E)--1-10.wav,JEVANJEE MOI AVENUE (1° 16_ 51_ S 36°49_ 13_ E),3,SUV,-30.59841,18.868692,66.79841630305168,66.93093827645657,37.11
Jevanjee Moi Avenue (1° 16_ 51_ S 36°49_ 13_ E)\Jevanjee Moi Avenue (1° 16_ 51_ S 36°49_ 13_ E)--1-11.wav,JEVANJEE MOI AVENUE (1° 16_ 51_ S 36°49_ 13_ E),9,PSV,-32.841103,19.201836,66.79841630305168,66.93093827645657,37.11
Jevanjee Moi Avenue (1° 16_ 51_ S 36°49_ 13_ E)\Jevanjee Moi Avenue (1° 16_ 51_ S 36°49_ 13_ E)--1-12.wav,JEVANJEE MOI AVENUE (1° 16_ 51_ S 36°49_ 13_ E),9,PSV,-30.292368,19.649797,66.79841630305168,66.93093827645657,37.11
Jevanjee Moi Avenue (1° 16_ 51_ S 36°49_ 13_ E)\Jevanjee Moi Avenue (1° 16_ 51_ S 36°49_ 13_ E)--1-13.wav,JEVANJEE MOI AVENUE (1° 16_ 51_ S 36°49_ 13_ E),3,SUV,-31.79063,18.658346,66.79841630305168,66.93093827645657,37.11
Jevanjee Moi Avenue (1° 16_ 51_ S 36°49_ 13_ E)\Jevanjee Moi Avenue (1° 16_ 51_ S 36°49_ 13_ E)--1-14.wav,JEVANJEE MOI AVENUE (1° 16_ 51_ S 36°49_ 13_ E),3,SUV,-32.784893,17.945204,66.79841630305168,66.93093827645657,37.11
Jevanjee Moi Avenue (1° 16_ 51_ S 36°49_ 13_ E)\Jevanjee Moi Avenue (1° 16_ 51_ S 36°49_ 13_ E)--1-15.wav,JEVANJEE MOI AVENUE (1° 16_ 51_ S 36°49_ 13_ E),3,SUV,-35.90554,18.866976,66.79841630305168,66.93093827645657,37.11
Jevanjee Moi Avenue (1° 16_ 51_ S 36°49_ 13_ E)\Jevanjee Moi Avenue (1° 16_ 51_ S 36°49_ 13_ E)--1-16.wav,JEVANJEE MOI AVENUE (1° 16_ 51_ S 36°49_ 13_ E),9,PSV,-31.988087,19.713518,66.79841630305168,66.93093827645657,37.11
Jevanjee Moi Avenue (1° 16_ 51_ S 36°49_ 13_ E)\Jevanjee Moi Avenue (1° 16_ 51_ S 36°49_ 13_ E)--1-17.wav,JEVANJEE MOI AVENUE (1° 16_ 51_ S 36°49_ 13_ E),9,PSV,-33.51505,20.05044,66.79841630305168,66.93093827645657,37.11
Jevanjee Moi Avenue (1° 16_ 51_ S 36°49_ 13_ E)\Jevanjee Moi Avenue (1° 16_ 51_ S 36°49_ 13_ E)--1-18.wav,JEVANJEE MOI AVENUE (1° 16_ 51_ S 36°49_ 13_ E),9,PSV,-35.35334,20.81147,66.79841630305168,66.93093827645657,37.11
Jevanjee Moi Avenue (1° 16_ 51_ S 36°49_ 13_ E)\Jevanjee Moi Avenue (1° 16_ 51_ S 36°49_ 13_ E)--1-19.wav,JEVANJEE MOI AVENUE (1° 16_ 51_ S 36°49_ 13_ E),3,SUV,-36.114014,19.434765,66.79841630305168,66.93093827645657,37.11
Jevanjee Moi Avenue (1° 16_ 51_ S 36°49_ 13_ E)\Jevanjee Moi Avenue (1° 16_ 51_ S 36°49_ 13_ E)--1-20.wav,JEVANJEE MOI AVENUE (1° 16_ 51_ S 36°49_ 13_ E),3,SUV,-32.995857,19.309319,66.79841630305168,66.93093827645657,37.11
Jevanjee Moi Avenue (1° 16_ 51_ S 36°49_ 13_ E)\Jevanjee Moi Avenue (1° 16_ 51_ S 36°49_ 13_ E)--1-21.wav,JEVANJEE MOI AVENUE (1° 16_ 51_ S 36°49_ 13_ E),3,SUV,-35.369164,20.772089,66.79841630305168,66.93093827645657,37.11
Jevanjee Moi Avenue (1° 16_ 51_ S 36°49_ 13_ E)\Jevanjee Moi Avenue (1° 16_ 51_ S 36°49_ 13_ E)--1-22.wav,JEVANJEE MOI AVENUE (1° 16_ 51_ S 36°49_ 13_ E),1,motorcycle,-34.5621,19.544462,66.79841630305168,66.93093827645657,37.11
Jevanjee Moi Avenue (1° 16_ 51_ S 36°49_ 13_ E)\Jevanjee Moi Avenue (1° 16_ 51_ S 36°49_ 13_ E)--1-23.wav,JEVANJEE MOI AVENUE (1° 16_ 51_ S 36°49_ 13_ E),3,SUV,-30.215515,19.355236,66.79841630305168,66.93093827645657,37.11
Jevanjee Moi Avenue (1° 16_ 51_ S 36°49_ 13_ E)\Jevanjee Moi Avenue (1° 16_ 51_ S 36°49_ 13_ E)--1-24.wav,JEVANJEE MOI AVENUE (1° 16_ 51_ S 36°49_ 13_ E),3,SUV,-31.678852,18.219666,66.79841630305168,66.93093827645657,37.11
Jevanjee Moi Avenue (1° 16_ 51_ S 36°49_ 13_ E)\Jevanjee Moi Avenue (1° 16_ 51_ S 36°49_ 13_ E)--1-25.wav,JEVANJEE MOI AVENUE (1° 16_ 51_ S 36°49_ 13_ E),3,SUV,-32.47464,19.233326,66.79841630305168,66.93093827645657,37.11
Jevanjee Moi Avenue (1° 16_ 51_ S 36°49_ 13_ E)\Jevanjee Moi Avenue (1° 16_ 51_ S 36°49_ 13_ E)--1-26.wav,JEVANJEE MOI AVENUE (1° 16_ 51_ S 36°49_ 13_ E),3,SUV,-34.169613,19.746988,66.79841630305168,66.93093827645657,37.11
Jevanjee Moi Avenue (1° 16_ 51_ S 36°49_ 13_ E)\Jevanjee Moi Avenue (1° 16_ 51_ S 36°49_ 13_ E)--1-27.wav,JEVANJEE MOI AVENUE (1° 16_ 51_ S 36°49_ 13_ E),3,SUV,-35.031483,19.21254,66.79841630305168,66.93093827645657,37.11
Jevanjee Moi Avenue (1° 16_ 51_ S 36°49_ 13_ E)\Jevanjee Moi Avenue (1° 16_ 51_ S 36°49_ 13_ E)--1-28.wav,JEVANJEE MOI AVENUE (1° 16_ 51_ S 36°49_ 13_ E),9,PSV,-34.680065,18.449076,66.79841630305168,66.93093827645657,37.11
Jevanjee Moi Avenue (1° 16_ 51_ S 36°49_ 13_ E)\Jevanjee Moi Avenue (1° 16_ 51_ S 36°49_ 13_ E)--1-29.wav,JEVANJEE MOI AVENUE (1° 16_ 51_ S 36°49_ 13_ E),3,SUV,-31.736603,19.927761,66.79841630305168,66.93093827645657,37.11
Jevanjee Moi Avenue (1° 16_ 51_ S 36°49_ 13_ E)\Jevanjee Moi Avenue (1° 16_ 51_ S 36°49_ 13_ E)--1-30.wav,JEVANJEE MOI AVENUE (1° 16_ 51_ S 36°49_ 13_ E),9,PSV,-32.218445,18.89292,66.79841630305168,66.93093827645657,37.11
Jevanjee Moi Avenue (1° 16_ 51_ S 36°49_ 13_ E)\Jevanjee Moi Avenue (1° 16_ 51_ S 36°49_ 13_ E)--1-31.wav,JEVANJEE MOI AVENUE (1° 16_ 51_ S 36°49_ 13_ E),9,PSV,-33.758915,19.321108,66.79841630305168,66.93093827645657,37.11
Jevanjee Moi Avenue (1° 16_ 51_ S 36°49_ 13_ E)\Jevanjee Moi Avenue (1° 16_ 51_ S 36°49_ 13_ E)--1-32.wav,JEVANJEE MOI AVENUE (1° 16_ 51_ S 36°49_ 13_ E),9,PSV,-34.35044,18.745508,66.79841630305168,66.93093827645657,37.11
Jevanjee Moi Avenue (1° 16_ 51_ S 36°49_ 13_ E)\Jevanjee Moi Avenue (1° 16_ 51_ S 36°49_ 13_ E)--1-33.wav,JEVANJEE MOI AVENUE (1° 16_ 51_ S 36°49_ 13_ E),1,motorcycle,-32.92759,18.159815,66.79841630305168,66.93093827645657,37.11
Jevanjee Moi Avenue (1° 16_ 51_ S 36°49_ 13_ E)\Jevanjee Moi Avenue (1° 16_ 51_ S 36°49_ 13_ E)--1-34.wav,JEVANJEE MOI AVENUE (1° 16_ 51_ S 36°49_ 13_ E),1,motorcycle,-32.638355,18.828756,66.79841630305168,66.93093827645657,37.11
Jevanjee Moi Avenue (1° 16_ 51_ S 36°49_ 13_ E)\Jevanjee Moi Avenue (1° 16_ 51_ S 36°49_ 13_ E)--1-35.wav,JEVANJEE MOI AVENUE (1° 16_ 51_ S 36°49_ 13_ E),3,SUV,-36.2918,19.367739,66.79841630305168,66.93093827645657,37.11
Jevanjee Moi Avenue (1° 16_ 51_ S 36°49_ 13_ E)\Jevanjee Moi Avenue (1° 16_ 51_ S 36°49_ 13_ E)--1-36.wav,JEVANJEE MOI AVENUE (1° 16_ 51_ S 36°49_ 13_ E),3,SUV,-33.25761,19.139156,66.79841630305168,66.93093827645657,37.11
Jevanjee Moi Avenue (1° 16_ 51_ S 36°49_ 13_ E)\Jevanjee Moi Avenue (1° 16_ 51_ S 36°49_ 13_ E)--1-37.wav,JEVANJEE MOI AVENUE (1° 16_ 51_ S 36°49_ 13_ E),3,SUV,-34.128777,18.945606,66.79841630305168,66.93093827645657,37.11
Jevanjee Moi Avenue (1° 16_ 51_ S 36°49_ 13_ E)\Jevanjee Moi Avenue (1° 16_ 51_ S 36°49_ 13_ E)--1-38.wav,JEVANJEE MOI AVENUE (1° 16_ 51_ S 36°49_ 13_ E),3,SUV,-34.73653,18.507103,66.79841630305168,66.93093827645657,37.11
Jevanjee Moi Avenue (1° 16_ 51_ S 36°49_ 13_ E)\Jevanjee Moi Avenue (1° 16_ 51_ S 36°49_ 13_ E)--1-39.wav,JEVANJEE MOI AVENUE (1° 16_ 51_ S 36°49_ 13_ E),3,SUV,-31.119104,18.452753,66.79841630305168,66.93093827645657,37.11
Jevanjee Moi Avenue (1° 16_ 51_ S 36°49_ 13_ E)\Jevanjee Moi Avenue (1° 16_ 51_ S 36°49_ 13_ E)--1-40.wav,JEVANJEE MOI AVENUE (1° 16_ 51_ S 36°49_ 13_ E),3,SUV,-34.125282,19.491274,66.79841630305168,66.93093827645657,37.11
Jevanjee Moi Avenue (1° 16_ 51_ S 36°49_ 13_ E)\Jevanjee Moi Avenue (1° 16_ 51_ S 36°49_ 13_ E)--1-41.wav,JEVANJEE MOI AVENUE (1° 16_ 51_ S 36°49_ 13_ E),3,SUV,-34.469276,18.382154,66.79841630305168,66.93093827645657,37.11
Jevanjee Moi Avenue (1° 16_ 51_ S 36°49_ 13_ E)\Jevanjee Moi Avenue (1° 16_ 51_ S 36°49_ 13_ E)--1-42.wav,JEVANJEE MOI AVENUE (1° 16_ 51_ S 36°49_ 13_ E),3,SUV,-31.833609,17.959023,66.79841630305168,66.93093827645657,37.11
Jevanjee Moi Avenue (1° 16_ 51_ S 36°49_ 13_ E)\Jevanjee Moi Avenue (1° 16_ 51_ S 36°49_ 13_ E)--1-43.wav,JEVANJEE MOI AVENUE (1° 16_ 51_ S 36°49_ 13_ E),3,SUV,-28.957596,18.202835,66.79841630305168,66.93093827645657,37.11
Jevanjee Moi Avenue (1° 16_ 51_ S 36°49_ 13_ E)\Jevanjee Moi Avenue (1° 16_ 51_ S 36°49_ 13_ E)--1-44.wav,JEVANJEE MOI AVENUE (1° 16_ 51_ S 36°49_ 13_ E),1,motorcycle,-28.601877,17.044092,66.79841630305168,66.93093827645657,37.11
Jevanjee Moi Avenue (1° 16_ 51_ S 36°49_ 13_ E)\Jevanjee Moi Avenue (1° 16_ 51_ S 36°49_ 13_ E)--1-45.wav,JEVANJEE MOI AVENUE (1° 16_ 51_ S 36°49_ 13_ E),1,motorcycle,-28.457312,19.212286,66.79841630305168,66.93093827645657,37.11
Jevanjee Moi Avenue (1° 16_ 51_ S 36°49_ 13_ E)\Jevanjee Moi Avenue (1° 16_ 51_ S 36°49_ 13_ E)--1-46.wav,JEVANJEE MOI AVENUE (1° 16_ 51_ S 36°49_ 13_ E),1,motorcycle,-30.202448,19.027311,66.79841630305168,66.93093827645657,37.11
Jevanjee Moi Avenue (1° 16_ 51_ S 36°49_ 13_ E)\Jevanjee Moi Avenue (1° 16_ 51_ S 36°49_ 13_ E)--1-47.wav,JEVANJEE MOI AVENUE (1° 16_ 51_ S 36°49_ 13_ E),3,SUV,-33.466736,18.360558,66.79841630305168,66.93093827645657,37.11
Jevanjee Moi Avenue (1° 16_ 51_ S 36°49_ 13_ E)\Jevanjee Moi Avenue (1° 16_ 51_ S 36°49_ 13_ E)--1-48.wav,JEVANJEE MOI AVENUE (1° 16_ 51_ S 36°49_ 13_ E),9,PSV,-31.403845,18.16337,66.79841630305168,66.93093827645657,37.11
Jevanjee Moi Avenue (1° 16_ 51_ S 36°49_ 13_ E)\Jevanjee Moi Avenue (1° 16_ 51_ S 36°49_ 13_ E)--1-49.wav,JEVANJEE MOI AVENUE (1° 16_ 51_ S 36°49_ 13_ E),1,motorcycle,-31.542109,18.988235,66.79841630305168,66.93093827645657,37.11
Jevanjee Moi Avenue (1° 16_ 51_ S 36°49_ 13_ E)\Jevanjee Moi Avenue (1° 16_ 51_ S 36°49_ 13_ E)--1-616.wav,JEVANJEE MOI AVENUE (1° 16_ 51_ S 36°49_ 13_ E),9,PSV,-35.53396,19.184526,66.79841630305168,66.93093827645657,37.11
Jogoo Road(1°17_49_S 36°52_29_E)\Jogoo Road(1°17_49_S 36°52_29_E)--1-0.wav,JOGOO ROAD(1°17_49_S 36°52_29_E),10,other,-33.22927,16.675474,67.8265459038999,67.9841238522536,44.0
Jogoo Road(1°17_49_S 36°52_29_E)\Jogoo Road(1°17_49_S 36°52_29_E)--1-1.wav,JOGOO ROAD(1°17_49_S 36°52_29_E),10,other,-31.530361,18.922504,67.8265459038999,67.9841238522536,44.0
Jogoo Road(1°17_49_S 36°52_29_E)\Jogoo Road(1°17_49_S 36°52_29_E)--1-2.wav,JOGOO ROAD(1°17_49_S 36°52_29_E),1,motorcycle,-33.279213,17.553528,67.8265459038999,67.9841238522536,44.0
Jogoo Road(1°17_49_S 36°52_29_E)\Jogoo Road(1°17_49_S 36°52_29_E)--1-3.wav,JOGOO ROAD(1°17_49_S 36°52_29_E),1,motorcycle,-32.524544,17.15219,67.8265459038999,67.9841238522536,44.0
Jogoo Road(1°17_49_S 36°52_29_E)\Jogoo Road(1°17_49_S 36°52_29_E)--1-4.wav,JOGOO ROAD(1°17_49_S 36°52_29_E),10,other,-30.034985,18.440058,67.8265459038999,67.9841238522536,44.0
Jogoo Road(1°17_49_S 36°52_29_E)\Jogoo Road(1°17_49_S 36°52_29_E)--1-5.wav,JOGOO ROAD(1°17_49_S 36°52_29_E),10,other,-33.121788,17.519215,67.8265459038999,67.9841238522536,44.0
Jogoo Road(1°17_49_S 36°52_29_E)\Jogoo Road(1°17_49_S 36°52_29_E)--1-6.wav,JOGOO ROAD(1°17_49_S 36°52_29_E),9,PSV,-30.25185,17.732155,67.8265459038999,67.9841238522536,44.0
Jogoo Road(1°17_49_S 36°52_29_E)\Jogoo Road(1°17_49_S 36°52_29_E)--1-7.wav,JOGOO ROAD(1°17_49_S 36°52_29_E),9,PSV,-31.816425,18.892963,67.8265459038999,67.9841238522536,44.0
Jogoo Road(1°17_49_S 36°52_29_E)\Jogoo Road(1°17_49_S 36°52_29_E)--1-8.wav,JOGOO ROAD(1°17_49_S 36°52_29_E),9,PSV,-29.373438,20.432297,67.8265459038999,67.9841238522536,44.0
Jogoo Road(1°17_49_S 36°52_29_E)\Jogoo Road(1°17_49_S 36°52_29_E)--1-9.wav,JOGOO ROAD(1°17_49_S 36°52_29_E),9,PSV,-31.914373,18.271225,67.8265459038999,67.9841238522536,44.0
Jogoo Road(1°17_49_S 36°52_29_E)\Jogoo Road(1°17_49_S 36°52_29_E)--1-10.wav,JOGOO ROAD(1°17_49_S 36°52_29_E),3,SUV,-29.427221,18.630291,67.8265459038999,67.9841238522536,44.0
Jogoo Road(1°17_49_S 36°52_29_E)\Jogoo Road(1°17_49_S 36°52_29_E)--1-11.wav,JOGOO ROAD(1°17_49_S 36°52_29_E),9,PSV,-32.134026,18.031715,67.8265459038999,67.9841238522536,44.0
Jogoo Road(1°17_49_S 36°52_29_E)\Jogoo Road(1°17_49_S 36°52_29_E)--1-12.wav,JOGOO ROAD(1°17_49_S 36°52_29_E),10,other,-31.976517,17.607311,67.8265459038999,67.9841238522536,44.0
Jogoo Road(1°17_49_S 36°52_29_E)\Jogoo Road(1°17_49_S 36°52_29_E)--1-13.wav,JOGOO ROAD(1°17_49_S 36°52_29_E),3,SUV,-29.116907,19.032648,67.8265459038999,67.9841238522536,44.0
Jogoo Road(1°17_49_S 36°52_29_E)\Jogoo Road(1°17_49_S 36°52_29_E)--1-14.wav,JOGOO ROAD(1°17_49_S 36°52_29_E),10,other,-32.045387,17.947453,67.8265459038999,67.9841238522536,44.0
Jogoo Road(1°17_49_S 36°52_29_E)\Jogoo Road(1°17_49_S 36°52_29_E)--1-15.wav,JOGOO ROAD(1°17_49_S 36°52_29_E),1,motorcycle,-34.249825,17.842022,67.8265459038999,67.9841238522536,44.0
Jogoo Road(1°17_49_S 36°52_29_E)\Jogoo Road(1°17_49_S 36°52_29_E)--1-16.wav,JOGOO ROAD(1°17_49_S 36°52_29_E),3,SUV,-32.18296,18.6028,67.8265459038999,67.9841238522536,44.0
Jogoo Road(1°17_49_S 36°52_29_E)\Jogoo Road(1°17_49_S 36°52_29_E)--1-17.wav,JOGOO ROAD(1°17_49_S 36°52_29_E),1,motorcycle,-31.784723,17.875122,67.8265459038999,67.9841238522536,44.0
Jogoo Road(1°17_49_S 36°52_29_E)\Jogoo Road(1°17_49_S 36°52_29_E)--1-18.wav,JOGOO ROAD(1°17_49_S 36°52_29_E),3,SUV,-30.950855,17.887709,67.8265459038999,67.9841238522536,44.0
Jogoo Road(1°17_49_S 36°52_29_E)\Jogoo Road(1°17_49_S 36°52_29_E)--1-19.wav,JOGOO ROAD(1°17_49_S 36°52_29_E),3,SUV,-31.343378,14.630373,67.8265459038999,67.9841238522536,44.0
Jogoo Road(1°17_49_S 36°52_29_E)\Jogoo Road(1°17_49_S 36°52_29_E)--1-20.wav,JOGOO ROAD(1°17_49_S 36°52_29_E),3,SUV,-32.702034,16.761581,67.8265459038999,67.9841238522536,44.0
Jogoo Road(1°17_49_S 36°52_29_E)\Jogoo Road(1°17_49_S 36°52_29_E)--1-21.wav,JOGOO ROAD(1°17_49_S 36°52_29_E),3,SUV,-30.288227,19.752388,67.8265459038999,67.9841238522536,44.0
Jogoo Road(1°17_49_S 36°52_29_E)\Jogoo Road(1°17_49_S 36°52_29_E)--1-22.wav,JOGOO ROAD(1°17_49_S 36°52_29_E),10,other,-32.900993,16.92612,67.8265459038999,67.9841238522536,44.0
Jogoo Road(1°17_49_S 36°52_29_E)\Jogoo Road(1°17_49_S 36°52_29_E)--1-23.wav,JOGOO ROAD(1°17_49_S 36°52_29_E),10,other,-32.70524,17.486639,67.8265459038999,67.9841238522536,44.0
Jogoo Road(1°17_49_S 36°52_29_E)\Jogoo Road(1°17_49_S 36°52_29_E)--1-24.wav,JOGOO ROAD(1°17_49_S 36°52_29_E),10,other,-33.65137,18.149204,67.8265459038999,67.9841238522536,44.0
Jogoo Road(1°17_49_S 36°52_29_E)\Jogoo Road(1°17_49_S 36°52_29_E)--1-25.wav,JOGOO ROAD(1°17_49_S 36°52_29_E),10,other,-32.89392,16.021038,67.8265459038999,67.9841238522536,44.0
Jogoo Road(1°17_49_S 36°52_29_E)\Jogoo Road(1°17_49_S 36°52_29_E)--1-26.wav,JOGOO ROAD(1°17_49_S 36°52_29_E),10,other,-32.800278,16.187511,67.8265459038999,67.9841238522536,44.0
Jogoo Road(1°17_49_S 36°52_29_E)\Jogoo Road(1°17_49_S 36°52_29_E)--1-27.wav,JOGOO ROAD(1°17_49_S 36°52_29_E),10,other,-32.135952,15.901828,67.8265459038999,67.9841238522536,44.0
Jogoo Road(1°17_49_S 36°52_29_E)\Jogoo Road(1°17_49_S 36°52_29_E)--1-28.wav,JOGOO ROAD(1°17_49_S 36°52_29_E),10,other,-31.909504,17.919306,67.8265459038999,67.9841238522536,44.0
Jogoo Road(1°17_49_S 36°52_29_E)\Jogoo Road(1°17_49_S 36°52_29_E)--1-29.wav,JOGOO ROAD(1°17_49_S 36°52_29_E),9,PSV,-29.92167,16.906708,67.8265459038999,67.9841238522536,44.0
Jogoo Road(1°17_49_S 36°52_29_E)\Jogoo Road(1°17_49_S 36°52_29_E)--1-30.wav,JOGOO ROAD(1°17_49_S 36°52_29_E),3,SUV,-29.75711,16.503914,67.8265459038999,67.9841238522536,44.0
Jogoo Road(1°17_49_S 36°52_29_E)\Jogoo Road(1°17_49_S 36°52_29_E)--1-31.wav,JOGOO ROAD(1°17_49_S 36°52_29_E),9,PSV,-27.007626,19.245283,67.8265459038999,67.9841238522536,44.0
Jogoo Road(1°17_49_S 36°52_29_E)\Jogoo Road(1°17_49_S 36°52_29_E)--1-32.wav,JOGOO ROAD(1°17_49_S 36°52_29_E),3,SUV,-32.040752,18.479544,67.8265459038999,67.9841238522536,44.0
Jogoo Road(1°17_49_S 36°52_29_E)\Jogoo Road(1°17_49_S 36°52_29_E)--1-33.wav,JOGOO ROAD(1°17_49_S 36°52_29_E),3,SUV,-33.3303,17.393627,67.8265459038999,67.9841238522536,44.0
Jogoo Road(1°17_49_S 36°52_29_E)\Jogoo Road(1°17_49_S 36°52_29_E)--1-34.wav,JOGOO ROAD(1°17_49_S 36°52_29_E),9,PSV,-32.168324,16.434933,67.8265459038999,67.9841238522536,44.0
Jogoo Road(1°17_49_S 36°52_29_E)\Jogoo Road(1°17_49_S 36°52_29_E)--1-35.wav,JOGOO ROAD(1°17_49_S 36°52_29_E),10,other,-31.923624,14.268883,67.8265459038999,67.9841238522536,44.0
Jogoo Road(1°17_49_S 36°52_29_E)\Jogoo Road(1°17_49_S 36°52_29_E)--1-36.wav,JOGOO ROAD(1°17_49_S 36°52_29_E),10,other,-32.224983,14.9177065,67.8265459038999,67.9841238522536,44.0
Jogoo Road(1°17_49_S 36°52_29_E)\Jogoo Road(1°17_49_S 36°52_29_E)--1-37.wav,JOGOO ROAD(1°17_49_S 36°52_29_E),10,other,-33.994534,16.790112,67.8265459038999,67.9841238522536,44.0
Jogoo Road(1°17_49_S 36°52_29_E)\Jogoo Road(1°17_49_S 36°52_29_E)--1-38.wav,JOGOO ROAD(1°17_49_S 36°52_29_E),10,other,-30.667797,17.422907,67.8265459038999,67.9841238522536,44.0
Jogoo Road(1°17_49_S 36°52_29_E)\Jogoo Road(1°17_49_S 36°52_29_E)--1-39.wav,JOGOO ROAD(1°17_49_S 36°52_29_E),9,PSV,-32.51236,17.924713,67.8265459038999,67.9841238522536,44.0
Jogoo Road(1°17_49_S 36°52_29_E)\Jogoo Road(1°17_49_S 36°52_29_E)--1-40.wav,JOGOO ROAD(1°17_49_S 36°52_29_E),9,PSV,-34.7311,17.012589,67.8265459038999,67.9841238522536,44.0
Jogoo Road(1°17_49_S 36°52_29_E)\Jogoo Road(1°17_49_S 36°52_29_E)--1-41.wav,JOGOO ROAD(1°17_49_S 36°52_29_E),10,other,-34.42829,16.985695,67.8265459038999,67.9841238522536,44.0
Jogoo Road(1°17_49_S 36°52_29_E)\Jogoo Road(1°17_49_S 36°52_29_E)--1-42.wav,JOGOO ROAD(1°17_49_S 36°52_29_E),3,SUV,-33.675255,18.88574,67.8265459038999,67.9841238522536,44.0
Jogoo Road(1°17_49_S 36°52_29_E)\Jogoo Road(1°17_49_S 36°52_29_E)--1-43.wav,JOGOO ROAD(1°17_49_S 36°52_29_E),10,other,-33.307426,18.9555,67.8265459038999,67.9841238522536,44.0
Jogoo Road(1°17_49_S 36°52_29_E)\Jogoo Road(1°17_49_S 36°52_29_E)--1-44.wav,JOGOO ROAD(1°17_49_S 36°52_29_E),1,motorcycle,-33.10534,20.591644,67.8265459038999,67.9841238522536,44.0
Jogoo Road(1°17_49_S 36°52_29_E)\Jogoo Road(1°17_49_S 36°52_29_E)--1-45.wav,JOGOO ROAD(1°17_49_S 36°52_29_E),1,motorcycle,-34.189125,18.329168,67.8265459038999,67.9841238522536,44.0
Jogoo Road(1°17_49_S 36°52_29_E)\Jogoo Road(1°17_49_S 36°52_29_E)--1-46.wav,JOGOO ROAD(1°17_49_S 36°52_29_E),3,SUV,-33.67732,19.834276,67.8265459038999,67.9841238522536,44.0
Jogoo Road(1°17_49_S 36°52_29_E)\Jogoo Road(1°17_49_S 36°52_29_E)--1-47.wav,JOGOO ROAD(1°17_49_S 36°52_29_E),3,SUV,-33.17754,18.342682,67.8265459038999,67.9841238522536,44.0
Jogoo Road(1°17_49_S 36°52_29_E)\Jogoo Road(1°17_49_S 36°52_29_E)--1-48.wav,JOGOO ROAD(1°17_49_S 36°52_29_E),9,PSV,-32.83349,17.76615,67.8265459038999,67.9841238522536,44.0
Jogoo Road(1°17_49_S 36°52_29_E)\Jogoo Road(1°17_49_S 36°52_29_E)--1-49.wav,JOGOO ROAD(1°17_49_S 36°52_29_E),9,PSV,-32.94685,19.173994,67.8265459038999,67.9841238522536,44.0
Jogoo Road(1°17_49_S 36°52_29_E)\Jogoo Road(1°17_49_S 36°52_29_E)--1-667.wav,JOGOO ROAD(1°17_49_S 36°52_29_E),10,other,-32.841454,18.55905,67.8265459038999,67.9841238522536,44.0
Kangemi (1°15_ 52_S 36°44_ 40_E)\Kangemi (1°15_ 52_S 36°44_ 40_E)--1-0.wav,KANGEMI (1°15_ 52_S 36°44_ 40_E),1,motorcycle,-39.319965,17.816118,67.26103744542425,67.43809797337147,49.33
Kangemi (1°15_ 52_S 36°44_ 40_E)\Kangemi (1°15_ 52_S 36°44_ 40_E)--1-1.wav,KANGEMI (1°15_ 52_S 36°44_ 40_E),3,SUV,-35.20863,17.832544,67.26103744542425,67.43809797337147,49.33
Kangemi (1°15_ 52_S 36°44_ 40_E)\Kangemi (1°15_ 52_S 36°44_ 40_E)--1-2.wav,KANGEMI (1°15_ 52_S 36°44_ 40_E),9,PSV,-33.41598,17.71092,67.26103744542425,67.43809797337147,49.33
Kangemi (1°15_ 52_S 36°44_ 40_E)\Kangemi (1°15_ 52_S 36°44_ 40_E)--1-3.wav,KANGEMI (1°15_ 52_S 36°44_ 40_E),1,motorcycle,-32.07268,19.312805,67.26103744542425,67.43809797337147,49.33
Kangemi (1°15_ 52_S 36°44_ 40_E)\Kangemi (1°15_ 52_S 36°44_ 40_E)--1-4.wav,KANGEMI (1°15_ 52_S 36°44_ 40_E),1,motorcycle,-34.073006,19.069496,67.26103744542425,67.43809797337147,49.33
Kangemi (1°15_ 52_S 36°44_ 40_E)\Kangemi (1°15_ 52_S 36°44_ 40_E)--1-5.wav,KANGEMI (1°15_ 52_S 36°44_ 40_E),9,PSV,-30.439615,18.89306,67.26103744542425,67.43809797337147,49.33
Kangemi (1°15_ 52_S 36°44_ 40_E)\Kangemi (1°15_ 52_S 36°44_ 40_E)--1-6.wav,KANGEMI (1°15_ 52_S 36°44_ 40_E),9,PSV,-29.739193,19.812376,67.26103744542425,67.43809797337147,49.33
Kangemi (1°15_ 52_S 36°44_ 40_E)\Kangemi (1°15_ 52_S 36°44_ 40_E)--1-7.wav,KANGEMI (1°15_ 52_S 36°44_ 40_E),1,motorcycle,-28.186085,17.400528,67.26103744542425,67.43809797337147,49.33
Kangemi (1°15_ 52_S 36°44_ 40_E)\Kangemi (1°15_ 52_S 36°44_ 40_E)--1-8.wav,KANGEMI (1°15_ 52_S 36°44_ 40_E),9,PSV,-26.131927,19.656855,67.26103744542425,67.43809797337147,49.33
Kangemi (1°15_ 52_S 36°44_ 40_E)\Kangemi (1°15_ 52_S 36°44_ 40_E)--1-9.wav,KANGEMI (1°15_ 52_S 36°44_ 40_E),9,PSV,-30.261398,19.329458,67.26103744542425,67.43809797337147,49.33
Kangemi (1°15_ 52_S 36°44_ 40_E)\Kangemi (1°15_ 52_S 36°44_ 40_E)--1-10.wav,KANGEMI (1°15_ 52_S 36°44_ 40_E),3,SUV,-31.709393,18.38878,67.26103744542425,67.43809797337147,49.33
Kangemi (1°15_ 52_S 36°44_ 40_E)\Kangemi (1°15_ 52_S 36°44_ 40_E)--1-11.wav,KANGEMI (1°15_ 52_S 36°44_ 40_E),1,motorcycle,-30.266668,17.704247,67.26103744542425,67.43809797337147,49.33
Kangemi (1°15_ 52_S 36°44_ 40_E)\Kangemi (1°15_ 52_S 36°44_ 40_E)--1-12.wav,KANGEMI (1°15_ 52_S 36°44_ 40_E),9,PSV,-35.638763,18.204117,67.26103744542425,67.43809797337147,49.33
Kangemi (1°15_ 52_S 36°44_ 40_E)\Kangemi (1°15_ 52_S 36°44_ 40_E)--1-13.wav,KANGEMI (1°15_ 52_S 36°44_ 40_E),7,heavy truck,-35.146473,20.48517,67.26103744542425,67.43809797337147,49.33
Kangemi (1°15_ 52_S 36°44_ 40_E)\Kangemi (1°15_ 52_S 36°44_ 40_E)--1-14.wav,KANGEMI (1°15_ 52_S 36°44_ 40_E),1,motorcycle,-33.04912,20.879387,67.26103744542425,67.43809797337147,49.33
Kangemi (1°15_ 52_S 36°44_ 40_E)\Kangemi (1°15_ 52_S 36°44_ 40_E)--1-15.wav,KANGEMI (1°15_ 52_S 36°44_ 40_E),9,PSV,-29.341833,20.384687,67.26103744542425,67.43809797337147,49.33
Kangemi (1°15_ 52_S 36°44_ 40_E)\Kangemi (1°15_ 52_S 36°44_ 40_E)--1-16.wav,KANGEMI (1°15_ 52_S 36°44_ 40_E),3,SUV,-35.59826,18.443678,67.26103744542425,67.43809797337147,49.33
Kangemi (1°15_ 52_S 36°44_ 40_E)\Kangemi (1°15_ 52_S 36°44_ 40_E)--1-17.wav,KANGEMI (1°15_ 52_S 36°44_ 40_E),1,motorcycle,-33.13436,18.031818,67.26103744542425,67.43809797337147,49.33
Kangemi (1°15_ 52_S 36°44_ 40_E)\Kangemi (1°15_ 52_S 36°44_ 40_E)--1-18.wav,KANGEMI (1°15_ 52_S 36°44_ 40_E),9,PSV,-36.85033,18.283339,67.26103744542425,67.43809797337147,49.33
Kangemi (1°15_ 52_S 36°44_ 40_E)\Kangemi (1°15_ 52_S 36°44_ 40_E)--1-19.wav,KANGEMI (1°15_ 52_S 36°44_ 40_E),1,motorcycle,-38.340935,18.106758,67.26103744542425,67.43809797337147,49.33
Kangemi (1°15_ 52_S 36°44_ 40_E)\Kangemi (1°15_ 52_S 36°44_ 40_E)--1-20.wav,KANGEMI (1°15_ 52_S 36°44_ 40_E),9,PSV,-38.74015,17.51118,67.26103744542425,67.43809797337147,49.33
Kangemi (1°15_ 52_S 36°44_ 40_E)\Kangemi (1°15_ 52_S 36°44_ 40_E)--1-21.wav,KANGEMI (1°15_ 52_S 36°44_ 40_E),10,other,-34.874104,17.583889,67.26103744542425,67.43809797337147,49.33
Kangemi (1°15_ 52_S 36°44_ 40_E)\Kangemi (1°15_ 52_S 36°44_ 40_E)--1-22.wav,KANGEMI (1°15_ 52_S 36°44_ 40_E),10,other,-25.11404,16.924536,67.26103744542425,67.43809797337147,49.33
Kangemi (1°15_ 52_S 36°44_ 40_E)\Kangemi (1°15_ 52_S 36°44_ 40_E)--1-23.wav,KANGEMI (1°15_ 52_S 36°44_ 40_E),1,motorcycle,-30.52479,17.998951,67.26103744542425,67.43809797337147,49.33
Kangemi (1°15_ 52_S 36°44_ 40_E)\Kangemi (1°15_ 52_S 36°44_ 40_E)--1-24.wav,KANGEMI (1°15_ 52_S 36°44_ 40_E),1,motorcycle,-33.63435,18.776085,67.26103744542425,67.43809797337147,49.33
Kangemi (1°15_ 52_S 36°44_ 40_E)\Kangemi (1°15_ 52_S 36°44_ 40_E)--1-25.wav,KANGEMI (1°15_ 52_S 36°44_ 40_E),9,PSV,-34.43638,18.83746,67.26103744542425,67.43809797337147,49.33
Kangemi (1°15_ 52_S 36°44_ 40_E)\Kangemi (1°15_ 52_S 36°44_ 40_E)--1-26.wav,KANGEMI (1°15_ 52_S 36°44_ 40_E),9,PSV,-32.311977,20.106192,67.26103744542425,67.43809797337147,49.33
Kangemi (1°15_ 52_S 36°44_ 40_E)\Kangemi (1°15_ 52_S 36°44_ 40_E)--1-27.wav,KANGEMI (1°15_ 52_S 36°44_ 40_E),9,PSV,-37.40358,18.010765,67.26103744542425,67.43809797337147,49.33
Kangemi (1°15_ 52_S 36°44_ 40_E)\Kangemi (1°15_ 52_S 36°44_ 40_E)--1-28.wav,KANGEMI (1°15_ 52_S 36°44_ 40_E),9,PSV,-33.97872,16.795149,67.26103744542425,67.43809797337147,49.33
Kangemi (1°15_ 52_S 36°44_ 40_E)\Kangemi (1°15_ 52_S 36°44_ 40_E)--1-29.wav,KANGEMI (1°15_ 52_S 36°44_ 40_E),3,SUV,-36.113697,17.594261,67.26103744542425,67.43809797337147,49.33
Kangemi (1°15_ 52_S 36°44_ 40_E)\Kangemi (1°15_ 52_S 36°44_ 40_E)--1-30.wav,KANGEMI (1°15_ 52_S 36°44_ 40_E),9,PSV,-31.289734,19.413982,67.26103744542425,67.43809797337147,49.33
Kangemi (1°15_ 52_S 36°44_ 40_E)\Kangemi (1°15_ 52_S 36°44_ 40_E)--1-31.wav,KANGEMI (1°15_ 52_S 36°44_ 40_E),1,motorcycle,-34.67379,18.752163,67.26103744542425,67.43809797337147,49.33
Kangemi (1°15_ 52_S 36°44_ 40_E)\Kangemi (1°15_ 52_S 36°44_ 40_E)--1-32.wav,KANGEMI (1°15_ 52_S 36°44_ 40_E),1,motorcycle,-35.493847,18.077114,67.26103744542425,67.43809797337147,49.33
Kangemi (1°15_ 52_S 36°44_ 40_E)\Kangemi (1°15_ 52_S 36°44_ 40_E)--1-33.wav,KANGEMI (1°15_ 52_S 36°44_ 40_E),10,other,-35.64144,17.27267,67.26103744542425,67.43809797337147,49.33
Kangemi (1°15_ 52_S 36°44_ 40_E)\Kangemi (1°15_ 52_S 36°44_ 40_E)--1-34.wav,KANGEMI (1°15_ 52_S 36°44_ 40_E),9,PSV,-29.707943,20.73377,67.26103744542425,67.43809797337147,49.33
Kangemi (1°15_ 52_S 36°44_ 40_E)\Kangemi (1°15_ 52_S 36°44_ 40_E)--1-35.wav,KANGEMI (1°15_ 52_S 36°44_ 40_E),9,PSV,-29.140072,19.471064,67.26103744542425,67.43809797337147,49.33
Kangemi (1°15_ 52_S 36°44_ 40_E)\Kangemi (1°15_ 52_S 36°44_ 40_E)--1-36.wav,KANGEMI (1°15_ 52_S 36°44_ 40_E),9,PSV,-32.842983,18.414673,67.26103744542425,67.43809797337147,49.33
Kangemi (1°15_ 52_S 36°44_ 40_E)\Kangemi (1°15_ 52_S 36°44_ 40_E)--1-37.wav,KANGEMI (1°15_ 52_S 36°44_ 40_E),9,PSV,-29.762478,18.996504,67.26103744542425,67.43809797337147,49.33
Kangemi (1°15_ 52_S 36°44_ 40_E)\Kangemi (1°15_ 52_S 36°44_ 40_E)--1-38.wav,KANGEMI (1°15_ 52_S 36°44_ 40_E),9,PSV,-34.594463,19.324314,67.26103744542425,67.43809797337147,49.33
Kangemi (1°15_ 52_S 36°44_ 40_E)\Kangemi (1°15_ 52_S 36°44_ 40_E)--1-39.wav,KANGEMI (1°15_ 52_S 36°44_ 40_E),9,PSV,-32.62007,17.800705,67.26103744542425,67.43809797337147,49.33
Kangemi (1°15_ 52_S 36°44_ 40_E)\Kangemi (1°15_ 52_S 36°44_ 40_E)--1-40.wav,KANGEMI (1°15_ 52_S 36°44_ 40_E),3,SUV,-31.26854,19.140541,67.26103744542425,67.43809797337147,49.33
Kangemi (1°15_ 52_S 36°44_ 40_E)\Kangemi (1°15_ 52_S 36°44_ 40_E)--1-41.wav,KANGEMI (1°15_ 52_S 36°44_ 40_E),3,SUV,-33.07411,17.519821,67.26103744542425,67.43809797337147,49.33
Kangemi (1°15_ 52_S 36°44_ 40_E)\Kangemi (1°15_ 52_S 36°44_ 40_E)--1-42.wav,KANGEMI (1°15_ 52_S 36°44_ 40_E),1,motorcycle,-31.999823,17.857876,67.26103744542425,67.43809797337147,49.33
Kangemi (1°15_ 52_S 36°44_ 40_E)\Kangemi (1°15_ 52_S 36°44_ 40_E)--1-43.wav,KANGEMI (1°15_ 52_S 36°44_ 40_E),9,PSV,-34.397476,17.810074,67.26103744542425,67.43809797337147,49.33
Kangemi (1°15_ 52_S 36°44_ 40_E)\Kangemi (1°15_ 52_S 36°44_ 40_E)--1-44.wav,KANGEMI (1°15_ 52_S 36°44_ 40_E),3,SUV,-33.85104,17.56194,67.26103744542425,67.43809797337147,49.33
Kangemi (1°15_ 52_S 36°44_ 40_E)\Kangemi (1°15_ 52_S 36°44_ 40_E)--1-45.wav,KANGEMI (1°15_ 52_S 36°44_ 40_E),3,SUV,-33.171547,17.872051,67.26103744542425,67.43809797337147,49.33
Kangemi (1°15_ 52_S 36°44_ 40_E)\Kangemi (1°15_ 52_S 36°44_ 40_E)--1-46.wav,KANGEMI (1°15_ 52_S 36°44_ 40_E),3,SUV,-32.70984,17.864405,67.26103744542425,67.43809797337147,49.33
Kangemi (1°15_ 52_S 36°44_ 40_E)\Kangemi (1°15_ 52_S 36°44_ 40_E)--1-47.wav,KANGEMI (1°15_ 52_S 36°44_ 40_E),7,heavy truck,-32.583656,17.47488,67.26103744542425,67.43809797337147,49.33
Kangemi (1°15_ 52_S 36°44_ 40_E)\Kangemi (1°15_ 52_S 36°44_ 40_E)--1-48.wav,KANGEMI (1°15_ 52_S 36°44_ 40_E),1,motorcycle,-30.824982,21.991375,67.26103744542425,67.43809797337147,49.33
Kangemi (1°15_ 52_S 36°44_ 40_E)\Kangemi (1°15_ 52_S 36°44_ 40_E)--1-49.wav,KANGEMI (1°15_ 52_S 36°44_ 40_E),9,PSV,-22.11501,18.274364,67.26103744542425,67.43809797337147,49.33
Kangemi (1°15_ 52_S 36°44_ 40_E)\Kangemi (1°15_ 52_S 36°44_ 40_E)--1-50.wav,KANGEMI (1°15_ 52_S 36°44_ 40_E),1,motorcycle,-23.94027,19.896393,67.26103744542425,67.43809797337147,49.33
Kangemi (1°15_ 52_S 36°44_ 40_E)\Kangemi (1°15_ 52_S 36°44_ 40_E)--1-51.wav,KANGEMI (1°15_ 52_S 36°44_ 40_E),9,PSV,-25.314983,19.34235,67.26103744542425,67.43809797337147,49.33
Kangemi (1°15_ 52_S 36°44_ 40_E)\Kangemi (1°15_ 52_S 36°44_ 40_E)--1-52.wav,KANGEMI (1°15_ 52_S 36°44_ 40_E),9,PSV,-28.642147,18.072386,67.26103744542425,67.43809797337147,49.33
Kangemi (1°15_ 52_S 36°44_ 40_E)\Kangemi (1°15_ 52_S 36°44_ 40_E)--1-53.wav,KANGEMI (1°15_ 52_S 36°44_ 40_E),3,SUV,-29.704403,17.786404,67.26103744542425,67.43809797337147,49.33
Kangemi (1°15_ 52_S 36°44_ 40_E)\Kangemi (1°15_ 52_S 36°44_ 40_E)--1-722.wav,KANGEMI (1°15_ 52_S 36°44_ 40_E),9,PSV,-33.587215,19.232523,67.26103744542425,67.43809797337147,49.33
Karen C School (1°20_19_S 36°44_27_E)\Karen C School (1°20_19_S 36°44_27_E)--1-0.wav,KAREN C SCHOOL (1°20_19_S 36°44_27_E),1,motorcycle,-35.725513,15.974062,63.60851287398491,63.72734977011299,33.33
Karen C School (1°20_19_S 36°44_27_E)\Karen C School (1°20_19_S 36°44_27_E)--1-1.wav,KAREN C SCHOOL (1°20_19_S 36°44_27_E),9,PSV,-34.833946,17.651857,63.60851287398491,63.72734977011299,33.33
Karen C School (1°20_19_S 36°44_27_E)\Karen C School (1°20_19_S 36°44_27_E)--1-2.wav,KAREN C SCHOOL (1°20_19_S 36°44_27_E),3,SUV,-34.149025,18.490522,63.60851287398491,63.72734977011299,33.33
Karen C School (1°20_19_S 36°44_27_E)\Karen C School (1°20_19_S 36°44_27_E)--1-3.wav,KAREN C SCHOOL (1°20_19_S 36°44_27_E),3,SUV,-32.831215,18.17589,63.60851287398491,63.72734977011299,33.33
Karen C School (1°20_19_S 36°44_27_E)\Karen C School (1°20_19_S 36°44_27_E)--1-4.wav,KAREN C SCHOOL (1°20_19_S 36°44_27_E),3,SUV,-33.53263,19.633242,63.60851287398491,63.72734977011299,33.33
Karen C School (1°20_19_S 36°44_27_E)\Karen C School (1°20_19_S 36°44_27_E)--1-5.wav,KAREN C SCHOOL (1°20_19_S 36°44_27_E),3,SUV,-30.066742,20.33242,63.60851287398491,63.72734977011299,33.33
Karen C School (1°20_19_S 36°44_27_E)\Karen C School (1°20_19_S 36°44_27_E)--1-6.wav,KAREN C SCHOOL (1°20_19_S 36°44_27_E),3,SUV,-29.94337,18.52717,63.60851287398491,63.72734977011299,33.33
Karen C School (1°20_19_S 36°44_27_E)\Karen C School (1°20_19_S 36°44_27_E)--1-7.wav,KAREN C SCHOOL (1°20_19_S 36°44_27_E),3,SUV,-31.9576,19.143661,63.60851287398491,63.72734977011299,33.33
Karen C School (1°20_19_S 36°44_27_E)\Karen C School (1°20_19_S 36°44_27_E)--1-8.wav,KAREN C SCHOOL (1°20_19_S 36°44_27_E),3,SUV,-34.477222,18.992073,63.60851287398491,63.72734977011299,33.33
Karen C School (1°20_19_S 36°44_27_E)\Karen C School (1°20_19_S 36°44_27_E)--1-9.wav,KAREN C SCHOOL (1°20_19_S 36°44_27_E),1,motorcycle,-32.187035,18.427662,63.60851287398491,63.72734977011299,33.33
Karen C School (1°20_19_S 36°44_27_E)\Karen C School (1°20_19_S 36°44_27_E)--1-10.wav,KAREN C SCHOOL (1°20_19_S 36°44_27_E),3,SUV,-36.52535,18.02551,63.60851287398491,63.72734977011299,33.33
Karen C School (1°20_19_S 36°44_27_E)\Karen C School (1°20_19_S 36°44_27_E)--1-11.wav,KAREN C SCHOOL (1°20_19_S 36°44_27_E),1,motorcycle,-36.35314,17.234297,63.60851287398491,63.72734977011299,33.33
Karen C School (1°20_19_S 36°44_27_E)\Karen C School (1°20_19_S 36°44_27_E)--1-12.wav,KAREN C SCHOOL (1°20_19_S 36°44_27_E),9,PSV,-34.076996,17.301693,63.60851287398491,63.72734977011299,33.33
Karen C School (1°20_19_S 36°44_27_E)\Karen C School (1°20_19_S 36°44_27_E)--1-13.wav,KAREN C SCHOOL (1°20_19_S 36°44_27_E),3,SUV,-34.67688,18.141253,63.60851287398491,63.72734977011299,33.33
Karen C School (1°20_19_S 36°44_27_E)\Karen C School (1°20_19_S 36°44_27_E)--1-14.wav,KAREN C SCHOOL (1°20_19_S 36°44_27_E),3,SUV,-24.64562,18.494967,63.60851287398491,63.72734977011299,33.33
Karen C School (1°20_19_S 36°44_27_E)\Karen C School (1°20_19_S 36°44_27_E)--1-15.wav,KAREN C SCHOOL (1°20_19_S 36°44_27_E),3,SUV,-30.846386,17.302933,63.60851287398491,63.72734977011299,33.33
Karen C School (1°20_19_S 36°44_27_E)\Karen C School (1°20_19_S 36°44_27_E)--1-16.wav,KAREN C SCHOOL (1°20_19_S 36°44_27_E),10,other,-36.417305,17.992807,63.60851287398491,63.72734977011299,33.33
Karen C School (1°20_19_S 36°44_27_E)\Karen C School (1°20_19_S 36°44_27_E)--1-17.wav,KAREN C SCHOOL (1°20_19_S 36°44_27_E),3,SUV,-31.702282,17.509405,63.60851287398491,63.72734977011299,33.33
Karen C School (1°20_19_S 36°44_27_E)\Karen C School (1°20_19_S 36°44_27_E)--1-18.wav,KAREN C SCHOOL (1°20_19_S 36°44_27_E),1,motorcycle,-34.4307,17.452951,63.60851287398491,63.72734977011299,33.33
Karen C School (1°20_19_S 36°44_27_E)\Karen C School (1°20_19_S 36°44_27_E)--1-19.wav,KAREN C SCHOOL (1°20_19_S 36°44_27_E),1,motorcycle,-34.24386,18.275122,63.60851287398491,63.72734977011299,33.33
Karen C School (1°20_19_S 36°44_27_E)\Karen C School (1°20_19_S 36°44_27_E)--1-20.wav,KAREN C SCHOOL (1°20_19_S 36°44_27_E),1,motorcycle,-32.516487,19.28408,63.60851287398491,63.72734977011299,33.33
Karen C School (1°20_19_S 36°44_27_E)\Karen C School (1°20_19_S 36°44_27_E)--1-21.wav,KAREN C SCHOOL (1°20_19_S 36°44_27_E),8,bus,-32.6556,19.58062,63.60851287398491,63.72734977011299,33.33
Karen C School (1°20_19_S 36°44_27_E)\Karen C School (1°20_19_S 36°44_27_E)--1-22.wav,KAREN C SCHOOL (1°20_19_S 36°44_27_E),1,motorcycle,-32.481453,19.178265,63.60851287398491,63.72734977011299,33.33
Karen C School (1°20_19_S 36°44_27_E)\Karen C School (1°20_19_S 36°44_27_E)--1-23.wav,KAREN C SCHOOL (1°20_19_S 36°44_27_E),3,SUV,-35.37106,19.128325,63.60851287398491,63.72734977011299,33.33
Karen C School (1°20_19_S 36°44_27_E)\Karen C School (1°20_19_S 36°44_27_E)--1-24.wav,KAREN C SCHOOL (1°20_19_S 36°44_27_E),1,motorcycle,-33.04026,18.409464,63.60851287398491,63.72734977011299,33.33
Karen C School (1°20_19_S 36°44_27_E)\Karen C School (1°20_19_S 36°44_27_E)--1-25.wav,KAREN C SCHOOL (1°20_19_S 36°44_27_E),1,motorcycle,-30.82478,18.82529,63.60851287398491,63.72734977011299,33.33
Karen C School (1°20_19_S 36°44_27_E)\Karen C School (1°20_19_S 36°44_27_E)--1-26.wav,KAREN C SCHOOL (1°20_19_S 36°44_27_E),1,motorcycle,-28.601141,20.320753,63.60851287398491,63.72734977011299,33.33
Karen C School (1°20_19_S 36°44_27_E)\Karen C School (1°20_19_S 36°44_27_E)--1-27.wav,KAREN C SCHOOL (1°20_19_S 36°44_27_E),1,motorcycle,-26.780874,20.905294,63.60851287398491,63.72734977011299,33.33
Karen C School (1°20_19_S 36°44_27_E)\Karen C School (1°20_19_S 36°44_27_E)--1-28.wav,KAREN C SCHOOL (1°20_19_S 36°44_27_E),9,PSV,-32.10888,18.694801,63.60851287398491,63.72734977011299,33.33
Karen C School (1°20_19_S 36°44_27_E)\Karen C School (1°20_19_S 36°44_27_E)--1-29.wav,KAREN C SCHOOL (1°20_19_S 36°44_27_E),3,SUV,-32.394268,18.210543,63.60851287398491,63.72734977011299,33.33
Karen C School (1°20_19_S 36°44_27_E)\Karen C School (1°20_19_S 36°44_27_E)--1-30.wav,KAREN C SCHOOL (1°20_19_S 36°44_27_E),1,motorcycle,-35.298923,18.296225,63.60851287398491,63.72734977011299,33.33
Karen C School (1°20_19_S 36°44_27_E)\Karen C School (1°20_19_S 36°44_27_E)--1-31.wav,KAREN C SCHOOL (1°20_19_S 36°44_27_E),1,motorcycle,-33.81069,16.889975,63.60851287398491,63.72734977011299,33.33
Karen C School (1°20_19_S 36°44_27_E)\Karen C School (1°20_19_S 36°44_27_E)--1-32.wav,KAREN C SCHOOL (1°20_19_S 36°44_27_E),8,bus,-32.883045,17.446465,63.60851287398491,63.72734977011299,33.33
Karen C School (1°20_19_S 36°44_27_E)\Karen C School (1°20_19_S 36°44_27_E)--1-33.wav,KAREN C SCHOOL (1°20_19_S 36°44_27_E),1,motorcycle,-34.80318,18.314453,63.60851287398491,63.72734977011299,33.33
Karen C School (1°20_19_S 36°44_27_E)\Karen C School (1°20_19_S 36°44_27_E)--1-34.wav,KAREN C SCHOOL (1°20_19_S 36°44_27_E),1,motorcycle,-34.632023,17.420921,63.60851287398491,63.72734977011299,33.33
Karen C School (1°20_19_S 36°44_27_E)\Karen C School (1°20_19_S 36°44_27_E)--1-35.wav,KAREN C SCHOOL (1°20_19_S 36°44_27_E),3,SUV,-34.93045,16.361147,63.60851287398491,63.72734977011299,33.33
Karen C School (1°20_19_S 36°44_27_E)\Karen C School (1°20_19_S 36°44_27_E)--1-36.wav,KAREN C SCHOOL (1°20_19_S 36°44_27_E),9,PSV,-33.955265,17.827614,63.60851287398491,63.72734977011299,33.33
Karen C School (1°20_19_S 36°44_27_E)\Karen C School (1°20_19_S 36°44_27_E)--1-37.wav,KAREN C SCHOOL (1°20_19_S 36°44_27_E),9,PSV,-36.453136,17.165627,63.60851287398491,63.72734977011299,33.33
Karen C School (1°20_19_S 36°44_27_E)\Karen C School (1°20_19_S 36°44_27_E)--1-38.wav,KAREN C SCHOOL (1°20_19_S 36°44_27_E),3,SUV,-37.417023,16.222082,63.60851287398491,63.72734977011299,33.33
Karen C School (1°20_19_S 36°44_27_E)\Karen C School (1°20_19_S 36°44_27_E)--1-39.wav,KAREN C SCHOOL (1°20_19_S 36°44_27_E),1,motorcycle,-36.61331,19.407024,63.60851287398491,63.72734977011299,33.33
Karen C School (1°20_19_S 36°44_27_E)\Karen C School (1°20_19_S 36°44_27_E)--1-40.wav,KAREN C SCHOOL (1°20_19_S 36°44_27_E),9,PSV,-34.731976,18.158482,63.60851287398491,63.72734977011299,33.33
Karen C School (1°20_19_S 36°44_27_E)\Karen C School (1°20_19_S 36°44_27_E)--1-41.wav,KAREN C SCHOOL (1°20_19_S 36°44_27_E),9,PSV,-36.444313,19.299618,63.60851287398491,63.72734977011299,33.33
Karen C School (1°20_19_S 36°44_27_E)\Karen C School (1°20_19_S 36°44_27_E)--1-42.wav,KAREN C SCHOOL (1°20_19_S 36°44_27_E),1,motorcycle,-34.469627,17.927011,63.60851287398491,63.72734977011299,33.33
Karen C School (1°20_19_S 36°44_27_E)\Karen C School (1°20_19_S 36°44_27_E)--1-43.wav,KAREN C SCHOOL (1°20_19_S 36°44_27_E),9,PSV,-35.377823,16.81911,63.60851287398491,63.72734977011299,33.33
Karen C School (1°20_19_S 36°44_27_E)\Karen C School (1°20_19_S 36°44_27_E)--1-44.wav,KAREN C SCHOOL (1°20_19_S 36°44_27_E),1,motorcycle,-33.330055,17.586765,63.60851287398491,63.72734977011299,33.33
Karen C School (1°20_19_S 36°44_27_E)\Karen C School (1°20_19_S 36°44_27_E)--1-45.wav,KAREN C SCHOOL (1°20_19_S 36°44_27_E),8,bus,-34.48805,17.6698,63.60851287398491,63.72734977011299,33.33
Karen C School (1°20_19_S 36°44_27_E)\Karen C School (1°20_19_S 36°44_27_E)--1-46.wav,KAREN C SCHOOL (1°20_19_S 36°44_27_E),1,motorcycle,-35.02662,16.407444,63.60851287398491,63.72734977011299,33.33
Karen C School (1°20_19_S 36°44_27_E)\Karen C School (1°20_19_S 36°44_27_E)--1-47.wav,KAREN C SCHOOL (1°20_19_S 36°44_27_E),1,motorcycle,-36.357456,16.980856,63.60851287398491,63.72734977011299,33.33
Karen C School (1°20_19_S 36°44_27_E)\Karen C School (1°20_19_S 36°44_27_E)--1-48.wav,KAREN C SCHOOL (1°20_19_S 36°44_27_E),3,SUV,-34.543858,18.968172,63.60851287398491,63.72734977011299,33.33
Karen C School (1°20_19_S 36°44_27_E)\Karen C School (1°20_19_S 36°44_27_E)--1-49.wav,KAREN C SCHOOL (1°20_19_S 36°44_27_E),9,PSV,-34.73529,18.112402,63.60851287398491,63.72734977011299,33.33
Karen C School (1°20_19_S 36°44_27_E)\Karen C School (1°20_19_S 36°44_27_E)--1-50.wav,KAREN C SCHOOL (1°20_19_S 36°44_27_E),9,PSV,-28.553976,18.514627,63.60851287398491,63.72734977011299,33.33
Karen C School (1°20_19_S 36°44_27_E)\Karen C School (1°20_19_S 36°44_27_E)--1-51.wav,KAREN C SCHOOL (1°20_19_S 36°44_27_E),1,motorcycle,-36.584484,18.657032,63.60851287398491,63.72734977011299,33.33
Karen C School (1°20_19_S 36°44_27_E)\Karen C School (1°20_19_S 36°44_27_E)--1-775.wav,KAREN C SCHOOL (1°20_19_S 36°44_27_E),1,motorcycle,-35.0049,20.919966,63.60851287398491,63.72734977011299,33.33
Kawangware (1°17_09_ S 36°44_21_E)\Kawangware (1°17_09_ S 36°44_21_E)--1-0.wav,KAWANGWARE (1°17_09_ S 36°44_21_E),9,PSV,-34.056557,18.47107,66.23340986298456,66.32224026937182,25.0
Kawangware (1°17_09_ S 36°44_21_E)\Kawangware (1°17_09_ S 36°44_21_E)--1-1.wav,KAWANGWARE (1°17_09_ S 36°44_21_E),1,motorcycle,-35.7109,19.473972,66.23340986298456,66.32224026937182,25.0
Kawangware (1°17_09_ S 36°44_21_E)\Kawangware (1°17_09_ S 36°44_21_E)--1-2.wav,KAWANGWARE (1°17_09_ S 36°44_21_E),1,motorcycle,-33.299004,21.141563,66.23340986298456,66.32224026937182,25.0
Kawangware (1°17_09_ S 36°44_21_E)\Kawangware (1°17_09_ S 36°44_21_E)--1-3.wav,KAWANGWARE (1°17_09_ S 36°44_21_E),1,motorcycle,-32.31025,16.989403,66.23340986298456,66.32224026937182,25.0
Kawangware (1°17_09_ S 36°44_21_E)\Kawangware (1°17_09_ S 36°44_21_E)--1-4.wav,KAWANGWARE (1°17_09_ S 36°44_21_E),1,motorcycle,-35.93296,17.876377,66.23340986298456,66.32224026937182,25.0
Kawangware (1°17_09_ S 36°44_21_E)\Kawangware (1°17_09_ S 36°44_21_E)--1-5.wav,KAWANGWARE (1°17_09_ S 36°44_21_E),8,bus,-35.22811,18.94118,66.23340986298456,66.32224026937182,25.0
Kawangware (1°17_09_ S 36°44_21_E)\Kawangware (1°17_09_ S 36°44_21_E)--1-6.wav,KAWANGWARE (1°17_09_ S 36°44_21_E),1,motorcycle,-34.60523,19.989368,66.23340986298456,66.32224026937182,25.0
Kawangware (1°17_09_ S 36°44_21_E)\Kawangware (1°17_09_ S 36°44_21_E)--1-7.wav,KAWANGWARE (1°17_09_ S 36°44_21_E),1,motorcycle,-34.270844,20.221378,66.23340986298456,66.32224026937182,25.0
Kawangware (1°17_09_ S 36°44_21_E)\Kawangware (1°17_09_ S 36°44_21_E)--1-8.wav,KAWANGWARE (1°17_09_ S 36°44_21_E),1,motorcycle,-34.565887,19.814285,66.23340986298456,66.32224026937182,25.0
Kawangware (1°17_09_ S 36°44_21_E)\Kawangware (1°17_09_ S 36°44_21_E)--1-9.wav,KAWANGWARE (1°17_09_ S 36°44_21_E),1,motorcycle,-36.74455,19.964413,66.23340986298456,66.32224026937182,25.0
Kawangware (1°17_09_ S 36°44_21_E)\Kawangware (1°17_09_ S 36°44_21_E)--1-10.wav,KAWANGWARE (1°17_09_ S 36°44_21_E),9,PSV,-37.52442,20.293287,66.23340986298456,66.32224026937182,25.0
Kawangware (1°17_09_ S 36°44_21_E)\Kawangware (1°17_09_ S 36°44_21_E)--1-11.wav,KAWANGWARE (1°17_09_ S 36°44_21_E),1,motorcycle,-34.78698,17.733456,66.23340986298456,66.32224026937182,25.0
Kawangware (1°17_09_ S 36°44_21_E)\Kawangware (1°17_09_ S 36°44_21_E)--1-12.wav,KAWANGWARE (1°17_09_ S 36°44_21_E),9,PSV,-27.691029,18.752018,66.23340986298456,66.32224026937182,25.0
Kawangware (1°17_09_ S 36°44_21_E)\Kawangware (1°17_09_ S 36°44_21_E)--1-13.wav,KAWANGWARE (1°17_09_ S 36°44_21_E),8,bus,-35.58911,20.707561,66.23340986298456,66.32224026937182,25.0
Kawangware (1°17_09_ S 36°44_21_E)\Kawangware (1°17_09_ S 36°44_21_E)--1-14.wav,KAWANGWARE (1°17_09_ S 36°44_21_E),9,PSV,-31.765614,17.385647,66.23340986298456,66.32224026937182,25.0
Kawangware (1°17_09_ S 36°44_21_E)\Kawangware (1°17_09_ S 36°44_21_E)--1-15.wav,KAWANGWARE (1°17_09_ S 36°44_21_E),9,PSV,-28.747524,19.856617,66.23340986298456,66.32224026937182,25.0
Kawangware (1°17_09_ S 36°44_21_E)\Kawangware (1°17_09_ S 36°44_21_E)--1-16.wav,KAWANGWARE (1°17_09_ S 36°44_21_E),1,motorcycle,-33.906853,20.49978,66.23340986298456,66.32224026937182,25.0
Kawangware (1°17_09_ S 36°44_21_E)\Kawangware (1°17_09_ S 36°44_21_E)--1-17.wav,KAWANGWARE (1°17_09_ S 36°44_21_E),1,motorcycle,-33.338833,20.031572,66.23340986298456,66.32224026937182,25.0
Kawangware (1°17_09_ S 36°44_21_E)\Kawangware (1°17_09_ S 36°44_21_E)--1-18.wav,KAWANGWARE (1°17_09_ S 36°44_21_E),1,motorcycle,-34.002335,19.991266,66.23340986298456,66.32224026937182,25.0
Kawangware (1°17_09_ S 36°44_21_E)\Kawangware (1°17_09_ S 36°44_21_E)--1-19.wav,KAWANGWARE (1°17_09_ S 36°44_21_E),9,PSV,-33.70099,18.216377,66.23340986298456,66.32224026937182,25.0
Kawangware (1°17_09_ S 36°44_21_E)\Kawangware (1°17_09_ S 36°44_21_E)--1-20.wav,KAWANGWARE (1°17_09_ S 36°44_21_E),1,motorcycle,-31.279352,18.322735,66.23340986298456,66.32224026937182,25.0
Kawangware (1°17_09_ S 36°44_21_E)\Kawangware (1°17_09_ S 36°44_21_E)--1-21.wav,KAWANGWARE (1°17_09_ S 36°44_21_E),9,PSV,-29.740503,15.614824,66.23340986298456,66.32224026937182,25.0
Kawangware (1°17_09_ S 36°44_21_E)\Kawangware (1°17_09_ S 36°44_21_E)--1-22.wav,KAWANGWARE (1°17_09_ S 36°44_21_E),1,motorcycle,-30.020224,19.71045,66.23340986298456,66.32224026937182,25.0
Kawangware (1°17_09_ S 36°44_21_E)\Kawangware (1°17_09_ S 36°44_21_E)--1-23.wav,KAWANGWARE (1°17_09_ S 36°44_21_E),9,PSV,-21.799007,15.845369,66.23340986298456,66.32224026937182,25.0
Kawangware (1°17_09_ S 36°44_21_E)\Kawangware (1°17_09_ S 36°44_21_E)--1-24.wav,KAWANGWARE (1°17_09_ S 36°44_21_E),9,PSV,-25.279224,15.859824,66.23340986298456,66.32224026937182,25.0
Kawangware (1°17_09_ S 36°44_21_E)\Kawangware (1°17_09_ S 36°44_21_E)--1-25.wav,KAWANGWARE (1°17_09_ S 36°44_21_E),1,motorcycle,-30.130234,16.894306,66.23340986298456,66.32224026937182,25.0
Kawangware (1°17_09_ S 36°44_21_E)\Kawangware (1°17_09_ S 36°44_21_E)--1-26.wav,KAWANGWARE (1°17_09_ S 36°44_21_E),1,motorcycle,-28.67594,17.552118,66.23340986298456,66.32224026937182,25.0
Kawangware (1°17_09_ S 36°44_21_E)\Kawangware (1°17_09_ S 36°44_21_E)--1-27.wav,KAWANGWARE (1°17_09_ S 36°44_21_E),9,PSV,-28.974493,18.475142,66.23340986298456,66.32224026937182,25.0
Kawangware (1°17_09_ S 36°44_21_E)\Kawangware (1°17_09_ S 36°44_21_E)--1-28.wav,KAWANGWARE (1°17_09_ S 36°44_21_E),9,PSV,-30.816395,19.509941,66.23340986298456,66.32224026937182,25.0
Kawangware (1°17_09_ S 36°44_21_E)\Kawangware (1°17_09_ S 36°44_21_E)--1-29.wav,KAWANGWARE (1°17_09_ S 36°44_21_E),1,motorcycle,-31.95608,20.12755,66.23340986298456,66.32224026937182,25.0
Kawangware (1°17_09_ S 36°44_21_E)\Kawangware (1°17_09_ S 36°44_21_E)--1-30.wav,KAWANGWARE (1°17_09_ S 36°44_21_E),1,motorcycle,-34.724846,20.87617,66.23340986298456,66.32224026937182,25.0
Kawangware (1°17_09_ S 36°44_21_E)\Kawangware (1°17_09_ S 36°44_21_E)--1-31.wav,KAWANGWARE (1°17_09_ S 36°44_21_E),9,PSV,-34.251205,21.267748,66.23340986298456,66.32224026937182,25.0
Kawangware (1°17_09_ S 36°44_21_E)\Kawangware (1°17_09_ S 36°44_21_E)--1-32.wav,KAWANGWARE (1°17_09_ S 36°44_21_E),9,PSV,-32.366463,18.293922,66.23340986298456,66.32224026937182,25.0
Kawangware (1°17_09_ S 36°44_21_E)\Kawangware (1°17_09_ S 36°44_21_E)--1-33.wav,KAWANGWARE (1°17_09_ S 36°44_21_E),1,motorcycle,-34.521477,20.83636,66.23340986298456,66.32224026937182,25.0
Kawangware (1°17_09_ S 36°44_21_E)\Kawangware (1°17_09_ S 36°44_21_E)--1-34.wav,KAWANGWARE (1°17_09_ S 36°44_21_E),9,PSV,-35.538017,18.258013,66.23340986298456,66.32224026937182,25.0
Kawangware (1°17_09_ S 36°44_21_E)\Kawangware (1°17_09_ S 36°44_21_E)--1-35.wav,KAWANGWARE (1°17_09_ S 36°44_21_E),9,PSV,-32.73358,18.760805,66.23340986298456,66.32224026937182,25.0
Kawangware (1°17_09_ S 36°44_21_E)\Kawangware (1°17_09_ S 36°44_21_E)--1-36.wav,KAWANGWARE (1°17_09_ S 36°44_21_E),1,motorcycle,-33.019127,19.122538,66.23340986298456,66.32224026937182,25.0
Kawangware (1°17_09_ S 36°44_21_E)\Kawangware (1°17_09_ S 36°44_21_E)--1-37.wav,KAWANGWARE (1°17_09_ S 36°44_21_E),9,PSV,-33.616222,20.020176,66.23340986298456,66.32224026937182,25.0
Kawangware (1°17_09_ S 36°44_21_E)\Kawangware (1°17_09_ S 36°44_21_E)--1-38.wav,KAWANGWARE (1°17_09_ S 36°44_21_E),1,motorcycle,-33.624493,18.376701,66.23340986298456,66.32224026937182,25.0
Kawangware (1°17_09_ S 36°44_21_E)\Kawangware (1°17_09_ S 36°44_21_E)--1-39.wav,KAWANGWARE (1°17_09_ S 36°44_21_E),1,motorcycle,-34.72456,18.16439,66.23340986298456,66.32224026937182,25.0
Kawangware (1°17_09_ S 36°44_21_E)\Kawangware (1°17_09_ S 36°44_21_E)--1-40.wav,KAWANGWARE (1°17_09_ S 36°44_21_E),9,PSV,-36.405914,16.967653,66.23340986298456,66.32224026937182,25.0
Kawangware (1°17_09_ S 36°44_21_E)\Kawangware (1°17_09_ S 36°44_21_E)--1-41.wav,KAWANGWARE (1°17_09_ S 36°44_21_E),1,motorcycle,-32.40431,20.670427,66.23340986298456,66.32224026937182,25.0
Kawangware (1°17_09_ S 36°44_21_E)\Kawangware (1°17_09_ S 36°44_21_E)--1-42.wav,KAWANGWARE (1°17_09_ S 36°44_21_E),1,motorcycle,-35.1916,19.95805,66.23340986298456,66.32224026937182,25.0
Kawangware (1°17_09_ S 36°44_21_E)\Kawangware (1°17_09_ S 36°44_21_E)--1-43.wav,KAWANGWARE (1°17_09_ S 36°44_21_E),9,PSV,-33.30709,19.747458,66.23340986298456,66.32224026937182,25.0
Kawangware (1°17_09_ S 36°44_21_E)\Kawangware (1°17_09_ S 36°44_21_E)--1-44.wav,KAWANGWARE (1°17_09_ S 36°44_21_E),0,bicycle,-28.377462,17.975573,66.23340986298456,66.32224026937182,25.0
Kawangware (1°17_09_ S 36°44_21_E)\Kawangware (1°17_09_ S 36°44_21_E)--1-45.wav,KAWANGWARE (1°17_09_ S 36°44_21_E),0,bicycle,-27.076294,22.078022,66.23340986298456,66.32224026937182,25.0
Kawangware (1°17_09_ S 36°44_21_E)\Kawangware (1°17_09_ S 36°44_21_E)--1-46.wav,KAWANGWARE (1°17_09_ S 36°44_21_E),9,PSV,-25.645977,24.166523,66.23340986298456,66.32224026937182,25.0
Kawangware (1°17_09_ S 36°44_21_E)\Kawangware (1°17_09_ S 36°44_21_E)--1-47.wav,KAWANGWARE (1°17_09_ S 36°44_21_E),1,motorcycle,-35.81179,25.006779,66.23340986298456,66.32224026937182,25.0
Kawangware (1°17_09_ S 36°44_21_E)\Kawangware (1°17_09_ S 36°44_21_E)--1-48.wav,KAWANGWARE (1°17_09_ S 36°44_21_E),10,other,-32.67121,21.88365,66.23340986298456,66.32224026937182,25.0
Kawangware (1°17_09_ S 36°44_21_E)\Kawangware (1°17_09_ S 36°44_21_E)--1-49.wav,KAWANGWARE (1°17_09_ S 36°44_21_E),10,other,-27.172394,20.359577,66.23340986298456,66.32224026937182,25.0
Kawangware (1°17_09_ S 36°44_21_E)\Kawangware (1°17_09_ S 36°44_21_E)--1-826.wav,KAWANGWARE (1°17_09_ S 36°44_21_E),10,other,-29.441711,19.616587,66.23340986298456,66.32224026937182,25.0
KCB Utawala Eastern Bypass(1°17_04_S 36°57_25_E)\KCB Utawala Eastern Bypass(1°17_04_S 36°57_25_E)--1-0.wav,KCB UTAWALA EASTERN BYPASS(1°17_04_S 36°57_25_E),1,motorcycle,-35.477345,19.36732,67.38566290675251,67.63911549516348,70.0
KCB Utawala Eastern Bypass(1°17_04_S 36°57_25_E)\KCB Utawala Eastern Bypass(1°17_04_S 36°57_25_E)--1-1.wav,KCB UTAWALA EASTERN BYPASS(1°17_04_S 36°57_25_E),1,motorcycle,-32.3466,18.674366,67.38566290675251,67.63911549516348,70.0
KCB Utawala Eastern Bypass(1°17_04_S 36°57_25_E)\KCB Utawala Eastern Bypass(1°17_04_S 36°57_25_E)--1-2.wav,KCB UTAWALA EASTERN BYPASS(1°17_04_S 36°57_25_E),1,motorcycle,-32.093784,18.070723,67.38566290675251,67.63911549516348,70.0
KCB Utawala Eastern Bypass(1°17_04_S 36°57_25_E)\KCB Utawala Eastern Bypass(1°17_04_S 36°57_25_E)--1-3.wav,KCB UTAWALA EASTERN BYPASS(1°17_04_S 36°57_25_E),0,bicycle,-32.379158,17.542967,67.38566290675251,67.63911549516348,70.0
KCB Utawala Eastern Bypass(1°17_04_S 36°57_25_E)\KCB Utawala Eastern Bypass(1°17_04_S 36°57_25_E)--1-4.wav,KCB UTAWALA EASTERN BYPASS(1°17_04_S 36°57_25_E),0,bicycle,-32.410873,17.598455,67.38566290675251,67.63911549516348,70.0
KCB Utawala Eastern Bypass(1°17_04_S 36°57_25_E)\KCB Utawala Eastern Bypass(1°17_04_S 36°57_25_E)--1-5.wav,KCB UTAWALA EASTERN BYPASS(1°17_04_S 36°57_25_E),1,motorcycle,-29.041697,16.340818,67.38566290675251,67.63911549516348,70.0
KCB Utawala Eastern Bypass(1°17_04_S 36°57_25_E)\KCB Utawala Eastern Bypass(1°17_04_S 36°57_25_E)--1-6.wav,KCB UTAWALA EASTERN BYPASS(1°17_04_S 36°57_25_E),1,motorcycle,-32.4777,17.214954,67.38566290675251,67.63911549516348,70.0
KCB Utawala Eastern Bypass(1°17_04_S 36°57_25_E)\KCB Utawala Eastern Bypass(1°17_04_S 36°57_25_E)--1-7.wav,KCB UTAWALA EASTERN BYPASS(1°17_04_S 36°57_25_E),1,motorcycle,-33.175964,16.46039,67.38566290675251,67.63911549516348,70.0
KCB Utawala Eastern Bypass(1°17_04_S 36°57_25_E)\KCB Utawala Eastern Bypass(1°17_04_S 36°57_25_E)--1-8.wav,KCB UTAWALA EASTERN BYPASS(1°17_04_S 36°57_25_E),1,motorcycle,-32.348763,19.075483,67.38566290675251,67.63911549516348,70.0
KCB Utawala Eastern Bypass(1°17_04_S 36°57_25_E)\KCB Utawala Eastern Bypass(1°17_04_S 36°57_25_E)--1-9.wav,KCB UTAWALA EASTERN BYPASS(1°17_04_S 36°57_25_E),1,motorcycle,-33.782288,18.186502,67.38566290675251,67.63911549516348,70.0
KCB Utawala Eastern Bypass(1°17_04_S 36°57_25_E)\KCB Utawala Eastern Bypass(1°17_04_S 36°57_25_E)--1-10.wav,KCB UTAWALA EASTERN BYPASS(1°17_04_S 36°57_25_E),0,bicycle,-32.697235,19.08668,67.38566290675251,67.63911549516348,70.0
KCB Utawala Eastern Bypass(1°17_04_S 36°57_25_E)\KCB Utawala Eastern Bypass(1°17_04_S 36°57_25_E)--1-11.wav,KCB UTAWALA EASTERN BYPASS(1°17_04_S 36°57_25_E),1,motorcycle,-32.174614,18.934494,67.38566290675251,67.63911549516348,70.0
KCB Utawala Eastern Bypass(1°17_04_S 36°57_25_E)\KCB Utawala Eastern Bypass(1°17_04_S 36°57_25_E)--1-12.wav,KCB UTAWALA EASTERN BYPASS(1°17_04_S 36°57_25_E),1,motorcycle,-30.989191,18.906466,67.38566290675251,67.63911549516348,70.0
KCB Utawala Eastern Bypass(1°17_04_S 36°57_25_E)\KCB Utawala Eastern Bypass(1°17_04_S 36°57_25_E)--1-13.wav,KCB UTAWALA EASTERN BYPASS(1°17_04_S 36°57_25_E),1,motorcycle,-33.355896,17.584309,67.38566290675251,67.63911549516348,70.0
KCB Utawala Eastern Bypass(1°17_04_S 36°57_25_E)\KCB Utawala Eastern Bypass(1°17_04_S 36°57_25_E)--1-14.wav,KCB UTAWALA EASTERN BYPASS(1°17_04_S 36°57_25_E),0,bicycle,-30.147686,17.84669,67.38566290675251,67.63911549516348,70.0
KCB Utawala Eastern Bypass(1°17_04_S 36°57_25_E)\KCB Utawala Eastern Bypass(1°17_04_S 36°57_25_E)--1-15.wav,KCB UTAWALA EASTERN BYPASS(1°17_04_S 36°57_25_E),1,motorcycle,-36.28839,17.801985,67.38566290675251,67.63911549516348,70.0
KCB Utawala Eastern Bypass(1°17_04_S 36°57_25_E)\KCB Utawala Eastern Bypass(1°17_04_S 36°57_25_E)--1-16.wav,KCB UTAWALA EASTERN BYPASS(1°17_04_S 36°57_25_E),1,motorcycle,-33.519398,17.8698,67.38566290675251,67.63911549516348,70.0
KCB Utawala Eastern Bypass(1°17_04_S 36°57_25_E)\KCB Utawala Eastern Bypass(1°17_04_S 36°57_25_E)--1-17.wav,KCB UTAWALA EASTERN BYPASS(1°17_04_S 36°57_25_E),8,bus,-34.98455,17.045458,67.38566290675251,67.63911549516348,70.0
KCB Utawala Eastern Bypass(1°17_04_S 36°57_25_E)\KCB Utawala Eastern Bypass(1°17_04_S 36°57_25_E)--1-18.wav,KCB UTAWALA EASTERN BYPASS(1°17_04_S 36°57_25_E),1,motorcycle,-37.248455,18.219637,67.38566290675251,67.63911549516348,70.0
KCB Utawala Eastern Bypass(1°17_04_S 36°57_25_E)\KCB Utawala Eastern Bypass(1°17_04_S 36°57_25_E)--1-19.wav,KCB UTAWALA EASTERN BYPASS(1°17_04_S 36°57_25_E),1,motorcycle,-33.93944,18.845407,67.38566290675251,67.63911549516348,70.0
KCB Utawala Eastern Bypass(1°17_04_S 36°57_25_E)\KCB Utawala Eastern Bypass(1°17_04_S 36°57_25_E)--1-20.wav,KCB UTAWALA EASTERN BYPASS(1°17_04_S 36°57_25_E),1,motorcycle,-35.38672,18.831438,67.38566290675251,67.63911549516348,70.0
KCB Utawala Eastern Bypass(1°17_04_S 36°57_25_E)\KCB Utawala Eastern Bypass(1°17_04_S 36°57_25_E)--1-21.wav,KCB UTAWALA EASTERN BYPASS(1°17_04_S 36°57_25_E),1,motorcycle,-33.70731,17.629429,67.38566290675251,67.63911549516348,70.0
KCB Utawala Eastern Bypass(1°17_04_S 36°57_25_E)\KCB Utawala Eastern Bypass(1°17_04_S 36°57_25_E)--1-22.wav,KCB UTAWALA EASTERN BYPASS(1°17_04_S 36°57_25_E),0,bicycle,-32.001274,17.187506,67.38566290675251,67.63911549516348,70.0
KCB Utawala Eastern Bypass(1°17_04_S 36°57_25_E)\KCB Utawala Eastern Bypass(1°17_04_S 36°57_25_E)--1-23.wav,KCB UTAWALA EASTERN BYPASS(1°17_04_S 36°57_25_E),10,other,-31.2996,21.173212,67.38566290675251,67.63911549516348,70.0
KCB Utawala Eastern Bypass(1°17_04_S 36°57_25_E)\KCB Utawala Eastern Bypass(1°17_04_S 36°57_25_E)--1-24.wav,KCB UTAWALA EASTERN BYPASS(1°17_04_S 36°57_25_E),1,motorcycle,-31.917105,18.581457,67.38566290675251,67.63911549516348,70.0
KCB Utawala Eastern Bypass(1°17_04_S 36°57_25_E)\KCB Utawala Eastern Bypass(1°17_04_S 36°57_25_E)--1-25.wav,KCB UTAWALA EASTERN BYPASS(1°17_04_S 36°57_25_E),1,motorcycle,-30.02058,19.552933,67.38566290675251,67.63911549516348,70.0
KCB Utawala Eastern Bypass(1°17_04_S 36°57_25_E)\KCB Utawala Eastern Bypass(1°17_04_S 36°57_25_E)--1-26.wav,KCB UTAWALA EASTERN BYPASS(1°17_04_S 36°57_25_E),1,motorcycle,-33.137993,17.865505,67.38566290675251,67.63911549516348,70.0
KCB Utawala Eastern Bypass(1°17_04_S 36°57_25_E)\KCB Utawala Eastern Bypass(1°17_04_S 36°57_25_E)--1-27.wav,KCB UTAWALA EASTERN BYPASS(1°17_04_S 36°57_25_E),1,motorcycle,-29.75761,17.270678,67.38566290675251,67.63911549516348,70.0
KCB Utawala Eastern Bypass(1°17_04_S 36°57_25_E)\KCB Utawala Eastern Bypass(1°17_04_S 36°57_25_E)--1-28.wav,KCB UTAWALA EASTERN BYPASS(1°17_04_S 36°57_25_E),1,motorcycle,-35.28364,17.378668,67.38566290675251,67.63911549516348,70.0
KCB Utawala Eastern Bypass(1°17_04_S 36°57_25_E)\KCB Utawala Eastern Bypass(1°17_04_S 36°57_25_E)--1-29.wav,KCB UTAWALA EASTERN BYPASS(1°17_04_S 36°57_25_E),1,motorcycle,-34.6557,17.51507,67.38566290675251,67.63911549516348,70.0
KCB Utawala Eastern Bypass(1°17_04_S 36°57_25_E)\KCB Utawala Eastern Bypass(1°17_04_S 36°57_25_E)--1-30.wav,KCB UTAWALA EASTERN BYPASS(1°17_04_S 36°57_25_E),1,motorcycle,-41.28672,17.701513,67.38566290675251,67.63911549516348,70.0
KCB Utawala Eastern Bypass(1°17_04_S 36°57_25_E)\KCB Utawala Eastern Bypass(1°17_04_S 36°57_25_E)--1-31.wav,KCB UTAWALA EASTERN BYPASS(1°17_04_S 36°57_25_E),1,motorcycle,-34.072334,17.28748,67.38566290675251,67.63911549516348,70.0
KCB Utawala Eastern Bypass(1°17_04_S 36°57_25_E)\KCB Utawala Eastern Bypass(1°17_04_S 36°57_25_E)--1-32.wav,KCB UTAWALA EASTERN BYPASS(1°17_04_S 36°57_25_E),1,motorcycle,-31.37411,19.058895,67.38566290675251,67.63911549516348,70.0
KCB Utawala Eastern Bypass(1°17_04_S 36°57_25_E)\KCB Utawala Eastern Bypass(1°17_04_S 36°57_25_E)--1-33.wav,KCB UTAWALA EASTERN BYPASS(1°17_04_S 36°57_25_E),1,motorcycle,-28.368454,19.123209,67.38566290675251,67.63911549516348,70.0
KCB Utawala Eastern Bypass(1°17_04_S 36°57_25_E)\KCB Utawala Eastern Bypass(1°17_04_S 36°57_25_E)--1-34.wav,KCB UTAWALA EASTERN BYPASS(1°17_04_S 36°57_25_E),1,motorcycle,-27.450932,20.601435,67.38566290675251,67.63911549516348,70.0
KCB Utawala Eastern Bypass(1°17_04_S 36°57_25_E)\KCB Utawala Eastern Bypass(1°17_04_S 36°57_25_E)--1-35.wav,KCB UTAWALA EASTERN BYPASS(1°17_04_S 36°57_25_E),1,motorcycle,-35.68988,19.470198,67.38566290675251,67.63911549516348,70.0
KCB Utawala Eastern Bypass(1°17_04_S 36°57_25_E)\KCB Utawala Eastern Bypass(1°17_04_S 36°57_25_E)--1-36.wav,KCB UTAWALA EASTERN BYPASS(1°17_04_S 36°57_25_E),0,bicycle,-33.626476,17.76262,67.38566290675251,67.63911549516348,70.0
KCB Utawala Eastern Bypass(1°17_04_S 36°57_25_E)\KCB Utawala Eastern Bypass(1°17_04_S 36°57_25_E)--1-37.wav,KCB UTAWALA EASTERN BYPASS(1°17_04_S 36°57_25_E),1,motorcycle,-34.132313,17.48854,67.38566290675251,67.63911549516348,70.0
KCB Utawala Eastern Bypass(1°17_04_S 36°57_25_E)\KCB Utawala Eastern Bypass(1°17_04_S 36°57_25_E)--1-38.wav,KCB UTAWALA EASTERN BYPASS(1°17_04_S 36°57_25_E),2,private car,-35.470043,17.896963,67.38566290675251,67.63911549516348,70.0
KCB Utawala Eastern Bypass(1°17_04_S 36°57_25_E)\KCB Utawala Eastern Bypass(1°17_04_S 36°57_25_E)--1-39.wav,KCB UTAWALA EASTERN BYPASS(1°17_04_S 36°57_25_E),2,private car,-35.1596,17.570929,67.38566290675251,67.63911549516348,70.0
KCB Utawala Eastern Bypass(1°17_04_S 36°57_25_E)\KCB Utawala Eastern Bypass(1°17_04_S 36°57_25_E)--1-40.wav,KCB UTAWALA EASTERN BYPASS(1°17_04_S 36°57_25_E),1,motorcycle,-32.572723,20.152916,67.38566290675251,67.63911549516348,70.0
KCB Utawala Eastern Bypass(1°17_04_S 36°57_25_E)\KCB Utawala Eastern Bypass(1°17_04_S 36°57_25_E)--1-41.wav,KCB UTAWALA EASTERN BYPASS(1°17_04_S 36°57_25_E),1,motorcycle,-36.406525,17.948505,67.38566290675251,67.63911549516348,70.0
KCB Utawala Eastern Bypass(1°17_04_S 36°57_25_E)\KCB Utawala Eastern Bypass(1°17_04_S 36°57_25_E)--1-42.wav,KCB UTAWALA EASTERN BYPASS(1°17_04_S 36°57_25_E),3,SUV,-34.79673,18.417135,67.38566290675251,67.63911549516348,70.0
KCB Utawala Eastern Bypass(1°17_04_S 36°57_25_E)\KCB Utawala Eastern Bypass(1°17_04_S 36°57_25_E)--1-43.wav,KCB UTAWALA EASTERN BYPASS(1°17_04_S 36°57_25_E),2,private car,-25.912735,16.175714,67.38566290675251,67.63911549516348,70.0
KCB Utawala Eastern Bypass(1°17_04_S 36°57_25_E)\KCB Utawala Eastern Bypass(1°17_04_S 36°57_25_E)--1-44.wav,KCB UTAWALA EASTERN BYPASS(1°17_04_S 36°57_25_E),2,private car,-31.98996,19.669521,67.38566290675251,67.63911549516348,70.0
KCB Utawala Eastern Bypass(1°17_04_S 36°57_25_E)\KCB Utawala Eastern Bypass(1°17_04_S 36°57_25_E)--1-45.wav,KCB UTAWALA EASTERN BYPASS(1°17_04_S 36°57_25_E),2,private car,-34.64031,18.695631,67.38566290675251,67.63911549516348,70.0
KCB Utawala Eastern Bypass(1°17_04_S 36°57_25_E)\KCB Utawala Eastern Bypass(1°17_04_S 36°57_25_E)--1-46.wav,KCB UTAWALA EASTERN BYPASS(1°17_04_S 36°57_25_E),2,private car,-33.2678,18.346931,67.38566290675251,67.63911549516348,70.0
KCB Utawala Eastern Bypass(1°17_04_S 36°57_25_E)\KCB Utawala Eastern Bypass(1°17_04_S 36°57_25_E)--1-47.wav,KCB UTAWALA EASTERN BYPASS(1°17_04_S 36°57_25_E),2,private car,-32.822906,18.173357,67.38566290675251,67.63911549516348,70.0
KCB Utawala Eastern Bypass(1°17_04_S 36°57_25_E)\KCB Utawala Eastern Bypass(1°17_04_S 36°57_25_E)--1-48.wav,KCB UTAWALA EASTERN BYPASS(1°17_04_S 36°57_25_E),2,private car,-33.39549,17.242434,67.38566290675251,67.63911549516348,70.0
KCB Utawala Eastern Bypass(1°17_04_S 36°57_25_E)\KCB Utawala Eastern Bypass(1°17_04_S 36°57_25_E)--1-49.wav,KCB UTAWALA EASTERN BYPASS(1°17_04_S 36°57_25_E),2,private car,-33.484856,18.075027,67.38566290675251,67.63911549516348,70.0
KCB Utawala Eastern Bypass(1°17_04_S 36°57_25_E)\KCB Utawala Eastern Bypass(1°17_04_S 36°57_25_E)--1-50.wav,KCB UTAWALA EASTERN BYPASS(1°17_04_S 36°57_25_E),2,private car,-31.922354,17.850359,67.38566290675251,67.63911549516348,70.0
KCB Utawala Eastern Bypass(1°17_04_S 36°57_25_E)\KCB Utawala Eastern Bypass(1°17_04_S 36°57_25_E)--1-878.wav,KCB UTAWALA EASTERN BYPASS(1°17_04_S 36°57_25_E),2,private car,-31.886806,18.043919,67.38566290675251,67.63911549516348,70.0
KFC Embakasi (1°19_05_S 36°55_02_E)\KFC Embakasi (1°19_05_S 36°55_02_E)--1-0.wav,KFC EMBAKASI (1°19_05_S 36°55_02_E),2,private car,-34.187477,17.238176,70.11552768593718,70.3131154988404,54.92
KFC Embakasi (1°19_05_S 36°55_02_E)\KFC Embakasi (1°19_05_S 36°55_02_E)--1-1.wav,KFC EMBAKASI (1°19_05_S 36°55_02_E),2,private car,-34.867554,18.177967,70.11552768593718,70.3131154988404,54.92
KFC Embakasi (1°19_05_S 36°55_02_E)\KFC Embakasi (1°19_05_S 36°55_02_E)--1-2.wav,KFC EMBAKASI (1°19_05_S 36°55_02_E),3,SUV,-35.0995,17.889252,70.11552768593718,70.3131154988404,54.92
KFC Embakasi (1°19_05_S 36°55_02_E)\KFC Embakasi (1°19_05_S 36°55_02_E)--1-3.wav,KFC EMBAKASI (1°19_05_S 36°55_02_E),2,private car,-34.710773,17.393469,70.11552768593718,70.3131154988404,54.92
KFC Embakasi (1°19_05_S 36°55_02_E)\KFC Embakasi (1°19_05_S 36°55_02_E)--1-4.wav,KFC EMBAKASI (1°19_05_S 36°55_02_E),2,private car,-33.295383,17.201097,70.11552768593718,70.3131154988404,54.92
KFC Embakasi (1°19_05_S 36°55_02_E)\KFC Embakasi (1°19_05_S 36°55_02_E)--1-5.wav,KFC EMBAKASI (1°19_05_S 36°55_02_E),9,PSV,-34.76304,19.060762,70.11552768593718,70.3131154988404,54.92
KFC Embakasi (1°19_05_S 36°55_02_E)\KFC Embakasi (1°19_05_S 36°55_02_E)--1-6.wav,KFC EMBAKASI (1°19_05_S 36°55_02_E),3,SUV,-35.86393,17.716911,70.11552768593718,70.3131154988404,54.92
KFC Embakasi (1°19_05_S 36°55_02_E)\KFC Embakasi (1°19_05_S 36°55_02_E)--1-7.wav,KFC EMBAKASI (1°19_05_S 36°55_02_E),2,private car,-34.722633,18.776577,70.11552768593718,70.3131154988404,54.92
KFC Embakasi (1°19_05_S 36°55_02_E)\KFC Embakasi (1°19_05_S 36°55_02_E)--1-8.wav,KFC EMBAKASI (1°19_05_S 36°55_02_E),9,PSV,-36.77784,18.665087,70.11552768593718,70.3131154988404,54.92
KFC Embakasi (1°19_05_S 36°55_02_E)\KFC Embakasi (1°19_05_S 36°55_02_E)--1-9.wav,KFC EMBAKASI (1°19_05_S 36°55_02_E),2,private car,-34.96067,19.319431,70.11552768593718,70.3131154988404,54.92
KFC Embakasi (1°19_05_S 36°55_02_E)\KFC Embakasi (1°19_05_S 36°55_02_E)--1-10.wav,KFC EMBAKASI (1°19_05_S 36°55_02_E),2,private car,-27.466228,19.48757,70.11552768593718,70.3131154988404,54.92
KFC Embakasi (1°19_05_S 36°55_02_E)\KFC Embakasi (1°19_05_S 36°55_02_E)--1-11.wav,KFC EMBAKASI (1°19_05_S 36°55_02_E),1,motorcycle,-35.057205,18.640089,70.11552768593718,70.3131154988404,54.92
KFC Embakasi (1°19_05_S 36°55_02_E)\KFC Embakasi (1°19_05_S 36°55_02_E)--1-12.wav,KFC EMBAKASI (1°19_05_S 36°55_02_E),9,PSV,-35.475304,17.525694,70.11552768593718,70.3131154988404,54.92
KFC Embakasi (1°19_05_S 36°55_02_E)\KFC Embakasi (1°19_05_S 36°55_02_E)--1-13.wav,KFC EMBAKASI (1°19_05_S 36°55_02_E),9,PSV,-34.290382,18.290918,70.11552768593718,70.3131154988404,54.92
KFC Embakasi (1°19_05_S 36°55_02_E)\KFC Embakasi (1°19_05_S 36°55_02_E)--1-14.wav,KFC EMBAKASI (1°19_05_S 36°55_02_E),2,private car,-38.688232,18.626137,70.11552768593718,70.3131154988404,54.92
KFC Embakasi (1°19_05_S 36°55_02_E)\KFC Embakasi (1°19_05_S 36°55_02_E)--1-15.wav,KFC EMBAKASI (1°19_05_S 36°55_02_E),1,motorcycle,-37.961903,17.639265,70.11552768593718,70.3131154988404,54.92
KFC Embakasi (1°19_05_S 36°55_02_E)\KFC Embakasi (1°19_05_S 36°55_02_E)--1-16.wav,KFC EMBAKASI (1°19_05_S 36°55_02_E),1,motorcycle,-35.037163,17.305494,70.11552768593718,70.3131154988404,54.92
KFC Embakasi (1°19_05_S 36°55_02_E)\KFC Embakasi (1°19_05_S 36°55_02_E)--1-17.wav,KFC EMBAKASI (1°19_05_S 36°55_02_E),2,private car,-34.12248,18.159912,70.11552768593718,70.3131154988404,54.92
KFC Embakasi (1°19_05_S 36°55_02_E)\KFC Embakasi (1°19_05_S 36°55_02_E)--1-18.wav,KFC EMBAKASI (1°19_05_S 36°55_02_E),2,private car,-34.787422,18.54248,70.11552768593718,70.3131154988404,54.92
KFC Embakasi (1°19_05_S 36°55_02_E)\KFC Embakasi (1°19_05_S 36°55_02_E)--1-19.wav,KFC EMBAKASI (1°19_05_S 36°55_02_E),2,private car,-38.830532,17.81168,70.11552768593718,70.3131154988404,54.92
KFC Embakasi (1°19_05_S 36°55_02_E)\KFC Embakasi (1°19_05_S 36°55_02_E)--1-20.wav,KFC EMBAKASI (1°19_05_S 36°55_02_E),3,SUV,-35.84415,17.665749,70.11552768593718,70.3131154988404,54.92
KFC Embakasi (1°19_05_S 36°55_02_E)\KFC Embakasi (1°19_05_S 36°55_02_E)--1-21.wav,KFC EMBAKASI (1°19_05_S 36°55_02_E),2,private car,-32.209282,18.274504,70.11552768593718,70.3131154988404,54.92
KFC Embakasi (1°19_05_S 36°55_02_E)\KFC Embakasi (1°19_05_S 36°55_02_E)--1-22.wav,KFC EMBAKASI (1°19_05_S 36°55_02_E),3,SUV,-33.050312,18.292469,70.11552768593718,70.3131154988404,54.92
KFC Embakasi (1°19_05_S 36°55_02_E)\KFC Embakasi (1°19_05_S 36°55_02_E)--1-23.wav,KFC EMBAKASI (1°19_05_S 36°55_02_E),3,SUV,-33.57943,17.899862,70.11552768593718,70.3131154988404,54.92
KFC Embakasi (1°19_05_S 36°55_02_E)\KFC Embakasi (1°19_05_S 36°55_02_E)--1-24.wav,KFC EMBAKASI (1°19_05_S 36°55_02_E),2,private car,-31.106756,18.736649,70.11552768593718,70.3131154988404,54.92
KFC Embakasi (1°19_05_S 36°55_02_E)\KFC Embakasi (1°19_05_S 36°55_02_E)--1-25.wav,KFC EMBAKASI (1°19_05_S 36°55_02_E),2,private car,-37.50818,17.401878,70.11552768593718,70.3131154988404,54.92
KFC Embakasi (1°19_05_S 36°55_02_E)\KFC Embakasi (1°19_05_S 36°55_02_E)--1-26.wav,KFC EMBAKASI (1°19_05_S 36°55_02_E),8,bus,-35.341415,19.58037,70.11552768593718,70.3131154988404,54.92
KFC Embakasi (1°19_05_S 36°55_02_E)\KFC Embakasi (1°19_05_S 36°55_02_E)--1-27.wav,KFC EMBAKASI (1°19_05_S 36°55_02_E),2,private car,-34.170654,18.124332,70.11552768593718,70.3131154988404,54.92
KFC Embakasi (1°19_05_S 36°55_02_E)\KFC Embakasi (1°19_05_S 36°55_02_E)--1-28.wav,KFC EMBAKASI (1°19_05_S 36°55_02_E),2,private car,-39.13092,19.239964,70.11552768593718,70.3131154988404,54.92
KFC Embakasi (1°19_05_S 36°55_02_E)\KFC Embakasi (1°19_05_S 36°55_02_E)--1-29.wav,KFC EMBAKASI (1°19_05_S 36°55_02_E),9,PSV,-39.710854,17.595602,70.11552768593718,70.3131154988404,54.92
KFC Embakasi (1°19_05_S 36°55_02_E)\KFC Embakasi (1°19_05_S 36°55_02_E)--1-30.wav,KFC EMBAKASI (1°19_05_S 36°55_02_E),1,motorcycle,-38.943657,17.595549,70.11552768593718,70.3131154988404,54.92
KFC Embakasi (1°19_05_S 36°55_02_E)\KFC Embakasi (1°19_05_S 36°55_02_E)--1-31.wav,KFC EMBAKASI (1°19_05_S 36°55_02_E),2,private car,-35.495358,17.02761,70.11552768593718,70.3131154988404,54.92
KFC Embakasi (1°19_05_S 36°55_02_E)\KFC Embakasi (1°19_05_S 36°55_02_E)--1-32.wav,KFC EMBAKASI (1°19_05_S 36°55_02_E),2,private car,-32.938705,18.381653,70.11552768593718,70.3131154988404,54.92
KFC Embakasi (1°19_05_S 36°55_02_E)\KFC Embakasi (1°19_05_S 36°55_02_E)--1-33.wav,KFC EMBAKASI (1°19_05_S 36°55_02_E),4,pickup,-30.6022,19.624086,70.11552768593718,70.3131154988404,54.92
KFC Embakasi (1°19_05_S 36°55_02_E)\KFC Embakasi (1°19_05_S 36°55_02_E)--1-34.wav,KFC EMBAKASI (1°19_05_S 36°55_02_E),9,PSV,-34.620884,17.64089,70.11552768593718,70.3131154988404,54.92
KFC Embakasi (1°19_05_S 36°55_02_E)\KFC Embakasi (1°19_05_S 36°55_02_E)--1-35.wav,KFC EMBAKASI (1°19_05_S 36°55_02_E),2,private car,-35.916725,18.480726,70.11552768593718,70.3131154988404,54.92
KFC Embakasi (1°19_05_S 36°55_02_E)\KFC Embakasi (1°19_05_S 36°55_02_E)--1-36.wav,KFC EMBAKASI (1°19_05_S 36°55_02_E),2,private car,-37.79119,18.68034,70.11552768593718,70.3131154988404,54.92
KFC Embakasi (1°19_05_S 36°55_02_E)\KFC Embakasi (1°19_05_S 36°55_02_E)--1-37.wav,KFC EMBAKASI (1°19_05_S 36°55_02_E),4,pickup,-36.080738,18.288002,70.11552768593718,70.3131154988404,54.92
KFC Embakasi (1°19_05_S 36°55_02_E)\KFC Embakasi (1°19_05_S 36°55_02_E)--1-38.wav,KFC EMBAKASI (1°19_05_S 36°55_02_E),1,motorcycle,-40.20706,19.986628,70.11552768593718,70.3131154988404,54.92
KFC Embakasi (1°19_05_S 36°55_02_E)\KFC Embakasi (1°19_05_S 36°55_02_E)--1-39.wav,KFC EMBAKASI (1°19_05_S 36°55_02_E),2,private car,-35.700123,17.170534,70.11552768593718,70.3131154988404,54.92
KFC Embakasi (1°19_05_S 36°55_02_E)\KFC Embakasi (1°19_05_S 36°55_02_E)--1-40.wav,KFC EMBAKASI (1°19_05_S 36°55_02_E),3,SUV,-30.35874,19.408176,70.11552768593718,70.3131154988404,54.92
KFC Embakasi (1°19_05_S 36°55_02_E)\KFC Embakasi (1°19_05_S 36°55_02_E)--1-41.wav,KFC EMBAKASI (1°19_05_S 36°55_02_E),2,private car,-34.57246,19.367762,70.11552768593718,70.3131154988404,54.92
KFC Embakasi (1°19_05_S 36°55_02_E)\KFC Embakasi (1°19_05_S 36°55_02_E)--1-42.wav,KFC EMBAKASI (1°19_05_S 36°55_02_E),2,private car,-34.74827,18.71865,70.11552768593718,70.3131154988404,54.92
KFC Embakasi (1°19_05_S 36°55_02_E)\KFC Embakasi (1°19_05_S 36°55_02_E)--1-43.wav,KFC EMBAKASI (1°19_05_S 36°55_02_E),2,private car,-35.396393,18.378632,70.11552768593718,70.3131154988404,54.92
KFC Embakasi (1°19_05_S 36°55_02_E)\KFC Embakasi (1°19_05_S 36°55_02_E)--1-44.wav,KFC EMBAKASI (1°19_05_S 36°55_02_E),1,motorcycle,-31.550196,19.708752,70.11552768593718,70.3131154988404,54.92
KFC Embakasi (1°19_05_S 36°55_02_E)\KFC Embakasi (1°19_05_S 36°55_02_E)--1-45.wav,KFC EMBAKASI (1°19_05_S 36°55_02_E),2,private car,-31.694096,17.520842,70.11552768593718,70.3131154988404,54.92
KFC Embakasi (1°19_05_S 36°55_02_E)\KFC Embakasi (1°19_05_S 36°55_02_E)--1-46.wav,KFC EMBAKASI (1°19_05_S 36°55_02_E),1,motorcycle,-33.704735,20.949518,70.11552768593718,70.3131154988404,54.92
KFC Embakasi (1°19_05_S 36°55_02_E)\KFC Embakasi (1°19_05_S 36°55_02_E)--1-47.wav,KFC EMBAKASI (1°19_05_S 36°55_02_E),9,PSV,-28.914362,19.232746,70.11552768593718,70.3131154988404,54.92
KFC Embakasi (1°19_05_S 36°55_02_E)\KFC Embakasi (1°19_05_S 36°55_02_E)--1-48.wav,KFC EMBAKASI (1°19_05_S 36°55_02_E),4,pickup,-30.254251,18.661257,70.11552768593718,70.3131154988404,54.92
KFC Embakasi (1°19_05_S 36°55_02_E)\KFC Embakasi (1°19_05_S 36°55_02_E)--1-49.wav,KFC EMBAKASI (1°19_05_S 36°55_02_E),2,private car,-34.173576,17.937931,70.11552768593718,70.3131154988404,54.92
KFC Embakasi (1°19_05_S 36°55_02_E)\KFC Embakasi (1°19_05_S 36°55_02_E)--1-50.wav,KFC EMBAKASI (1°19_05_S 36°55_02_E),2,private car,-37.289894,20.349365,70.11552768593718,70.3131154988404,54.92
KFC Embakasi (1°19_05_S 36°55_02_E)\KFC Embakasi (1°19_05_S 36°55_02_E)--1-51.wav,KFC EMBAKASI (1°19_05_S 36°55_02_E),9,PSV,-28.446686,18.160265,70.11552768593718,70.3131154988404,54.92
KFC Embakasi (1°19_05_S 36°55_02_E)\KFC Embakasi (1°19_05_S 36°55_02_E)--1-52.wav,KFC EMBAKASI (1°19_05_S 36°55_02_E),0,bicycle,-32.59269,15.68638,70.11552768593718,70.3131154988404,54.92
KFC Embakasi (1°19_05_S 36°55_02_E)\KFC Embakasi (1°19_05_S 36°55_02_E)--1-932.wav,KFC EMBAKASI (1°19_05_S 36°55_02_E),10,other,-34.768818,16.067327,70.11552768593718,70.3131154988404,54.92
Kiambu Road (1°12_28_ S 36°49_56_E)\Kiambu Road (1°12_28_ S 36°49_56_E)--1-0.wav,KIAMBU ROAD (1°12_28_ S 36°49_56_E),3,SUV,-42.173763,17.450605,67.0582295056909,67.23836844703902,50.17
Kiambu Road (1°12_28_ S 36°49_56_E)\Kiambu Road (1°12_28_ S 36°49_56_E)--1-1.wav,KIAMBU ROAD (1°12_28_ S 36°49_56_E),2,private car,-35.711124,17.99884,67.0582295056909,67.23836844703902,50.17
Kiambu Road (1°12_28_ S 36°49_56_E)\Kiambu Road (1°12_28_ S 36°49_56_E)--1-2.wav,KIAMBU ROAD (1°12_28_ S 36°49_56_E),2,private car,-34.539673,18.06946,67.0582295056909,67.23836844703902,50.17
Kiambu Road (1°12_28_ S 36°49_56_E)\Kiambu Road (1°12_28_ S 36°49_56_E)--1-3.wav,KIAMBU ROAD (1°12_28_ S 36°49_56_E),9,PSV,-35.63495,20.041477,67.0582295056909,67.23836844703902,50.17
Kiambu Road (1°12_28_ S 36°49_56_E)\Kiambu Road (1°12_28_ S 36°49_56_E)--1-4.wav,KIAMBU ROAD (1°12_28_ S 36°49_56_E),1,motorcycle,-33.276684,19.774418,67.0582295056909,67.23836844703902,50.17
Kiambu Road (1°12_28_ S 36°49_56_E)\Kiambu Road (1°12_28_ S 36°49_56_E)--1-5.wav,KIAMBU ROAD (1°12_28_ S 36°49_56_E),1,motorcycle,-33.785847,17.59822,67.0582295056909,67.23836844703902,50.17
Kiambu Road (1°12_28_ S 36°49_56_E)\Kiambu Road (1°12_28_ S 36°49_56_E)--1-6.wav,KIAMBU ROAD (1°12_28_ S 36°49_56_E),1,motorcycle,-34.137463,17.27707,67.0582295056909,67.23836844703902,50.17
Kiambu Road (1°12_28_ S 36°49_56_E)\Kiambu Road (1°12_28_ S 36°49_56_E)--1-7.wav,KIAMBU ROAD (1°12_28_ S 36°49_56_E),1,motorcycle,-41.97872,17.16494,67.0582295056909,67.23836844703902,50.17
Kiambu Road (1°12_28_ S 36°49_56_E)\Kiambu Road (1°12_28_ S 36°49_56_E)--1-8.wav,KIAMBU ROAD (1°12_28_ S 36°49_56_E),4,pickup,-37.774117,17.091248,67.0582295056909,67.23836844703902,50.17
Kiambu Road (1°12_28_ S 36°49_56_E)\Kiambu Road (1°12_28_ S 36°49_56_E)--1-9.wav,KIAMBU ROAD (1°12_28_ S 36°49_56_E),2,private car,-36.568336,15.752488,67.0582295056909,67.23836844703902,50.17
Kiambu Road (1°12_28_ S 36°49_56_E)\Kiambu Road (1°12_28_ S 36°49_56_E)--1-10.wav,KIAMBU ROAD (1°12_28_ S 36°49_56_E),4,pickup,-41.88108,18.96395,67.0582295056909,67.23836844703902,50.17
Kiambu Road (1°12_28_ S 36°49_56_E)\Kiambu Road (1°12_28_ S 36°49_56_E)--1-11.wav,KIAMBU ROAD (1°12_28_ S 36°49_56_E),1,motorcycle,-34.347218,18.067732,67.0582295056909,67.23836844703902,50.17
Kiambu Road (1°12_28_ S 36°49_56_E)\Kiambu Road (1°12_28_ S 36°49_56_E)--1-12.wav,KIAMBU ROAD (1°12_28_ S 36°49_56_E),1,motorcycle,-30.287268,17.860098,67.0582295056909,67.23836844703902,50.17
Kiambu Road (1°12_28_ S 36°49_56_E)\Kiambu Road (1°12_28_ S 36°49_56_E)--1-13.wav,KIAMBU ROAD (1°12_28_ S 36°49_56_E),3,SUV,-30.868954,19.039585,67.0582295056909,67.23836844703902,50.17
Kiambu Road (1°12_28_ S 36°49_56_E)\Kiambu Road (1°12_28_ S 36°49_56_E)--1-14.wav,KIAMBU ROAD (1°12_28_ S 36°49_56_E),4,pickup,-33.256493,18.190235,67.0582295056909,67.23836844703902,50.17
Kiambu Road (1°12_28_ S 36°49_56_E)\Kiambu Road (1°12_28_ S 36°49_56_E)--1-15.wav,KIAMBU ROAD (1°12_28_ S 36°49_56_E),1,motorcycle,-29.859558,18.462795,67.0582295056909,67.23836844703902,50.17
Kiambu Road (1°12_28_ S 36°49_56_E)\Kiambu Road (1°12_28_ S 36°49_56_E)--1-16.wav,KIAMBU ROAD (1°12_28_ S 36°49_56_E),2,private car,-35.300232,16.842922,67.0582295056909,67.23836844703902,50.17
Kiambu Road (1°12_28_ S 36°49_56_E)\Kiambu Road (1°12_28_ S 36°49_56_E)--1-17.wav,KIAMBU ROAD (1°12_28_ S 36°49_56_E),2,private car,-32.475567,20.933731,67.0582295056909,67.23836844703902,50.17
Kiambu Road (1°12_28_ S 36°49_56_E)\Kiambu Road (1°12_28_ S 36°49_56_E)--1-18.wav,KIAMBU ROAD (1°12_28_ S 36°49_56_E),9,PSV,-34.72539,19.418459,67.0582295056909,67.23836844703902,50.17
Kiambu Road (1°12_28_ S 36°49_56_E)\Kiambu Road (1°12_28_ S 36°49_56_E)--1-19.wav,KIAMBU ROAD (1°12_28_ S 36°49_56_E),2,private car,-38.933266,17.565193,67.0582295056909,67.23836844703902,50.17
Kiambu Road (1°12_28_ S 36°49_56_E)\Kiambu Road (1°12_28_ S 36°49_56_E)--1-20.wav,KIAMBU ROAD (1°12_28_ S 36°49_56_E),2,private car,-38.019875,18.387058,67.0582295056909,67.23836844703902,50.17
Kiambu Road (1°12_28_ S 36°49_56_E)\Kiambu Road (1°12_28_ S 36°49_56_E)--1-21.wav,KIAMBU ROAD (1°12_28_ S 36°49_56_E),2,private car,-37.595062,19.930079,67.0582295056909,67.23836844703902,50.17
Kiambu Road (1°12_28_ S 36°49_56_E)\Kiambu Road (1°12_28_ S 36°49_56_E)--1-22.wav,KIAMBU ROAD (1°12_28_ S 36°49_56_E),1,motorcycle,-36.002758,16.842571,67.0582295056909,67.23836844703902,50.17
Kiambu Road (1°12_28_ S 36°49_56_E)\Kiambu Road (1°12_28_ S 36°49_56_E)--1-23.wav,KIAMBU ROAD (1°12_28_ S 36°49_56_E),4,pickup,-33.919888,17.878399,67.0582295056909,67.23836844703902,50.17
Kiambu Road (1°12_28_ S 36°49_56_E)\Kiambu Road (1°12_28_ S 36°49_56_E)--1-24.wav,KIAMBU ROAD (1°12_28_ S 36°49_56_E),2,private car,-33.052124,16.927647,67.0582295056909,67.23836844703902,50.17
Kiambu Road (1°12_28_ S 36°49_56_E)\Kiambu Road (1°12_28_ S 36°49_56_E)--1-25.wav,KIAMBU ROAD (1°12_28_ S 36°49_56_E),9,PSV,-35.670998,15.390848,67.0582295056909,67.23836844703902,50.17
Kiambu Road (1°12_28_ S 36°49_56_E)\Kiambu Road (1°12_28_ S 36°49_56_E)--1-26.wav,KIAMBU ROAD (1°12_28_ S 36°49_56_E),9,PSV,-36.946037,17.563234,67.0582295056909,67.23836844703902,50.17
Kiambu Road (1°12_28_ S 36°49_56_E)\Kiambu Road (1°12_28_ S 36°49_56_E)--1-27.wav,KIAMBU ROAD (1°12_28_ S 36°49_56_E),2,private car,-33.32951,19.025085,67.0582295056909,67.23836844703902,50.17
Kiambu Road (1°12_28_ S 36°49_56_E)\Kiambu Road (1°12_28_ S 36°49_56_E)--1-28.wav,KIAMBU ROAD (1°12_28_ S 36°49_56_E),2,private car,-35.6629,16.764524,67.0582295056909,67.23836844703902,50.17
Kiambu Road (1°12_28_ S 36°49_56_E)\Kiambu Road (1°12_28_ S 36°49_56_E)--1-29.wav,KIAMBU ROAD (1°12_28_ S 36°49_56_E),1,motorcycle,-32.201763,19.997875,67.0582295056909,67.23836844703902,50.17
Kiambu Road (1°12_28_ S 36°49_56_E)\Kiambu Road (1°12_28_ S 36°49_56_E)--1-30.wav,KIAMBU ROAD (1°12_28_ S 36°49_56_E),9,PSV,-28.859528,19.255255,67.0582295056909,67.23836844703902,50.17
Kiambu Road (1°12_28_ S 36°49_56_E)\Kiambu Road (1°12_28_ S 36°49_56_E)--1-31.wav,KIAMBU ROAD (1°12_28_ S 36°49_56_E),9,PSV,-34.012993,17.832167,67.0582295056909,67.23836844703902,50.17
Kiambu Road (1°12_28_ S 36°49_56_E)\Kiambu Road (1°12_28_ S 36°49_56_E)--1-32.wav,KIAMBU ROAD (1°12_28_ S 36°49_56_E),1,motorcycle,-36.98629,19.820906,67.0582295056909,67.23836844703902,50.17
Kiambu Road (1°12_28_ S 36°49_56_E)\Kiambu Road (1°12_28_ S 36°49_56_E)--1-33.wav,KIAMBU ROAD (1°12_28_ S 36°49_56_E),3,SUV,-33.39696,19.225908,67.0582295056909,67.23836844703902,50.17
Kiambu Road (1°12_28_ S 36°49_56_E)\Kiambu Road (1°12_28_ S 36°49_56_E)--1-34.wav,KIAMBU ROAD (1°12_28_ S 36°49_56_E),9,PSV,-35.54055,19.41245,67.0582295056909,67.23836844703902,50.17
Kiambu Road (1°12_28_ S 36°49_56_E)\Kiambu Road (1°12_28_ S 36°49_56_E)--1-35.wav,KIAMBU ROAD (1°12_28_ S 36°49_56_E),9,PSV,-35.900715,17.677382,67.0582295056909,67.23836844703902,50.17
Kiambu Road (1°12_28_ S 36°49_56_E)\Kiambu Road (1°12_28_ S 36°49_56_E)--1-36.wav,KIAMBU ROAD (1°12_28_ S 36°49_56_E),1,motorcycle,-34.51586,19.8861,67.0582295056909,67.23836844703902,50.17
Kiambu Road (1°12_28_ S 36°49_56_E)\Kiambu Road (1°12_28_ S 36°49_56_E)--1-37.wav,KIAMBU ROAD (1°12_28_ S 36°49_56_E),2,private car,-38.701878,20.680304,67.0582295056909,67.23836844703902,50.17
Kiambu Road (1°12_28_ S 36°49_56_E)\Kiambu Road (1°12_28_ S 36°49_56_E)--1-38.wav,KIAMBU ROAD (1°12_28_ S 36°49_56_E),4,pickup,-35.9547,18.596668,67.0582295056909,67.23836844703902,50.17
Kiambu Road (1°12_28_ S 36°49_56_E)\Kiambu Road (1°12_28_ S 36°49_56_E)--1-39.wav,KIAMBU ROAD (1°12_28_ S 36°49_56_E),2,private car,-31.811848,17.183876,67.0582295056909,67.23836844703902,50.17
Kiambu Road (1°12_28_ S 36°49_56_E)\Kiambu Road (1°12_28_ S 36°49_56_E)--1-40.wav,KIAMBU ROAD (1°12_28_ S 36°49_56_E),4,pickup,-33.18351,19.666023,67.0582295056909,67.23836844703902,50.17
Kiambu Road (1°12_28_ S 36°49_56_E)\Kiambu Road (1°12_28_ S 36°49_56_E)--1-41.wav,KIAMBU ROAD (1°12_28_ S 36°49_56_E),2,private car,-31.139904,17.375908,67.0582295056909,67.23836844703902,50.17
Kiambu Road (1°12_28_ S 36°49_56_E)\Kiambu Road (1°12_28_ S 36°49_56_E)--1-42.wav,KIAMBU ROAD (1°12_28_ S 36°49_56_E),3,SUV,-34.404728,18.24135,67.0582295056909,67.23836844703902,50.17
Kiambu Road (1°12_28_ S 36°49_56_E)\Kiambu Road (1°12_28_ S 36°49_56_E)--1-43.wav,KIAMBU ROAD (1°12_28_ S 36°49_56_E),1,motorcycle,-33.700794,18.281242,67.0582295056909,67.23836844703902,50.17
Kiambu Road (1°12_28_ S 36°49_56_E)\Kiambu Road (1°12_28_ S 36°49_56_E)--1-44.wav,KIAMBU ROAD (1°12_28_ S 36°49_56_E),0,bicycle,-34.561317,16.557146,67.0582295056909,67.23836844703902,50.17
Kiambu Road (1°12_28_ S 36°49_56_E)\Kiambu Road (1°12_28_ S 36°49_56_E)--1-45.wav,KIAMBU ROAD (1°12_28_ S 36°49_56_E),2,private car,-36.3932,16.714634,67.0582295056909,67.23836844703902,50.17
Kiambu Road (1°12_28_ S 36°49_56_E)\Kiambu Road (1°12_28_ S 36°49_56_E)--1-46.wav,KIAMBU ROAD (1°12_28_ S 36°49_56_E),2,private car,-37.207375,17.454184,67.0582295056909,67.23836844703902,50.17
Kiambu Road (1°12_28_ S 36°49_56_E)\Kiambu Road (1°12_28_ S 36°49_56_E)--1-47.wav,KIAMBU ROAD (1°12_28_ S 36°49_56_E),9,PSV,-39.790894,19.601854,67.0582295056909,67.23836844703902,50.17
Kiambu Road (1°12_28_ S 36°49_56_E)\Kiambu Road (1°12_28_ S 36°49_56_E)--1-48.wav,KIAMBU ROAD (1°12_28_ S 36°49_56_E),1,motorcycle,-34.937477,18.520718,67.0582295056909,67.23836844703902,50.17
Kiambu Road (1°12_28_ S 36°49_56_E)\Kiambu Road (1°12_28_ S 36°49_56_E)--1-49.wav,KIAMBU ROAD (1°12_28_ S 36°49_56_E),2,private car,-32.629982,19.034344,67.0582295056909,67.23836844703902,50.17
Kiambu Road (1°12_28_ S 36°49_56_E)\Kiambu Road (1°12_28_ S 36°49_56_E)--1-50.wav,KIAMBU ROAD (1°12_28_ S 36°49_56_E),3,SUV,-33.003773,18.830248,67.0582295056909,67.23836844703902,50.17
Kiambu Road (1°12_28_ S 36°49_56_E)\Kiambu Road (1°12_28_ S 36°49_56_E)--1-51.wav,KIAMBU ROAD (1°12_28_ S 36°49_56_E),9,PSV,-35.279015,19.356638,67.0582295056909,67.23836844703902,50.17
Kiambu Road (1°12_28_ S 36°49_56_E)\Kiambu Road (1°12_28_ S 36°49_56_E)--1-985.wav,KIAMBU ROAD (1°12_28_ S 36°49_56_E),2,private car,-36.886383,17.670897,67.0582295056909,67.23836844703902,50.17
Kiambu Road (1°13_45_S 36°50_26_E)\Kiambu Road (1°13_45_S 36°50_26_E)--1-0.wav,KIAMBU ROAD (1°13_45_S 36°50_26_E),2,private car,-27.028484,16.54946,66.28191149015103,66.46205043149915,50.17
Kiambu Road (1°13_45_S 36°50_26_E)\Kiambu Road (1°13_45_S 36°50_26_E)--1-1.wav,KIAMBU ROAD (1°13_45_S 36°50_26_E),2,private car,-34.211494,19.304493,66.28191149015103,66.46205043149915,50.17
Kiambu Road (1°13_45_S 36°50_26_E)\Kiambu Road (1°13_45_S 36°50_26_E)--1-2.wav,KIAMBU ROAD (1°13_45_S 36°50_26_E),2,private car,-33.246895,18.417656,66.28191149015103,66.46205043149915,50.17
Kiambu Road (1°13_45_S 36°50_26_E)\Kiambu Road (1°13_45_S 36°50_26_E)--1-3.wav,KIAMBU ROAD (1°13_45_S 36°50_26_E),1,motorcycle,-30.416409,19.511288,66.28191149015103,66.46205043149915,50.17
Kiambu Road (1°13_45_S 36°50_26_E)\Kiambu Road (1°13_45_S 36°50_26_E)--1-4.wav,KIAMBU ROAD (1°13_45_S 36°50_26_E),1,motorcycle,-26.753506,19.34093,66.28191149015103,66.46205043149915,50.17
Kiambu Road (1°13_45_S 36°50_26_E)\Kiambu Road (1°13_45_S 36°50_26_E)--1-5.wav,KIAMBU ROAD (1°13_45_S 36°50_26_E),1,motorcycle,-32.397957,18.875458,66.28191149015103,66.46205043149915,50.17
Kiambu Road (1°13_45_S 36°50_26_E)\Kiambu Road (1°13_45_S 36°50_26_E)--1-6.wav,KIAMBU ROAD (1°13_45_S 36°50_26_E),1,motorcycle,-36.647682,20.235645,66.28191149015103,66.46205043149915,50.17
Kiambu Road (1°13_45_S 36°50_26_E)\Kiambu Road (1°13_45_S 36°50_26_E)--1-7.wav,KIAMBU ROAD (1°13_45_S 36°50_26_E),9,PSV,-32.569588,19.52273,66.28191149015103,66.46205043149915,50.17
Kiambu Road (1°13_45_S 36°50_26_E)\Kiambu Road (1°13_45_S 36°50_26_E)--1-8.wav,KIAMBU ROAD (1°13_45_S 36°50_26_E),2,private car,-33.939415,16.99828,66.28191149015103,66.46205043149915,50.17
Kiambu Road (1°13_45_S 36°50_26_E)\Kiambu Road (1°13_45_S 36°50_26_E)--1-9.wav,KIAMBU ROAD (1°13_45_S 36°50_26_E),1,motorcycle,-36.567955,17.648216,66.28191149015103,66.46205043149915,50.17
Kiambu Road (1°13_45_S 36°50_26_E)\Kiambu Road (1°13_45_S 36°50_26_E)--1-10.wav,KIAMBU ROAD (1°13_45_S 36°50_26_E),9,PSV,-36.28652,19.745234,66.28191149015103,66.46205043149915,50.17
Kiambu Road (1°13_45_S 36°50_26_E)\Kiambu Road (1°13_45_S 36°50_26_E)--1-11.wav,KIAMBU ROAD (1°13_45_S 36°50_26_E),9,PSV,-35.764935,15.743236,66.28191149015103,66.46205043149915,50.17
Kiambu Road (1°13_45_S 36°50_26_E)\Kiambu Road (1°13_45_S 36°50_26_E)--1-12.wav,KIAMBU ROAD (1°13_45_S 36°50_26_E),1,motorcycle,-32.956764,20.457277,66.28191149015103,66.46205043149915,50.17
Kiambu Road (1°13_45_S 36°50_26_E)\Kiambu Road (1°13_45_S 36°50_26_E)--1-13.wav,KIAMBU ROAD (1°13_45_S 36°50_26_E),1,motorcycle,-30.627666,20.430689,66.28191149015103,66.46205043149915,50.17
Kiambu Road (1°13_45_S 36°50_26_E)\Kiambu Road (1°13_45_S 36°50_26_E)--1-14.wav,KIAMBU ROAD (1°13_45_S 36°50_26_E),1,motorcycle,-32.98475,18.97131,66.28191149015103,66.46205043149915,50.17
Kiambu Road (1°13_45_S 36°50_26_E)\Kiambu Road (1°13_45_S 36°50_26_E)--1-15.wav,KIAMBU ROAD (1°13_45_S 36°50_26_E),2,private car,-34.454536,17.310226,66.28191149015103,66.46205043149915,50.17
Kiambu Road (1°13_45_S 36°50_26_E)\Kiambu Road (1°13_45_S 36°50_26_E)--1-16.wav,KIAMBU ROAD (1°13_45_S 36°50_26_E),2,private car,-34.12188,17.280846,66.28191149015103,66.46205043149915,50.17
Kiambu Road (1°13_45_S 36°50_26_E)\Kiambu Road (1°13_45_S 36°50_26_E)--1-17.wav,KIAMBU ROAD (1°13_45_S 36°50_26_E),2,private car,-32.916664,18.928339,66.28191149015103,66.46205043149915,50.17
Kiambu Road (1°13_45_S 36°50_26_E)\Kiambu Road (1°13_45_S 36°50_26_E)--1-18.wav,KIAMBU ROAD (1°13_45_S 36°50_26_E),2,private car,-36.230965,19.127392,66.28191149015103,66.46205043149915,50.17
Kiambu Road (1°13_45_S 36°50_26_E)\Kiambu Road (1°13_45_S 36°50_26_E)--1-19.wav,KIAMBU ROAD (1°13_45_S 36°50_26_E),1,motorcycle,-34.227592,18.357285,66.28191149015103,66.46205043149915,50.17
Kiambu Road (1°13_45_S 36°50_26_E)\Kiambu Road (1°13_45_S 36°50_26_E)--1-20.wav,KIAMBU ROAD (1°13_45_S 36°50_26_E),2,private car,-32.90566,19.045979,66.28191149015103,66.46205043149915,50.17
Kiambu Road (1°13_45_S 36°50_26_E)\Kiambu Road (1°13_45_S 36°50_26_E)--1-21.wav,KIAMBU ROAD (1°13_45_S 36°50_26_E),2,private car,-32.621674,18.172695,66.28191149015103,66.46205043149915,50.17
Kiambu Road (1°13_45_S 36°50_26_E)\Kiambu Road (1°13_45_S 36°50_26_E)--1-22.wav,KIAMBU ROAD (1°13_45_S 36°50_26_E),9,PSV,-32.255882,18.365877,66.28191149015103,66.46205043149915,50.17
Kiambu Road (1°13_45_S 36°50_26_E)\Kiambu Road (1°13_45_S 36°50_26_E)--1-23.wav,KIAMBU ROAD (1°13_45_S 36°50_26_E),2,private car,-31.669147,17.498251,66.28191149015103,66.46205043149915,50.17
Kiambu Road (1°13_45_S 36°50_26_E)\Kiambu Road (1°13_45_S 36°50_26_E)--1-24.wav,KIAMBU ROAD (1°13_45_S 36°50_26_E),2,private car,-34.292156,17.552578,66.28191149015103,66.46205043149915,50.17
Kiambu Road (1°13_45_S 36°50_26_E)\Kiambu Road (1°13_45_S 36°50_26_E)--1-25.wav,KIAMBU ROAD (1°13_45_S 36°50_26_E),9,PSV,-32.473972,19.295708,66.28191149015103,66.46205043149915,50.17
Kiambu Road (1°13_45_S 36°50_26_E)\Kiambu Road (1°13_45_S 36°50_26_E)--1-26.wav,KIAMBU ROAD (1°13_45_S 36°50_26_E),1,motorcycle,-33.4559,20.033686,66.28191149015103,66.46205043149915,50.17
Kiambu Road (1°13_45_S 36°50_26_E)\Kiambu Road (1°13_45_S 36°50_26_E)--1-27.wav,KIAMBU ROAD (1°13_45_S 36°50_26_E),1,motorcycle,-31.547394,18.993645,66.28191149015103,66.46205043149915,50.17
Kiambu Road (1°13_45_S 36°50_26_E)\Kiambu Road (1°13_45_S 36°50_26_E)--1-28.wav,KIAMBU ROAD (1°13_45_S 36°50_26_E),1,motorcycle,-30.609766,19.281414,66.28191149015103,66.46205043149915,50.17
Kiambu Road (1°13_45_S 36°50_26_E)\Kiambu Road (1°13_45_S 36°50_26_E)--1-29.wav,KIAMBU ROAD (1°13_45_S 36°50_26_E),4,pickup,-34.509747,20.114763,66.28191149015103,66.46205043149915,50.17
Kiambu Road (1°13_45_S 36°50_26_E)\Kiambu Road (1°13_45_S 36°50_26_E)--1-30.wav,KIAMBU ROAD (1°13_45_S 36°50_26_E),1,motorcycle,-36.097527,19.454514,66.28191149015103,66.46205043149915,50.17
Kiambu Road (1°13_45_S 36°50_26_E)\Kiambu Road (1°13_45_S 36°50_26_E)--1-31.wav,KIAMBU ROAD (1°13_45_S 36°50_26_E),2,private car,-30.782795,19.544165,66.28191149015103,66.46205043149915,50.17
Kiambu Road (1°13_45_S 36°50_26_E)\Kiambu Road (1°13_45_S 36°50_26_E)--1-32.wav,KIAMBU ROAD (1°13_45_S 36°50_26_E),9,PSV,-33.24781,20.457342,66.28191149015103,66.46205043149915,50.17
Kiambu Road (1°13_45_S 36°50_26_E)\Kiambu Road (1°13_45_S 36°50_26_E)--1-33.wav,KIAMBU ROAD (1°13_45_S 36°50_26_E),9,PSV,-36.226513,19.384417,66.28191149015103,66.46205043149915,50.17
Kiambu Road (1°13_45_S 36°50_26_E)\Kiambu Road (1°13_45_S 36°50_26_E)--1-34.wav,KIAMBU ROAD (1°13_45_S 36°50_26_E),9,PSV,-36.98785,22.701616,66.28191149015103,66.46205043149915,50.17
Kiambu Road (1°13_45_S 36°50_26_E)\Kiambu Road (1°13_45_S 36°50_26_E)--1-35.wav,KIAMBU ROAD (1°13_45_S 36°50_26_E),9,PSV,-36.61606,19.643152,66.28191149015103,66.46205043149915,50.17
Kiambu Road (1°13_45_S 36°50_26_E)\Kiambu Road (1°13_45_S 36°50_26_E)--1-36.wav,KIAMBU ROAD (1°13_45_S 36°50_26_E),9,PSV,-36.304867,17.91918,66.28191149015103,66.46205043149915,50.17
Kiambu Road (1°13_45_S 36°50_26_E)\Kiambu Road (1°13_45_S 36°50_26_E)--1-37.wav,KIAMBU ROAD (1°13_45_S 36°50_26_E),1,motorcycle,-35.12516,18.440342,66.28191149015103,66.46205043149915,50.17
Kiambu Road (1°13_45_S 36°50_26_E)\Kiambu Road (1°13_45_S 36°50_26_E)--1-38.wav,KIAMBU ROAD (1°13_45_S 36°50_26_E),4,pickup,-36.11727,17.600191,66.28191149015103,66.46205043149915,50.17
Kiambu Road (1°13_45_S 36°50_26_E)\Kiambu Road (1°13_45_S 36°50_26_E)--1-39.wav,KIAMBU ROAD (1°13_45_S 36°50_26_E),2,private car,-34.60959,16.521242,66.28191149015103,66.46205043149915,50.17
Kiambu Road (1°13_45_S 36°50_26_E)\Kiambu Road (1°13_45_S 36°50_26_E)--1-40.wav,KIAMBU ROAD (1°13_45_S 36°50_26_E),9,PSV,-32.901623,19.650585,66.28191149015103,66.46205043149915,50.17
Kiambu Road (1°13_45_S 36°50_26_E)\Kiambu Road (1°13_45_S 36°50_26_E)--1-41.wav,KIAMBU ROAD (1°13_45_S 36°50_26_E),4,pickup,-37.481445,17.993988,66.28191149015103,66.46205043149915,50.17
Kiambu Road (1°13_45_S 36°50_26_E)\Kiambu Road (1°13_45_S 36°50_26_E)--1-42.wav,KIAMBU ROAD (1°13_45_S 36°50_26_E),2,private car,-36.051155,16.35963,66.28191149015103,66.46205043149915,50.17
Kiambu Road (1°13_45_S 36°50_26_E)\Kiambu Road (1°13_45_S 36°50_26_E)--1-43.wav,KIAMBU ROAD (1°13_45_S 36°50_26_E),9,PSV,-34.645416,17.610737,66.28191149015103,66.46205043149915,50.17
Kiambu Road (1°13_45_S 36°50_26_E)\Kiambu Road (1°13_45_S 36°50_26_E)--1-44.wav,KIAMBU ROAD (1°13_45_S 36°50_26_E),2,private car,-35.96662,15.924227,66.28191149015103,66.46205043149915,50.17
Kiambu Road (1°13_45_S 36°50_26_E)\Kiambu Road (1°13_45_S 36°50_26_E)--1-45.wav,KIAMBU ROAD (1°13_45_S 36°50_26_E),9,PSV,-34.661392,19.02727,66.28191149015103,66.46205043149915,50.17
Kiambu Road (1°13_45_S 36°50_26_E)\Kiambu Road (1°13_45_S 36°50_26_E)--1-46.wav,KIAMBU ROAD (1°13_45_S 36°50_26_E),3,SUV,-31.486322,19.224447,66.28191149015103,66.46205043149915,50.17
Kiambu Road (1°13_45_S 36°50_26_E)\Kiambu Road (1°13_45_S 36°50_26_E)--1-47.wav,KIAMBU ROAD (1°13_45_S 36°50_26_E),2,private car,-34.62074,19.793562,66.28191149015103,66.46205043149915,50.17
Kiambu Road (1°13_45_S 36°50_26_E)\Kiambu Road (1°13_45_S 36°50_26_E)--1-48.wav,KIAMBU ROAD (1°13_45_S 36°50_26_E),2,private car,-35.598846,19.442795,66.28191149015103,66.46205043149915,50.17
Kiambu Road (1°13_45_S 36°50_26_E)\Kiambu Road (1°13_45_S 36°50_26_E)--1-49.wav,KIAMBU ROAD (1°13_45_S 36°50_26_E),1,motorcycle,-37.65284,19.470764,66.28191149015103,66.46205043149915,50.17
Kiambu Road (1°13_45_S 36°50_26_E)\Kiambu Road (1°13_45_S 36°50_26_E)--1-50.wav,KIAMBU ROAD (1°13_45_S 36°50_26_E),1,motorcycle,-37.077637,18.810965,66.28191149015103,66.46205043149915,50.17
Kiambu Road (1°13_45_S 36°50_26_E)\Kiambu Road (1°13_45_S 36°50_26_E)--1-1037.wav,KIAMBU ROAD (1°13_45_S 36°50_26_E),1,motorcycle,-36.268135,19.962275,66.28191149015103,66.46205043149915,50.17
Kinoo (1° 15_ 23_ S 36° 41_ 49_)\Kinoo (1° 15_ 23_ S 36° 41_ 49_)--1-0.wav,KINOO (1° 15_ 23_ S 36° 41_ 49_),9,PSV,-35.05645,17.344456,67.30753538586558,67.58218013237554,75.67
Kinoo (1° 15_ 23_ S 36° 41_ 49_)\Kinoo (1° 15_ 23_ S 36° 41_ 49_)--1-1.wav,KINOO (1° 15_ 23_ S 36° 41_ 49_),4,pickup,-33.11256,17.103607,67.30753538586558,67.58218013237554,75.67
Kinoo (1° 15_ 23_ S 36° 41_ 49_)\Kinoo (1° 15_ 23_ S 36° 41_ 49_)--1-2.wav,KINOO (1° 15_ 23_ S 36° 41_ 49_),9,PSV,-35.36259,16.67366,67.30753538586558,67.58218013237554,75.67
Kinoo (1° 15_ 23_ S 36° 41_ 49_)\Kinoo (1° 15_ 23_ S 36° 41_ 49_)--1-3.wav,KINOO (1° 15_ 23_ S 36° 41_ 49_),2,private car,-35.86818,18.307436,67.30753538586558,67.58218013237554,75.67
Kinoo (1° 15_ 23_ S 36° 41_ 49_)\Kinoo (1° 15_ 23_ S 36° 41_ 49_)--1-4.wav,KINOO (1° 15_ 23_ S 36° 41_ 49_),9,PSV,-30.359741,18.84441,67.30753538586558,67.58218013237554,75.67
Kinoo (1° 15_ 23_ S 36° 41_ 49_)\Kinoo (1° 15_ 23_ S 36° 41_ 49_)--1-5.wav,KINOO (1° 15_ 23_ S 36° 41_ 49_),1,motorcycle,-37.813515,17.111511,67.30753538586558,67.58218013237554,75.67
Kinoo (1° 15_ 23_ S 36° 41_ 49_)\Kinoo (1° 15_ 23_ S 36° 41_ 49_)--1-6.wav,KINOO (1° 15_ 23_ S 36° 41_ 49_),9,PSV,-35.233402,17.770329,67.30753538586558,67.58218013237554,75.67
Kinoo (1° 15_ 23_ S 36° 41_ 49_)\Kinoo (1° 15_ 23_ S 36° 41_ 49_)--1-7.wav,KINOO (1° 15_ 23_ S 36° 41_ 49_),1,motorcycle,-35.065044,18.433632,67.30753538586558,67.58218013237554,75.67
Kinoo (1° 15_ 23_ S 36° 41_ 49_)\Kinoo (1° 15_ 23_ S 36° 41_ 49_)--1-8.wav,KINOO (1° 15_ 23_ S 36° 41_ 49_),1,motorcycle,-35.11673,19.189642,67.30753538586558,67.58218013237554,75.67
Kinoo (1° 15_ 23_ S 36° 41_ 49_)\Kinoo (1° 15_ 23_ S 36° 41_ 49_)--1-9.wav,KINOO (1° 15_ 23_ S 36° 41_ 49_),9,PSV,-35.122406,18.202724,67.30753538586558,67.58218013237554,75.67
Kinoo (1° 15_ 23_ S 36° 41_ 49_)\Kinoo (1° 15_ 23_ S 36° 41_ 49_)--1-10.wav,KINOO (1° 15_ 23_ S 36° 41_ 49_),2,private car,-34.03746,19.056116,67.30753538586558,67.58218013237554,75.67
Kinoo (1° 15_ 23_ S 36° 41_ 49_)\Kinoo (1° 15_ 23_ S 36° 41_ 49_)--1-11.wav,KINOO (1° 15_ 23_ S 36° 41_ 49_),9,PSV,-34.594124,18.82218,67.30753538586558,67.58218013237554,75.67
Kinoo (1° 15_ 23_ S 36° 41_ 49_)\Kinoo (1° 15_ 23_ S 36° 41_ 49_)--1-12.wav,KINOO (1° 15_ 23_ S 36° 41_ 49_),2,private car,-28.79511,19.96133,67.30753538586558,67.58218013237554,75.67
Kinoo (1° 15_ 23_ S 36° 41_ 49_)\Kinoo (1° 15_ 23_ S 36° 41_ 49_)--1-13.wav,KINOO (1° 15_ 23_ S 36° 41_ 49_),9,PSV,-31.905193,19.462233,67.30753538586558,67.58218013237554,75.67
Kinoo (1° 15_ 23_ S 36° 41_ 49_)\Kinoo (1° 15_ 23_ S 36° 41_ 49_)--1-14.wav,KINOO (1° 15_ 23_ S 36° 41_ 49_),9,PSV,-34.587738,16.202581,67.30753538586558,67.58218013237554,75.67
Kinoo (1° 15_ 23_ S 36° 41_ 49_)\Kinoo (1° 15_ 23_ S 36° 41_ 49_)--1-15.wav,KINOO (1° 15_ 23_ S 36° 41_ 49_),9,PSV,-32.991966,18.089712,67.30753538586558,67.58218013237554,75.67
Kinoo (1° 15_ 23_ S 36° 41_ 49_)\Kinoo (1° 15_ 23_ S 36° 41_ 49_)--1-16.wav,KINOO (1° 15_ 23_ S 36° 41_ 49_),2,private car,-37.05198,18.877022,67.30753538586558,67.58218013237554,75.67
Kinoo (1° 15_ 23_ S 36° 41_ 49_)\Kinoo (1° 15_ 23_ S 36° 41_ 49_)--1-17.wav,KINOO (1° 15_ 23_ S 36° 41_ 49_),9,PSV,-40.257435,18.65072,67.30753538586558,67.58218013237554,75.67
Kinoo (1° 15_ 23_ S 36° 41_ 49_)\Kinoo (1° 15_ 23_ S 36° 41_ 49_)--1-18.wav,KINOO (1° 15_ 23_ S 36° 41_ 49_),9,PSV,-37.22855,17.957838,67.30753538586558,67.58218013237554,75.67
Kinoo (1° 15_ 23_ S 36° 41_ 49_)\Kinoo (1° 15_ 23_ S 36° 41_ 49_)--1-19.wav,KINOO (1° 15_ 23_ S 36° 41_ 49_),1,motorcycle,-38.974,17.185984,67.30753538586558,67.58218013237554,75.67
Kinoo (1° 15_ 23_ S 36° 41_ 49_)\Kinoo (1° 15_ 23_ S 36° 41_ 49_)--1-20.wav,KINOO (1° 15_ 23_ S 36° 41_ 49_),3,SUV,-38.077835,18.102692,67.30753538586558,67.58218013237554,75.67
Kinoo (1° 15_ 23_ S 36° 41_ 49_)\Kinoo (1° 15_ 23_ S 36° 41_ 49_)--1-21.wav,KINOO (1° 15_ 23_ S 36° 41_ 49_),4,pickup,-35.843616,19.251747,67.30753538586558,67.58218013237554,75.67
Kinoo (1° 15_ 23_ S 36° 41_ 49_)\Kinoo (1° 15_ 23_ S 36° 41_ 49_)--1-22.wav,KINOO (1° 15_ 23_ S 36° 41_ 49_),1,motorcycle,-35.586845,18.979033,67.30753538586558,67.58218013237554,75.67
Kinoo (1° 15_ 23_ S 36° 41_ 49_)\Kinoo (1° 15_ 23_ S 36° 41_ 49_)--1-23.wav,KINOO (1° 15_ 23_ S 36° 41_ 49_),1,motorcycle,-33.69036,20.161516,67.30753538586558,67.58218013237554,75.67
Kinoo (1° 15_ 23_ S 36° 41_ 49_)\Kinoo (1° 15_ 23_ S 36° 41_ 49_)--1-24.wav,KINOO (1° 15_ 23_ S 36° 41_ 49_),9,PSV,-35.03055,17.209337,67.30753538586558,67.58218013237554,75.67
Kinoo (1° 15_ 23_ S 36° 41_ 49_)\Kinoo (1° 15_ 23_ S 36° 41_ 49_)--1-25.wav,KINOO (1° 15_ 23_ S 36° 41_ 49_),1,motorcycle,-36.852715,17.004436,67.30753538586558,67.58218013237554,75.67
Kinoo (1° 15_ 23_ S 36° 41_ 49_)\Kinoo (1° 15_ 23_ S 36° 41_ 49_)--1-26.wav,KINOO (1° 15_ 23_ S 36° 41_ 49_),1,motorcycle,-36.343853,18.69664,67.30753538586558,67.58218013237554,75.67
Kinoo (1° 15_ 23_ S 36° 41_ 49_)\Kinoo (1° 15_ 23_ S 36° 41_ 49_)--1-27.wav,KINOO (1° 15_ 23_ S 36° 41_ 49_),0,bicycle,-36.989735,18.770191,67.30753538586558,67.58218013237554,75.67
Kinoo (1° 15_ 23_ S 36° 41_ 49_)\Kinoo (1° 15_ 23_ S 36° 41_ 49_)--1-28.wav,KINOO (1° 15_ 23_ S 36° 41_ 49_),2,private car,-32.41924,18.432201,67.30753538586558,67.58218013237554,75.67
Kinoo (1° 15_ 23_ S 36° 41_ 49_)\Kinoo (1° 15_ 23_ S 36° 41_ 49_)--1-29.wav,KINOO (1° 15_ 23_ S 36° 41_ 49_),2,private car,-37.097755,17.301434,67.30753538586558,67.58218013237554,75.67
Kinoo (1° 15_ 23_ S 36° 41_ 49_)\Kinoo (1° 15_ 23_ S 36° 41_ 49_)--1-30.wav,KINOO (1° 15_ 23_ S 36° 41_ 49_),1,motorcycle,-34.907112,17.52875,67.30753538586558,67.58218013237554,75.67
Kinoo (1° 15_ 23_ S 36° 41_ 49_)\Kinoo (1° 15_ 23_ S 36° 41_ 49_)--1-31.wav,KINOO (1° 15_ 23_ S 36° 41_ 49_),9,PSV,-35.160522,18.816908,67.30753538586558,67.58218013237554,75.67
Kinoo (1° 15_ 23_ S 36° 41_ 49_)\Kinoo (1° 15_ 23_ S 36° 41_ 49_)--1-32.wav,KINOO (1° 15_ 23_ S 36° 41_ 49_),2,private car,-35.02232,16.949501,67.30753538586558,67.58218013237554,75.67
Kinoo (1° 15_ 23_ S 36° 41_ 49_)\Kinoo (1° 15_ 23_ S 36° 41_ 49_)--1-33.wav,KINOO (1° 15_ 23_ S 36° 41_ 49_),4,pickup,-34.775303,18.879955,67.30753538586558,67.58218013237554,75.67
Kinoo (1° 15_ 23_ S 36° 41_ 49_)\Kinoo (1° 15_ 23_ S 36° 41_ 49_)--1-34.wav,KINOO (1° 15_ 23_ S 36° 41_ 49_),9,PSV,-33.593792,20.018867,67.30753538586558,67.58218013237554,75.67
Kinoo (1° 15_ 23_ S 36° 41_ 49_)\Kinoo (1° 15_ 23_ S 36° 41_ 49_)--1-35.wav,KINOO (1° 15_ 23_ S 36° 41_ 49_),9,PSV,-34.827366,17.616585,67.30753538586558,67.58218013237554,75.67
Kinoo (1° 15_ 23_ S 36° 41_ 49_)\Kinoo (1° 15_ 23_ S 36° 41_ 49_)--1-36.wav,KINOO (1° 15_ 23_ S 36° 41_ 49_),9,PSV,-30.8057,16.934378,67.30753538586558,67.58218013237554,75.67
Kinoo (1° 15_ 23_ S 36° 41_ 49_)\Kinoo (1° 15_ 23_ S 36° 41_ 49_)--1-37.wav,KINOO (1° 15_ 23_ S 36° 41_ 49_),1,motorcycle,-33.73594,17.551317,67.30753538586558,67.58218013237554,75.67
Kinoo (1° 15_ 23_ S 36° 41_ 49_)\Kinoo (1° 15_ 23_ S 36° 41_ 49_)--1-38.wav,KINOO (1° 15_ 23_ S 36° 41_ 49_),1,motorcycle,-40.115314,19.726488,67.30753538586558,67.58218013237554,75.67
Kinoo (1° 15_ 23_ S 36° 41_ 49_)\Kinoo (1° 15_ 23_ S 36° 41_ 49_)--1-39.wav,KINOO (1° 15_ 23_ S 36° 41_ 49_),1,motorcycle,-37.496326,16.6018,67.30753538586558,67.58218013237554,75.67
Kinoo (1° 15_ 23_ S 36° 41_ 49_)\Kinoo (1° 15_ 23_ S 36° 41_ 49_)--1-40.wav,KINOO (1° 15_ 23_ S 36° 41_ 49_),2,private car,-36.56562,18.760511,67.30753538586558,67.58218013237554,75.67
Kinoo (1° 15_ 23_ S 36° 41_ 49_)\Kinoo (1° 15_ 23_ S 36° 41_ 49_)--1-41.wav,KINOO (1° 15_ 23_ S 36° 41_ 49_),9,PSV,-36.79307,18.393112,67.30753538586558,67.58218013237554,75.67
Kinoo (1° 15_ 23_ S 36° 41_ 49_)\Kinoo (1° 15_ 23_ S 36° 41_ 49_)--1-42.wav,KINOO (1° 15_ 23_ S 36° 41_ 49_),1,motorcycle,-33.508198,17.9855,67.30753538586558,67.58218013237554,75.67
Kinoo (1° 15_ 23_ S 36° 41_ 49_)\Kinoo (1° 15_ 23_ S 36° 41_ 49_)--1-43.wav,KINOO (1° 15_ 23_ S 36° 41_ 49_),3,SUV,-36.654198,18.235119,67.30753538586558,67.58218013237554,75.67
Kinoo (1° 15_ 23_ S 36° 41_ 49_)\Kinoo (1° 15_ 23_ S 36° 41_ 49_)--1-44.wav,KINOO (1° 15_ 23_ S 36° 41_ 49_),1,motorcycle,-40.063625,18.90984,67.30753538586558,67.58218013237554,75.67
Kinoo (1° 15_ 23_ S 36° 41_ 49_)\Kinoo (1° 15_ 23_ S 36° 41_ 49_)--1-45.wav,KINOO (1° 15_ 23_ S 36° 41_ 49_),1,motorcycle,-37.901756,18.993296,67.30753538586558,67.58218013237554,75.67
Kinoo (1° 15_ 23_ S 36° 41_ 49_)\Kinoo (1° 15_ 23_ S 36° 41_ 49_)--1-46.wav,KINOO (1° 15_ 23_ S 36° 41_ 49_),9,PSV,-37.641273,18.494295,67.30753538586558,67.58218013237554,75.67
Kinoo (1° 15_ 23_ S 36° 41_ 49_)\Kinoo (1° 15_ 23_ S 36° 41_ 49_)--1-47.wav,KINOO (1° 15_ 23_ S 36° 41_ 49_),9,PSV,-35.091568,17.37197,67.30753538586558,67.58218013237554,75.67
Kinoo (1° 15_ 23_ S 36° 41_ 49_)\Kinoo (1° 15_ 23_ S 36° 41_ 49_)--1-48.wav,KINOO (1° 15_ 23_ S 36° 41_ 49_),9,PSV,-32.259056,19.362183,67.30753538586558,67.58218013237554,75.67
Kinoo (1° 15_ 23_ S 36° 41_ 49_)\Kinoo (1° 15_ 23_ S 36° 41_ 49_)--1-49.wav,KINOO (1° 15_ 23_ S 36° 41_ 49_),9,PSV,-34.34779,18.572214,67.30753538586558,67.58218013237554,75.67
Kinoo (1° 15_ 23_ S 36° 41_ 49_)\Kinoo (1° 15_ 23_ S 36° 41_ 49_)--1-50.wav,KINOO (1° 15_ 23_ S 36° 41_ 49_),3,SUV,-35.76799,19.63283,67.30753538586558,67.58218013237554,75.67
Kinoo (1° 15_ 23_ S 36° 41_ 49_)\Kinoo (1° 15_ 23_ S 36° 41_ 49_)--1-1089.wav,KINOO (1° 15_ 23_ S 36° 41_ 49_),1,motorcycle,-35.381184,19.927977,67.30753538586558,67.58218013237554,75.67
Langata Link 1°19_19_S  36°47_01_E\Langata Link 1°19_19_S  36°47_01_E--1-0.wav,LANGATA LINK 1°19_19_S  36°47_01_E,1,motorcycle,-35.62389,17.243004,64.54534246213785,64.69435821444677,41.65
Langata Link 1°19_19_S  36°47_01_E\Langata Link 1°19_19_S  36°47_01_E--1-1.wav,LANGATA LINK 1°19_19_S  36°47_01_E,3,SUV,-37.2311,18.070469,64.54534246213785,64.69435821444677,41.65
Langata Link 1°19_19_S  36°47_01_E\Langata Link 1°19_19_S  36°47_01_E--1-2.wav,LANGATA LINK 1°19_19_S  36°47_01_E,3,SUV,-34.912178,18.688776,64.54534246213785,64.69435821444677,41.65
Langata Link 1°19_19_S  36°47_01_E\Langata Link 1°19_19_S  36°47_01_E--1-3.wav,LANGATA LINK 1°19_19_S  36°47_01_E,1,motorcycle,-38.178383,18.825237,64.54534246213785,64.69435821444677,41.65
Langata Link 1°19_19_S  36°47_01_E\Langata Link 1°19_19_S  36°47_01_E--1-4.wav,LANGATA LINK 1°19_19_S  36°47_01_E,1,motorcycle,-37.77691,18.625175,64.54534246213785,64.69435821444677,41.65
Langata Link 1°19_19_S  36°47_01_E\Langata Link 1°19_19_S  36°47_01_E--1-5.wav,LANGATA LINK 1°19_19_S  36°47_01_E,1,motorcycle,-40.22553,17.305885,64.54534246213785,64.69435821444677,41.65
Langata Link 1°19_19_S  36°47_01_E\Langata Link 1°19_19_S  36°47_01_E--1-6.wav,LANGATA LINK 1°19_19_S  36°47_01_E,9,PSV,-34.61727,18.921776,64.54534246213785,64.69435821444677,41.65
Langata Link 1°19_19_S  36°47_01_E\Langata Link 1°19_19_S  36°47_01_E--1-7.wav,LANGATA LINK 1°19_19_S  36°47_01_E,3,SUV,-36.811802,19.666937,64.54534246213785,64.69435821444677,41.65
Langata Link 1°19_19_S  36°47_01_E\Langata Link 1°19_19_S  36°47_01_E--1-8.wav,LANGATA LINK 1°19_19_S  36°47_01_E,2,private car,-31.457922,18.628712,64.54534246213785,64.69435821444677,41.65
Langata Link 1°19_19_S  36°47_01_E\Langata Link 1°19_19_S  36°47_01_E--1-9.wav,LANGATA LINK 1°19_19_S  36°47_01_E,1,motorcycle,-33.34666,19.273638,64.54534246213785,64.69435821444677,41.65
Langata Link 1°19_19_S  36°47_01_E\Langata Link 1°19_19_S  36°47_01_E--1-10.wav,LANGATA LINK 1°19_19_S  36°47_01_E,9,PSV,-29.240017,19.93442,64.54534246213785,64.69435821444677,41.65
Langata Link 1°19_19_S  36°47_01_E\Langata Link 1°19_19_S  36°47_01_E--1-11.wav,LANGATA LINK 1°19_19_S  36°47_01_E,1,motorcycle,-38.067635,20.613117,64.54534246213785,64.69435821444677,41.65
Langata Link 1°19_19_S  36°47_01_E\Langata Link 1°19_19_S  36°47_01_E--1-12.wav,LANGATA LINK 1°19_19_S  36°47_01_E,9,PSV,-38.8827,18.247927,64.54534246213785,64.69435821444677,41.65
Langata Link 1°19_19_S  36°47_01_E\Langata Link 1°19_19_S  36°47_01_E--1-13.wav,LANGATA LINK 1°19_19_S  36°47_01_E,9,PSV,-36.354298,18.506786,64.54534246213785,64.69435821444677,41.65
Langata Link 1°19_19_S  36°47_01_E\Langata Link 1°19_19_S  36°47_01_E--1-14.wav,LANGATA LINK 1°19_19_S  36°47_01_E,0,bicycle,-33.60057,17.781033,64.54534246213785,64.69435821444677,41.65
Langata Link 1°19_19_S  36°47_01_E\Langata Link 1°19_19_S  36°47_01_E--1-15.wav,LANGATA LINK 1°19_19_S  36°47_01_E,1,motorcycle,-37.273396,17.317501,64.54534246213785,64.69435821444677,41.65
Langata Link 1°19_19_S  36°47_01_E\Langata Link 1°19_19_S  36°47_01_E--1-16.wav,LANGATA LINK 1°19_19_S  36°47_01_E,1,motorcycle,-34.000107,18.09886,64.54534246213785,64.69435821444677,41.65
Langata Link 1°19_19_S  36°47_01_E\Langata Link 1°19_19_S  36°47_01_E--1-17.wav,LANGATA LINK 1°19_19_S  36°47_01_E,9,PSV,-32.09307,18.561775,64.54534246213785,64.69435821444677,41.65
Langata Link 1°19_19_S  36°47_01_E\Langata Link 1°19_19_S  36°47_01_E--1-18.wav,LANGATA LINK 1°19_19_S  36°47_01_E,9,PSV,-36.077637,17.704105,64.54534246213785,64.69435821444677,41.65
Langata Link 1°19_19_S  36°47_01_E\Langata Link 1°19_19_S  36°47_01_E--1-19.wav,LANGATA LINK 1°19_19_S  36°47_01_E,9,PSV,-34.210243,18.29319,64.54534246213785,64.69435821444677,41.65
Langata Link 1°19_19_S  36°47_01_E\Langata Link 1°19_19_S  36°47_01_E--1-20.wav,LANGATA LINK 1°19_19_S  36°47_01_E,1,motorcycle,-29.109547,20.4963,64.54534246213785,64.69435821444677,41.65
Langata Link 1°19_19_S  36°47_01_E\Langata Link 1°19_19_S  36°47_01_E--1-21.wav,LANGATA LINK 1°19_19_S  36°47_01_E,3,SUV,-33.86855,17.297192,64.54534246213785,64.69435821444677,41.65
Langata Link 1°19_19_S  36°47_01_E\Langata Link 1°19_19_S  36°47_01_E--1-22.wav,LANGATA LINK 1°19_19_S  36°47_01_E,9,PSV,-33.551453,17.665693,64.54534246213785,64.69435821444677,41.65
Langata Link 1°19_19_S  36°47_01_E\Langata Link 1°19_19_S  36°47_01_E--1-23.wav,LANGATA LINK 1°19_19_S  36°47_01_E,9,PSV,-32.408684,18.431242,64.54534246213785,64.69435821444677,41.65
Langata Link 1°19_19_S  36°47_01_E\Langata Link 1°19_19_S  36°47_01_E--1-24.wav,LANGATA LINK 1°19_19_S  36°47_01_E,3,SUV,-32.976086,19.106441,64.54534246213785,64.69435821444677,41.65
Langata Link 1°19_19_S  36°47_01_E\Langata Link 1°19_19_S  36°47_01_E--1-25.wav,LANGATA LINK 1°19_19_S  36°47_01_E,9,PSV,-32.996,18.184374,64.54534246213785,64.69435821444677,41.65
Langata Link 1°19_19_S  36°47_01_E\Langata Link 1°19_19_S  36°47_01_E--1-26.wav,LANGATA LINK 1°19_19_S  36°47_01_E,2,private car,-32.47769,19.673683,64.54534246213785,64.69435821444677,41.65
Langata Link 1°19_19_S  36°47_01_E\Langata Link 1°19_19_S  36°47_01_E--1-27.wav,LANGATA LINK 1°19_19_S  36°47_01_E,9,PSV,-35.756615,16.95401,64.54534246213785,64.69435821444677,41.65
Langata Link 1°19_19_S  36°47_01_E\Langata Link 1°19_19_S  36°47_01_E--1-28.wav,LANGATA LINK 1°19_19_S  36°47_01_E,3,SUV,-35.660175,17.419617,64.54534246213785,64.69435821444677,41.65
Langata Link 1°19_19_S  36°47_01_E\Langata Link 1°19_19_S  36°47_01_E--1-29.wav,LANGATA LINK 1°19_19_S  36°47_01_E,2,private car,-32.33549,18.692192,64.54534246213785,64.69435821444677,41.65
Langata Link 1°19_19_S  36°47_01_E\Langata Link 1°19_19_S  36°47_01_E--1-30.wav,LANGATA LINK 1°19_19_S  36°47_01_E,1,motorcycle,-34.844532,18.8803,64.54534246213785,64.69435821444677,41.65
Langata Link 1°19_19_S  36°47_01_E\Langata Link 1°19_19_S  36°47_01_E--1-31.wav,LANGATA LINK 1°19_19_S  36°47_01_E,1,motorcycle,-36.148674,20.527245,64.54534246213785,64.69435821444677,41.65
Langata Link 1°19_19_S  36°47_01_E\Langata Link 1°19_19_S  36°47_01_E--1-32.wav,LANGATA LINK 1°19_19_S  36°47_01_E,1,motorcycle,-32.193016,17.880552,64.54534246213785,64.69435821444677,41.65
Langata Link 1°19_19_S  36°47_01_E\Langata Link 1°19_19_S  36°47_01_E--1-33.wav,LANGATA LINK 1°19_19_S  36°47_01_E,1,motorcycle,-33.962788,19.22084,64.54534246213785,64.69435821444677,41.65
Langata Link 1°19_19_S  36°47_01_E\Langata Link 1°19_19_S  36°47_01_E--1-34.wav,LANGATA LINK 1°19_19_S  36°47_01_E,1,motorcycle,-40.949577,16.861937,64.54534246213785,64.69435821444677,41.65
Langata Link 1°19_19_S  36°47_01_E\Langata Link 1°19_19_S  36°47_01_E--1-35.wav,LANGATA LINK 1°19_19_S  36°47_01_E,0,bicycle,-36.29014,19.040438,64.54534246213785,64.69435821444677,41.65
Langata Link 1°19_19_S  36°47_01_E\Langata Link 1°19_19_S  36°47_01_E--1-36.wav,LANGATA LINK 1°19_19_S  36°47_01_E,0,bicycle,-38.28906,19.73583,64.54534246213785,64.69435821444677,41.65
Langata Link 1°19_19_S  36°47_01_E\Langata Link 1°19_19_S  36°47_01_E--1-37.wav,LANGATA LINK 1°19_19_S  36°47_01_E,2,private car,-28.632603,18.666138,64.54534246213785,64.69435821444677,41.65
Langata Link 1°19_19_S  36°47_01_E\Langata Link 1°19_19_S  36°47_01_E--1-38.wav,LANGATA LINK 1°19_19_S  36°47_01_E,2,private car,-33.43102,20.239616,64.54534246213785,64.69435821444677,41.65
Langata Link 1°19_19_S  36°47_01_E\Langata Link 1°19_19_S  36°47_01_E--1-39.wav,LANGATA LINK 1°19_19_S  36°47_01_E,9,PSV,-31.670807,21.76629,64.54534246213785,64.69435821444677,41.65
Langata Link 1°19_19_S  36°47_01_E\Langata Link 1°19_19_S  36°47_01_E--1-40.wav,LANGATA LINK 1°19_19_S  36°47_01_E,9,PSV,-32.8028,18.908607,64.54534246213785,64.69435821444677,41.65
Langata Link 1°19_19_S  36°47_01_E\Langata Link 1°19_19_S  36°47_01_E--1-41.wav,LANGATA LINK 1°19_19_S  36°47_01_E,2,private car,-32.945454,17.704647,64.54534246213785,64.69435821444677,41.65
Langata Link 1°19_19_S  36°47_01_E\Langata Link 1°19_19_S  36°47_01_E--1-42.wav,LANGATA LINK 1°19_19_S  36°47_01_E,1,motorcycle,-30.149908,18.724089,64.54534246213785,64.69435821444677,41.65
Langata Link 1°19_19_S  36°47_01_E\Langata Link 1°19_19_S  36°47_01_E--1-43.wav,LANGATA LINK 1°19_19_S  36°47_01_E,2,private car,-33.039417,18.414783,64.54534246213785,64.69435821444677,41.65
Langata Link 1°19_19_S  36°47_01_E\Langata Link 1°19_19_S  36°47_01_E--1-44.wav,LANGATA LINK 1°19_19_S  36°47_01_E,2,private car,-37.65247,18.493828,64.54534246213785,64.69435821444677,41.65
Langata Link 1°19_19_S  36°47_01_E\Langata Link 1°19_19_S  36°47_01_E--1-45.wav,LANGATA LINK 1°19_19_S  36°47_01_E,9,PSV,-34.682163,18.537964,64.54534246213785,64.69435821444677,41.65
Langata Link 1°19_19_S  36°47_01_E\Langata Link 1°19_19_S  36°47_01_E--1-46.wav,LANGATA LINK 1°19_19_S  36°47_01_E,9,PSV,-32.546967,16.549189,64.54534246213785,64.69435821444677,41.65
Langata Link 1°19_19_S  36°47_01_E\Langata Link 1°19_19_S  36°47_01_E--1-47.wav,LANGATA LINK 1°19_19_S  36°47_01_E,2,private car,-34.409294,18.721817,64.54534246213785,64.69435821444677,41.65
Langata Link 1°19_19_S  36°47_01_E\Langata Link 1°19_19_S  36°47_01_E--1-48.wav,LANGATA LINK 1°19_19_S  36°47_01_E,2,private car,-32.758007,19.710691,64.54534246213785,64.69435821444677,41.65
Langata Link 1°19_19_S  36°47_01_E\Langata Link 1°19_19_S  36°47_01_E--1-49.wav,LANGATA LINK 1°19_19_S  36°47_01_E,9,PSV,-39.127518,18.758368,64.54534246213785,64.69435821444677,41.65
Langata Link 1°19_19_S  36°47_01_E\Langata Link 1°19_19_S  36°47_01_E--1-1140.wav,LANGATA LINK 1°19_19_S  36°47_01_E,1,motorcycle,-35.59499,19.145916,64.54534246213785,64.69435821444677,41.65
Likoni Rd (1°17_55_S 36°50_14_E)\Likoni Rd (1°17_55_S 36°50_14_E)--1-0.wav,LIKONI RD (1°17_55_S 36°50_14_E),9,PSV,-31.332409,17.648706,66.82847178899914,66.99963811683938,47.72
Likoni Rd (1°17_55_S 36°50_14_E)\Likoni Rd (1°17_55_S 36°50_14_E)--1-1.wav,LIKONI RD (1°17_55_S 36°50_14_E),1,motorcycle,-32.103264,20.29334,66.82847178899914,66.99963811683938,47.72
Likoni Rd (1°17_55_S 36°50_14_E)\Likoni Rd (1°17_55_S 36°50_14_E)--1-2.wav,LIKONI RD (1°17_55_S 36°50_14_E),9,PSV,-32.901264,18.512827,66.82847178899914,66.99963811683938,47.72
Likoni Rd (1°17_55_S 36°50_14_E)\Likoni Rd (1°17_55_S 36°50_14_E)--1-3.wav,LIKONI RD (1°17_55_S 36°50_14_E),1,motorcycle,-37.494854,21.597513,66.82847178899914,66.99963811683938,47.72
Likoni Rd (1°17_55_S 36°50_14_E)\Likoni Rd (1°17_55_S 36°50_14_E)--1-4.wav,LIKONI RD (1°17_55_S 36°50_14_E),1,motorcycle,-30.077423,20.876324,66.82847178899914,66.99963811683938,47.72
Likoni Rd (1°17_55_S 36°50_14_E)\Likoni Rd (1°17_55_S 36°50_14_E)--1-5.wav,LIKONI RD (1°17_55_S 36°50_14_E),10,other,-34.624886,18.954187,66.82847178899914,66.99963811683938,47.72
Likoni Rd (1°17_55_S 36°50_14_E)\Likoni Rd (1°17_55_S 36°50_14_E)--1-6.wav,LIKONI RD (1°17_55_S 36°50_14_E),10,other,-26.96662,18.287214,66.82847178899914,66.99963811683938,47.72
Likoni Rd (1°17_55_S 36°50_14_E)\Likoni Rd (1°17_55_S 36°50_14_E)--1-7.wav,LIKONI RD (1°17_55_S 36°50_14_E),1,motorcycle,-32.051994,17.844152,66.82847178899914,66.99963811683938,47.72
Likoni Rd (1°17_55_S 36°50_14_E)\Likoni Rd (1°17_55_S 36°50_14_E)--1-8.wav,LIKONI RD (1°17_55_S 36°50_14_E),2,private car,-30.334753,20.16618,66.82847178899914,66.99963811683938,47.72
Likoni Rd (1°17_55_S 36°50_14_E)\Likoni Rd (1°17_55_S 36°50_14_E)--1-9.wav,LIKONI RD (1°17_55_S 36°50_14_E),2,private car,-36.788155,19.628538,66.82847178899914,66.99963811683938,47.72
Likoni Rd (1°17_55_S 36°50_14_E)\Likoni Rd (1°17_55_S 36°50_14_E)--1-10.wav,LIKONI RD (1°17_55_S 36°50_14_E),1,motorcycle,-33.030384,19.705015,66.82847178899914,66.99963811683938,47.72
Likoni Rd (1°17_55_S 36°50_14_E)\Likoni Rd (1°17_55_S 36°50_14_E)--1-11.wav,LIKONI RD (1°17_55_S 36°50_14_E),1,motorcycle,-29.292278,19.42478,66.82847178899914,66.99963811683938,47.72
Likoni Rd (1°17_55_S 36°50_14_E)\Likoni Rd (1°17_55_S 36°50_14_E)--1-12.wav,LIKONI RD (1°17_55_S 36°50_14_E),1,motorcycle,-31.631367,20.774807,66.82847178899914,66.99963811683938,47.72
Likoni Rd (1°17_55_S 36°50_14_E)\Likoni Rd (1°17_55_S 36°50_14_E)--1-13.wav,LIKONI RD (1°17_55_S 36°50_14_E),9,PSV,-35.542046,18.76505,66.82847178899914,66.99963811683938,47.72
Likoni Rd (1°17_55_S 36°50_14_E)\Likoni Rd (1°17_55_S 36°50_14_E)--1-14.wav,LIKONI RD (1°17_55_S 36°50_14_E),1,motorcycle,-35.10374,18.426851,66.82847178899914,66.99963811683938,47.72
Likoni Rd (1°17_55_S 36°50_14_E)\Likoni Rd (1°17_55_S 36°50_14_E)--1-15.wav,LIKONI RD (1°17_55_S 36°50_14_E),1,motorcycle,-34.821655,18.089296,66.82847178899914,66.99963811683938,47.72
Likoni Rd (1°17_55_S 36°50_14_E)\Likoni Rd (1°17_55_S 36°50_14_E)--1-16.wav,LIKONI RD (1°17_55_S 36°50_14_E),1,motorcycle,-33.359436,20.280237,66.82847178899914,66.99963811683938,47.72
Likoni Rd (1°17_55_S 36°50_14_E)\Likoni Rd (1°17_55_S 36°50_14_E)--1-17.wav,LIKONI RD (1°17_55_S 36°50_14_E),1,motorcycle,-29.493765,19.64158,66.82847178899914,66.99963811683938,47.72
Likoni Rd (1°17_55_S 36°50_14_E)\Likoni Rd (1°17_55_S 36°50_14_E)--1-18.wav,LIKONI RD (1°17_55_S 36°50_14_E),1,motorcycle,-33.93318,19.921082,66.82847178899914,66.99963811683938,47.72
Likoni Rd (1°17_55_S 36°50_14_E)\Likoni Rd (1°17_55_S 36°50_14_E)--1-19.wav,LIKONI RD (1°17_55_S 36°50_14_E),1,motorcycle,-35.46412,19.224829,66.82847178899914,66.99963811683938,47.72
Likoni Rd (1°17_55_S 36°50_14_E)\Likoni Rd (1°17_55_S 36°50_14_E)--1-20.wav,LIKONI RD (1°17_55_S 36°50_14_E),1,motorcycle,-31.478418,18.383364,66.82847178899914,66.99963811683938,47.72
Likoni Rd (1°17_55_S 36°50_14_E)\Likoni Rd (1°17_55_S 36°50_14_E)--1-21.wav,LIKONI RD (1°17_55_S 36°50_14_E),1,motorcycle,-34.445473,20.073483,66.82847178899914,66.99963811683938,47.72
Likoni Rd (1°17_55_S 36°50_14_E)\Likoni Rd (1°17_55_S 36°50_14_E)--1-22.wav,LIKONI RD (1°17_55_S 36°50_14_E),1,motorcycle,-36.019028,19.24066,66.82847178899914,66.99963811683938,47.72
Likoni Rd (1°17_55_S 36°50_14_E)\Likoni Rd (1°17_55_S 36°50_14_E)--1-23.wav,LIKONI RD (1°17_55_S 36°50_14_E),2,private car,-36.082672,18.756506,66.82847178899914,66.99963811683938,47.72
Likoni Rd (1°17_55_S 36°50_14_E)\Likoni Rd (1°17_55_S 36°50_14_E)--1-24.wav,LIKONI RD (1°17_55_S 36°50_14_E),1,motorcycle,-34.840565,19.356356,66.82847178899914,66.99963811683938,47.72
Likoni Rd (1°17_55_S 36°50_14_E)\Likoni Rd (1°17_55_S 36°50_14_E)--1-25.wav,LIKONI RD (1°17_55_S 36°50_14_E),1,motorcycle,-33.812363,20.106339,66.82847178899914,66.99963811683938,47.72
Likoni Rd (1°17_55_S 36°50_14_E)\Likoni Rd (1°17_55_S 36°50_14_E)--1-26.wav,LIKONI RD (1°17_55_S 36°50_14_E),1,motorcycle,-33.77658,20.435768,66.82847178899914,66.99963811683938,47.72
Likoni Rd (1°17_55_S 36°50_14_E)\Likoni Rd (1°17_55_S 36°50_14_E)--1-27.wav,LIKONI RD (1°17_55_S 36°50_14_E),1,motorcycle,-36.321068,20.700539,66.82847178899914,66.99963811683938,47.72
Likoni Rd (1°17_55_S 36°50_14_E)\Likoni Rd (1°17_55_S 36°50_14_E)--1-28.wav,LIKONI RD (1°17_55_S 36°50_14_E),2,private car,-35.515434,18.982864,66.82847178899914,66.99963811683938,47.72
Likoni Rd (1°17_55_S 36°50_14_E)\Likoni Rd (1°17_55_S 36°50_14_E)--1-29.wav,LIKONI RD (1°17_55_S 36°50_14_E),1,motorcycle,-34.252033,19.495663,66.82847178899914,66.99963811683938,47.72
Likoni Rd (1°17_55_S 36°50_14_E)\Likoni Rd (1°17_55_S 36°50_14_E)--1-30.wav,LIKONI RD (1°17_55_S 36°50_14_E),9,PSV,-32.644897,18.884119,66.82847178899914,66.99963811683938,47.72
Likoni Rd (1°17_55_S 36°50_14_E)\Likoni Rd (1°17_55_S 36°50_14_E)--1-31.wav,LIKONI RD (1°17_55_S 36°50_14_E),1,motorcycle,-33.75991,17.786596,66.82847178899914,66.99963811683938,47.72
Likoni Rd (1°17_55_S 36°50_14_E)\Likoni Rd (1°17_55_S 36°50_14_E)--1-32.wav,LIKONI RD (1°17_55_S 36°50_14_E),3,SUV,-32.608078,18.346668,66.82847178899914,66.99963811683938,47.72
Likoni Rd (1°17_55_S 36°50_14_E)\Likoni Rd (1°17_55_S 36°50_14_E)--1-33.wav,LIKONI RD (1°17_55_S 36°50_14_E),2,private car,-30.897156,18.673609,66.82847178899914,66.99963811683938,47.72
Likoni Rd (1°17_55_S 36°50_14_E)\Likoni Rd (1°17_55_S 36°50_14_E)--1-34.wav,LIKONI RD (1°17_55_S 36°50_14_E),9,PSV,-31.273388,18.940512,66.82847178899914,66.99963811683938,47.72
Likoni Rd (1°17_55_S 36°50_14_E)\Likoni Rd (1°17_55_S 36°50_14_E)--1-35.wav,LIKONI RD (1°17_55_S 36°50_14_E),3,SUV,-31.774908,18.984013,66.82847178899914,66.99963811683938,47.72
Likoni Rd (1°17_55_S 36°50_14_E)\Likoni Rd (1°17_55_S 36°50_14_E)--1-36.wav,LIKONI RD (1°17_55_S 36°50_14_E),9,PSV,-34.306408,19.345123,66.82847178899914,66.99963811683938,47.72
Likoni Rd (1°17_55_S 36°50_14_E)\Likoni Rd (1°17_55_S 36°50_14_E)--1-37.wav,LIKONI RD (1°17_55_S 36°50_14_E),9,PSV,-33.698967,19.477142,66.82847178899914,66.99963811683938,47.72
Likoni Rd (1°17_55_S 36°50_14_E)\Likoni Rd (1°17_55_S 36°50_14_E)--1-38.wav,LIKONI RD (1°17_55_S 36°50_14_E),9,PSV,-29.59909,20.137777,66.82847178899914,66.99963811683938,47.72
Likoni Rd (1°17_55_S 36°50_14_E)\Likoni Rd (1°17_55_S 36°50_14_E)--1-39.wav,LIKONI RD (1°17_55_S 36°50_14_E),1,motorcycle,-35.80893,20.148308,66.82847178899914,66.99963811683938,47.72
Likoni Rd (1°17_55_S 36°50_14_E)\Likoni Rd (1°17_55_S 36°50_14_E)--1-40.wav,LIKONI RD (1°17_55_S 36°50_14_E),9,PSV,-36.409447,20.248758,66.82847178899914,66.99963811683938,47.72
Likoni Rd (1°17_55_S 36°50_14_E)\Likoni Rd (1°17_55_S 36°50_14_E)--1-41.wav,LIKONI RD (1°17_55_S 36°50_14_E),1,motorcycle,-31.222015,19.997952,66.82847178899914,66.99963811683938,47.72
Likoni Rd (1°17_55_S 36°50_14_E)\Likoni Rd (1°17_55_S 36°50_14_E)--1-42.wav,LIKONI RD (1°17_55_S 36°50_14_E),3,SUV,-32.68815,19.80345,66.82847178899914,66.99963811683938,47.72
Likoni Rd (1°17_55_S 36°50_14_E)\Likoni Rd (1°17_55_S 36°50_14_E)--1-43.wav,LIKONI RD (1°17_55_S 36°50_14_E),4,pickup,-35.46467,19.368692,66.82847178899914,66.99963811683938,47.72
Likoni Rd (1°17_55_S 36°50_14_E)\Likoni Rd (1°17_55_S 36°50_14_E)--1-44.wav,LIKONI RD (1°17_55_S 36°50_14_E),9,PSV,-34.021862,19.173405,66.82847178899914,66.99963811683938,47.72
Likoni Rd (1°17_55_S 36°50_14_E)\Likoni Rd (1°17_55_S 36°50_14_E)--1-45.wav,LIKONI RD (1°17_55_S 36°50_14_E),1,motorcycle,-37.537556,19.127655,66.82847178899914,66.99963811683938,47.72
Likoni Rd (1°17_55_S 36°50_14_E)\Likoni Rd (1°17_55_S 36°50_14_E)--1-46.wav,LIKONI RD (1°17_55_S 36°50_14_E),1,motorcycle,-36.878937,21.585356,66.82847178899914,66.99963811683938,47.72
Likoni Rd (1°17_55_S 36°50_14_E)\Likoni Rd (1°17_55_S 36°50_14_E)--1-47.wav,LIKONI RD (1°17_55_S 36°50_14_E),9,PSV,-30.470984,22.78315,66.82847178899914,66.99963811683938,47.72
Likoni Rd (1°17_55_S 36°50_14_E)\Likoni Rd (1°17_55_S 36°50_14_E)--1-48.wav,LIKONI RD (1°17_55_S 36°50_14_E),1,motorcycle,-34.993664,20.170088,66.82847178899914,66.99963811683938,47.72
Likoni Rd (1°17_55_S 36°50_14_E)\Likoni Rd (1°17_55_S 36°50_14_E)--1-49.wav,LIKONI RD (1°17_55_S 36°50_14_E),1,motorcycle,-35.046722,19.997667,66.82847178899914,66.99963811683938,47.72
Likoni Rd (1°17_55_S 36°50_14_E)\Likoni Rd (1°17_55_S 36°50_14_E)--1-50.wav,LIKONI RD (1°17_55_S 36°50_14_E),1,motorcycle,-34.767803,18.185625,66.82847178899914,66.99963811683938,47.72
Likoni Rd (1°17_55_S 36°50_14_E)\Likoni Rd (1°17_55_S 36°50_14_E)--1-51.wav,LIKONI RD (1°17_55_S 36°50_14_E),3,SUV,-33.461956,19.7243,66.82847178899914,66.99963811683938,47.72
Likoni Rd (1°17_55_S 36°50_14_E)\Likoni Rd (1°17_55_S 36°50_14_E)--1-52.wav,LIKONI RD (1°17_55_S 36°50_14_E),1,motorcycle,-35.870323,18.945147,66.82847178899914,66.99963811683938,47.72
Likoni Rd (1°17_55_S 36°50_14_E)\Likoni Rd (1°17_55_S 36°50_14_E)--1-1194.wav,LIKONI RD (1°17_55_S 36°50_14_E),9,PSV,-33.127563,18.470844,66.82847178899914,66.99963811683938,47.72
Makongeni ShoppingCtr Ruai(1°16_38_S 37°01_43_E)\Makongeni ShoppingCtr Ruai(1°16_38_S 37°01_43_E)--1-0.wav,MAKONGENI SHOPPINGCTR RUAI(1°16_38_S 37°01_43_E),1,motorcycle,-32.909985,18.206976,66.92812939525275,67.12987854589949,56.05
Makongeni ShoppingCtr Ruai(1°16_38_S 37°01_43_E)\Makongeni ShoppingCtr Ruai(1°16_38_S 37°01_43_E)--1-1.wav,MAKONGENI SHOPPINGCTR RUAI(1°16_38_S 37°01_43_E),9,PSV,-34.247883,17.019575,66.92812939525275,67.12987854589949,56.05
Makongeni ShoppingCtr Ruai(1°16_38_S 37°01_43_E)\Makongeni ShoppingCtr Ruai(1°16_38_S 37°01_43_E)--1-2.wav,MAKONGENI SHOPPINGCTR RUAI(1°16_38_S 37°01_43_E),1,motorcycle,-34.2254,18.17441,66.92812939525275,67.12987854589949,56.05
Makongeni ShoppingCtr Ruai(1°16_38_S 37°01_43_E)\Makongeni ShoppingCtr Ruai(1°16_38_S 37°01_43_E)--1-3.wav,MAKONGENI SHOPPINGCTR RUAI(1°16_38_S 37°01_43_E),2,private car,-36.97231,18.27259,66.92812939525275,67.12987854589949,56.05
Makongeni ShoppingCtr Ruai(1°16_38_S 37°01_43_E)\Makongeni ShoppingCtr Ruai(1°16_38_S 37°01_43_E)--1-4.wav,MAKONGENI SHOPPINGCTR RUAI(1°16_38_S 37°01_43_E),2,private car,-36.081635,17.099752,66.92812939525275,67.12987854589949,56.05
Makongeni ShoppingCtr Ruai(1°16_38_S 37°01_43_E)\Makongeni ShoppingCtr Ruai(1°16_38_S 37°01_43_E)--1-5.wav,MAKONGENI SHOPPINGCTR RUAI(1°16_38_S 37°01_43_E),2,private car,-32.87442,18.314539,66.92812939525275,67.12987854589949,56.05
Makongeni ShoppingCtr Ruai(1°16_38_S 37°01_43_E)\Makongeni ShoppingCtr Ruai(1°16_38_S 37°01_43_E)--1-6.wav,MAKONGENI SHOPPINGCTR RUAI(1°16_38_S 37°01_43_E),1,motorcycle,-34.495106,17.624939,66.92812939525275,67.12987854589949,56.05
Makongeni ShoppingCtr Ruai(1°16_38_S 37°01_43_E)\Makongeni ShoppingCtr Ruai(1°16_38_S 37°01_43_E)--1-7.wav,MAKONGENI SHOPPINGCTR RUAI(1°16_38_S 37°01_43_E),2,private car,-35.88863,18.012503,66.92812939525275,67.12987854589949,56.05
Makongeni ShoppingCtr Ruai(1°16_38_S 37°01_43_E)\Makongeni ShoppingCtr Ruai(1°16_38_S 37°01_43_E)--1-8.wav,MAKONGENI SHOPPINGCTR RUAI(1°16_38_S 37°01_43_E),1,motorcycle,-40.468456,20.397379,66.92812939525275,67.12987854589949,56.05
Makongeni ShoppingCtr Ruai(1°16_38_S 37°01_43_E)\Makongeni ShoppingCtr Ruai(1°16_38_S 37°01_43_E)--1-9.wav,MAKONGENI SHOPPINGCTR RUAI(1°16_38_S 37°01_43_E),1,motorcycle,-39.87018,17.798595,66.92812939525275,67.12987854589949,56.05
Makongeni ShoppingCtr Ruai(1°16_38_S 37°01_43_E)\Makongeni ShoppingCtr Ruai(1°16_38_S 37°01_43_E)--1-10.wav,MAKONGENI SHOPPINGCTR RUAI(1°16_38_S 37°01_43_E),9,PSV,-29.570368,18.341206,66.92812939525275,67.12987854589949,56.05
Makongeni ShoppingCtr Ruai(1°16_38_S 37°01_43_E)\Makongeni ShoppingCtr Ruai(1°16_38_S 37°01_43_E)--1-11.wav,MAKONGENI SHOPPINGCTR RUAI(1°16_38_S 37°01_43_E),0,bicycle,-36.510708,18.706804,66.92812939525275,67.12987854589949,56.05
Makongeni ShoppingCtr Ruai(1°16_38_S 37°01_43_E)\Makongeni ShoppingCtr Ruai(1°16_38_S 37°01_43_E)--1-12.wav,MAKONGENI SHOPPINGCTR RUAI(1°16_38_S 37°01_43_E),2,private car,-36.032818,18.111464,66.92812939525275,67.12987854589949,56.05
Makongeni ShoppingCtr Ruai(1°16_38_S 37°01_43_E)\Makongeni ShoppingCtr Ruai(1°16_38_S 37°01_43_E)--1-13.wav,MAKONGENI SHOPPINGCTR RUAI(1°16_38_S 37°01_43_E),2,private car,-34.480286,17.96786,66.92812939525275,67.12987854589949,56.05
Makongeni ShoppingCtr Ruai(1°16_38_S 37°01_43_E)\Makongeni ShoppingCtr Ruai(1°16_38_S 37°01_43_E)--1-14.wav,MAKONGENI SHOPPINGCTR RUAI(1°16_38_S 37°01_43_E),2,private car,-37.344376,18.290234,66.92812939525275,67.12987854589949,56.05
Makongeni ShoppingCtr Ruai(1°16_38_S 37°01_43_E)\Makongeni ShoppingCtr Ruai(1°16_38_S 37°01_43_E)--1-15.wav,MAKONGENI SHOPPINGCTR RUAI(1°16_38_S 37°01_43_E),3,SUV,-35.73089,15.979459,66.92812939525275,67.12987854589949,56.05
Makongeni ShoppingCtr Ruai(1°16_38_S 37°01_43_E)\Makongeni ShoppingCtr Ruai(1°16_38_S 37°01_43_E)--1-16.wav,MAKONGENI SHOPPINGCTR RUAI(1°16_38_S 37°01_43_E),1,motorcycle,-35.313736,16.804182,66.92812939525275,67.12987854589949,56.05
Makongeni ShoppingCtr Ruai(1°16_38_S 37°01_43_E)\Makongeni ShoppingCtr Ruai(1°16_38_S 37°01_43_E)--1-17.wav,MAKONGENI SHOPPINGCTR RUAI(1°16_38_S 37°01_43_E),4,pickup,-34.351665,18.204012,66.92812939525275,67.12987854589949,56.05
Makongeni ShoppingCtr Ruai(1°16_38_S 37°01_43_E)\Makongeni ShoppingCtr Ruai(1°16_38_S 37°01_43_E)--1-18.wav,MAKONGENI SHOPPINGCTR RUAI(1°16_38_S 37°01_43_E),9,PSV,-33.779243,17.837946,66.92812939525275,67.12987854589949,56.05
Makongeni ShoppingCtr Ruai(1°16_38_S 37°01_43_E)\Makongeni ShoppingCtr Ruai(1°16_38_S 37°01_43_E)--1-19.wav,MAKONGENI SHOPPINGCTR RUAI(1°16_38_S 37°01_43_E),4,pickup,-36.325706,18.387756,66.92812939525275,67.12987854589949,56.05
Makongeni ShoppingCtr Ruai(1°16_38_S 37°01_43_E)\Makongeni ShoppingCtr Ruai(1°16_38_S 37°01_43_E)--1-20.wav,MAKONGENI SHOPPINGCTR RUAI(1°16_38_S 37°01_43_E),2,private car,-34.587173,18.310308,66.92812939525275,67.12987854589949,56.05
Makongeni ShoppingCtr Ruai(1°16_38_S 37°01_43_E)\Makongeni ShoppingCtr Ruai(1°16_38_S 37°01_43_E)--1-21.wav,MAKONGENI SHOPPINGCTR RUAI(1°16_38_S 37°01_43_E),9,PSV,-36.718136,16.822428,66.92812939525275,67.12987854589949,56.05
Makongeni ShoppingCtr Ruai(1°16_38_S 37°01_43_E)\Makongeni ShoppingCtr Ruai(1°16_38_S 37°01_43_E)--1-22.wav,MAKONGENI SHOPPINGCTR RUAI(1°16_38_S 37°01_43_E),1,motorcycle,-34.74218,18.835604,66.92812939525275,67.12987854589949,56.05
Makongeni ShoppingCtr Ruai(1°16_38_S 37°01_43_E)\Makongeni ShoppingCtr Ruai(1°16_38_S 37°01_43_E)--1-23.wav,MAKONGENI SHOPPINGCTR RUAI(1°16_38_S 37°01_43_E),4,pickup,-37.193687,17.556622,66.92812939525275,67.12987854589949,56.05
Makongeni ShoppingCtr Ruai(1°16_38_S 37°01_43_E)\Makongeni ShoppingCtr Ruai(1°16_38_S 37°01_43_E)--1-24.wav,MAKONGENI SHOPPINGCTR RUAI(1°16_38_S 37°01_43_E),3,SUV,-37.304005,17.31587,66.92812939525275,67.12987854589949,56.05
Makongeni ShoppingCtr Ruai(1°16_38_S 37°01_43_E)\Makongeni ShoppingCtr Ruai(1°16_38_S 37°01_43_E)--1-25.wav,MAKONGENI SHOPPINGCTR RUAI(1°16_38_S 37°01_43_E),3,SUV,-39.002842,17.693554,66.92812939525275,67.12987854589949,56.05
Makongeni ShoppingCtr Ruai(1°16_38_S 37°01_43_E)\Makongeni ShoppingCtr Ruai(1°16_38_S 37°01_43_E)--1-26.wav,MAKONGENI SHOPPINGCTR RUAI(1°16_38_S 37°01_43_E),9,PSV,-36.17131,17.84035,66.92812939525275,67.12987854589949,56.05
Makongeni ShoppingCtr Ruai(1°16_38_S 37°01_43_E)\Makongeni ShoppingCtr Ruai(1°16_38_S 37°01_43_E)--1-27.wav,MAKONGENI SHOPPINGCTR RUAI(1°16_38_S 37°01_43_E),2,private car,-35.061413,16.107494,66.92812939525275,67.12987854589949,56.05
Makongeni ShoppingCtr Ruai(1°16_38_S 37°01_43_E)\Makongeni ShoppingCtr Ruai(1°16_38_S 37°01_43_E)--1-28.wav,MAKONGENI SHOPPINGCTR RUAI(1°16_38_S 37°01_43_E),2,private car,-35.72609,17.83159,66.92812939525275,67.12987854589949,56.05
Makongeni ShoppingCtr Ruai(1°16_38_S 37°01_43_E)\Makongeni ShoppingCtr Ruai(1°16_38_S 37°01_43_E)--1-29.wav,MAKONGENI SHOPPINGCTR RUAI(1°16_38_S 37°01_43_E),2,private car,-34.70565,17.488487,66.92812939525275,67.12987854589949,56.05
Makongeni ShoppingCtr Ruai(1°16_38_S 37°01_43_E)\Makongeni ShoppingCtr Ruai(1°16_38_S 37°01_43_E)--1-30.wav,MAKONGENI SHOPPINGCTR RUAI(1°16_38_S 37°01_43_E),9,PSV,-39.85285,13.931321,66.92812939525275,67.12987854589949,56.05
Makongeni ShoppingCtr Ruai(1°16_38_S 37°01_43_E)\Makongeni ShoppingCtr Ruai(1°16_38_S 37°01_43_E)--1-31.wav,MAKONGENI SHOPPINGCTR RUAI(1°16_38_S 37°01_43_E),1,motorcycle,-41.3307,18.20791,66.92812939525275,67.12987854589949,56.05
Makongeni ShoppingCtr Ruai(1°16_38_S 37°01_43_E)\Makongeni ShoppingCtr Ruai(1°16_38_S 37°01_43_E)--1-32.wav,MAKONGENI SHOPPINGCTR RUAI(1°16_38_S 37°01_43_E),9,PSV,-39.266243,18.268414,66.92812939525275,67.12987854589949,56.05
Makongeni ShoppingCtr Ruai(1°16_38_S 37°01_43_E)\Makongeni ShoppingCtr Ruai(1°16_38_S 37°01_43_E)--1-33.wav,MAKONGENI SHOPPINGCTR RUAI(1°16_38_S 37°01_43_E),1,motorcycle,-39.220684,18.208317,66.92812939525275,67.12987854589949,56.05
Makongeni ShoppingCtr Ruai(1°16_38_S 37°01_43_E)\Makongeni ShoppingCtr Ruai(1°16_38_S 37°01_43_E)--1-34.wav,MAKONGENI SHOPPINGCTR RUAI(1°16_38_S 37°01_43_E),9,PSV,-40.56077,18.436525,66.92812939525275,67.12987854589949,56.05
Makongeni ShoppingCtr Ruai(1°16_38_S 37°01_43_E)\Makongeni ShoppingCtr Ruai(1°16_38_S 37°01_43_E)--1-35.wav,MAKONGENI SHOPPINGCTR RUAI(1°16_38_S 37°01_43_E),2,private car,-35.46026,16.952494,66.92812939525275,67.12987854589949,56.05
Makongeni ShoppingCtr Ruai(1°16_38_S 37°01_43_E)\Makongeni ShoppingCtr Ruai(1°16_38_S 37°01_43_E)--1-36.wav,MAKONGENI SHOPPINGCTR RUAI(1°16_38_S 37°01_43_E),2,private car,-33.934635,17.063997,66.92812939525275,67.12987854589949,56.05
Makongeni ShoppingCtr Ruai(1°16_38_S 37°01_43_E)\Makongeni ShoppingCtr Ruai(1°16_38_S 37°01_43_E)--1-37.wav,MAKONGENI SHOPPINGCTR RUAI(1°16_38_S 37°01_43_E),9,PSV,-31.998297,18.327549,66.92812939525275,67.12987854589949,56.05
Makongeni ShoppingCtr Ruai(1°16_38_S 37°01_43_E)\Makongeni ShoppingCtr Ruai(1°16_38_S 37°01_43_E)--1-38.wav,MAKONGENI SHOPPINGCTR RUAI(1°16_38_S 37°01_43_E),9,PSV,-32.733086,14.511143,66.92812939525275,67.12987854589949,56.05
Makongeni ShoppingCtr Ruai(1°16_38_S 37°01_43_E)\Makongeni ShoppingCtr Ruai(1°16_38_S 37°01_43_E)--1-39.wav,MAKONGENI SHOPPINGCTR RUAI(1°16_38_S 37°01_43_E),9,PSV,-34.94271,16.746376,66.92812939525275,67.12987854589949,56.05
Makongeni ShoppingCtr Ruai(1°16_38_S 37°01_43_E)\Makongeni ShoppingCtr Ruai(1°16_38_S 37°01_43_E)--1-40.wav,MAKONGENI SHOPPINGCTR RUAI(1°16_38_S 37°01_43_E),1,motorcycle,-35.396656,17.859625,66.92812939525275,67.12987854589949,56.05
Makongeni ShoppingCtr Ruai(1°16_38_S 37°01_43_E)\Makongeni ShoppingCtr Ruai(1°16_38_S 37°01_43_E)--1-41.wav,MAKONGENI SHOPPINGCTR RUAI(1°16_38_S 37°01_43_E),2,private car,-33.886597,18.288103,66.92812939525275,67.12987854589949,56.05
Makongeni ShoppingCtr Ruai(1°16_38_S 37°01_43_E)\Makongeni ShoppingCtr Ruai(1°16_38_S 37°01_43_E)--1-42.wav,MAKONGENI SHOPPINGCTR RUAI(1°16_38_S 37°01_43_E),2,private car,-35.59031,16.737234,66.92812939525275,67.12987854589949,56.05
Makongeni ShoppingCtr Ruai(1°16_38_S 37°01_43_E)\Makongeni ShoppingCtr Ruai(1°16_38_S 37°01_43_E)--1-43.wav,MAKONGENI SHOPPINGCTR RUAI(1°16_38_S 37°01_43_E),1,motorcycle,-33.324657,18.063002,66.92812939525275,67.12987854589949,56.05
Makongeni ShoppingCtr Ruai(1°16_38_S 37°01_43_E)\Makongeni ShoppingCtr Ruai(1°16_38_S 37°01_43_E)--1-44.wav,MAKONGENI SHOPPINGCTR RUAI(1°16_38_S 37°01_43_E),2,private car,-34.626568,17.744532,66.92812939525275,67.12987854589949,56.05
Makongeni ShoppingCtr Ruai(1°16_38_S 37°01_43_E)\Makongeni ShoppingCtr Ruai(1°16_38_S 37°01_43_E)--1-45.wav,MAKONGENI SHOPPINGCTR RUAI(1°16_38_S 37°01_43_E),9,PSV,-40.628983,18.925411,66.92812939525275,67.12987854589949,56.05
Makongeni ShoppingCtr Ruai(1°16_38_S 37°01_43_E)\Makongeni ShoppingCtr Ruai(1°16_38_S 37°01_43_E)--1-46.wav,MAKONGENI SHOPPINGCTR RUAI(1°16_38_S 37°01_43_E),9,PSV,-41.490723,20.278563,66.92812939525275,67.12987854589949,56.05
Makongeni ShoppingCtr Ruai(1°16_38_S 37°01_43_E)\Makongeni ShoppingCtr Ruai(1°16_38_S 37°01_43_E)--1-47.wav,MAKONGENI SHOPPINGCTR RUAI(1°16_38_S 37°01_43_E),9,PSV,-42.75036,18.38012,66.92812939525275,67.12987854589949,56.05
Makongeni ShoppingCtr Ruai(1°16_38_S 37°01_43_E)\Makongeni ShoppingCtr Ruai(1°16_38_S 37°01_43_E)--1-48.wav,MAKONGENI SHOPPINGCTR RUAI(1°16_38_S 37°01_43_E),9,PSV,-39.81403,15.658686,66.92812939525275,67.12987854589949,56.05
Makongeni ShoppingCtr Ruai(1°16_38_S 37°01_43_E)\Makongeni ShoppingCtr Ruai(1°16_38_S 37°01_43_E)--1-49.wav,MAKONGENI SHOPPINGCTR RUAI(1°16_38_S 37°01_43_E),9,PSV,-33.061756,15.370517,66.92812939525275,67.12987854589949,56.05
Makongeni ShoppingCtr Ruai(1°16_38_S 37°01_43_E)\Makongeni ShoppingCtr Ruai(1°16_38_S 37°01_43_E)--1-50.wav,MAKONGENI SHOPPINGCTR RUAI(1°16_38_S 37°01_43_E),9,PSV,-35.374153,15.247576,66.92812939525275,67.12987854589949,56.05
Makongeni ShoppingCtr Ruai(1°16_38_S 37°01_43_E)\Makongeni ShoppingCtr Ruai(1°16_38_S 37°01_43_E)--1-1246.wav,MAKONGENI SHOPPINGCTR RUAI(1°16_38_S 37°01_43_E),9,PSV,-35.58391,18.300547,66.92812939525275,67.12987854589949,56.05
Ngong Road (1° 18_ 22_S 36° 44_ 24_E)\Ngong Road (1° 18_ 22_S 36° 44_ 24_E)--1-0.wav,NGONG ROAD (1° 18_ 22_S 36° 44_ 24_E),1,motorcycle,-36.223988,17.737766,69.81651314513178,70.03787047042726,61.36
Ngong Road (1° 18_ 22_S 36° 44_ 24_E)\Ngong Road (1° 18_ 22_S 36° 44_ 24_E)--1-1.wav,NGONG ROAD (1° 18_ 22_S 36° 44_ 24_E),1,motorcycle,-31.227484,18.728237,69.81651314513178,70.03787047042726,61.36
Ngong Road (1° 18_ 22_S 36° 44_ 24_E)\Ngong Road (1° 18_ 22_S 36° 44_ 24_E)--1-2.wav,NGONG ROAD (1° 18_ 22_S 36° 44_ 24_E),9,PSV,-33.10913,18.93687,69.81651314513178,70.03787047042726,61.36
Ngong Road (1° 18_ 22_S 36° 44_ 24_E)\Ngong Road (1° 18_ 22_S 36° 44_ 24_E)--1-3.wav,NGONG ROAD (1° 18_ 22_S 36° 44_ 24_E),9,PSV,-35.558426,18.164482,69.81651314513178,70.03787047042726,61.36
Ngong Road (1° 18_ 22_S 36° 44_ 24_E)\Ngong Road (1° 18_ 22_S 36° 44_ 24_E)--1-4.wav,NGONG ROAD (1° 18_ 22_S 36° 44_ 24_E),2,private car,-34.84724,17.453325,69.81651314513178,70.03787047042726,61.36
Ngong Road (1° 18_ 22_S 36° 44_ 24_E)\Ngong Road (1° 18_ 22_S 36° 44_ 24_E)--1-5.wav,NGONG ROAD (1° 18_ 22_S 36° 44_ 24_E),3,SUV,-36.710583,17.742348,69.81651314513178,70.03787047042726,61.36
Ngong Road (1° 18_ 22_S 36° 44_ 24_E)\Ngong Road (1° 18_ 22_S 36° 44_ 24_E)--1-6.wav,NGONG ROAD (1° 18_ 22_S 36° 44_ 24_E),9,PSV,-27.88503,18.013863,69.81651314513178,70.03787047042726,61.36
Ngong Road (1° 18_ 22_S 36° 44_ 24_E)\Ngong Road (1° 18_ 22_S 36° 44_ 24_E)--1-7.wav,NGONG ROAD (1° 18_ 22_S 36° 44_ 24_E),3,SUV,-31.993519,17.283695,69.81651314513178,70.03787047042726,61.36
Ngong Road (1° 18_ 22_S 36° 44_ 24_E)\Ngong Road (1° 18_ 22_S 36° 44_ 24_E)--1-8.wav,NGONG ROAD (1° 18_ 22_S 36° 44_ 24_E),1,motorcycle,-36.931236,18.38547,69.81651314513178,70.03787047042726,61.36
Ngong Road (1° 18_ 22_S 36° 44_ 24_E)\Ngong Road (1° 18_ 22_S 36° 44_ 24_E)--1-9.wav,NGONG ROAD (1° 18_ 22_S 36° 44_ 24_E),1,motorcycle,-39.17139,20.34722,69.81651314513178,70.03787047042726,61.36
Ngong Road (1° 18_ 22_S 36° 44_ 24_E)\Ngong Road (1° 18_ 22_S 36° 44_ 24_E)--1-10.wav,NGONG ROAD (1° 18_ 22_S 36° 44_ 24_E),9,PSV,-37.493244,18.48155,69.81651314513178,70.03787047042726,61.36
Ngong Road (1° 18_ 22_S 36° 44_ 24_E)\Ngong Road (1° 18_ 22_S 36° 44_ 24_E)--1-11.wav,NGONG ROAD (1° 18_ 22_S 36° 44_ 24_E),3,SUV,-36.591328,17.616072,69.81651314513178,70.03787047042726,61.36
Ngong Road (1° 18_ 22_S 36° 44_ 24_E)\Ngong Road (1° 18_ 22_S 36° 44_ 24_E)--1-12.wav,NGONG ROAD (1° 18_ 22_S 36° 44_ 24_E),9,PSV,-37.671257,17.645184,69.81651314513178,70.03787047042726,61.36
Ngong Road (1° 18_ 22_S 36° 44_ 24_E)\Ngong Road (1° 18_ 22_S 36° 44_ 24_E)--1-13.wav,NGONG ROAD (1° 18_ 22_S 36° 44_ 24_E),9,PSV,-34.132053,19.156952,69.81651314513178,70.03787047042726,61.36
Ngong Road (1° 18_ 22_S 36° 44_ 24_E)\Ngong Road (1° 18_ 22_S 36° 44_ 24_E)--1-14.wav,NGONG ROAD (1° 18_ 22_S 36° 44_ 24_E),2,private car,-32.966137,18.200636,69.81651314513178,70.03787047042726,61.36
Ngong Road (1° 18_ 22_S 36° 44_ 24_E)\Ngong Road (1° 18_ 22_S 36° 44_ 24_E)--1-15.wav,NGONG ROAD (1° 18_ 22_S 36° 44_ 24_E),2,private car,-35.69298,17.282263,69.81651314513178,70.03787047042726,61.36
Ngong Road (1° 18_ 22_S 36° 44_ 24_E)\Ngong Road (1° 18_ 22_S 36° 44_ 24_E)--1-16.wav,NGONG ROAD (1° 18_ 22_S 36° 44_ 24_E),2,private car,-38.51249,18.191004,69.81651314513178,70.03787047042726,61.36
Ngong Road (1° 18_ 22_S 36° 44_ 24_E)\Ngong Road (1° 18_ 22_S 36° 44_ 24_E)--1-17.wav,NGONG ROAD (1° 18_ 22_S 36° 44_ 24_E),9,PSV,-32.772713,18.394865,69.81651314513178,70.03787047042726,61.36
Ngong Road (1° 18_ 22_S 36° 44_ 24_E)\Ngong Road (1° 18_ 22_S 36° 44_ 24_E)--1-18.wav,NGONG ROAD (1° 18_ 22_S 36° 44_ 24_E),4,pickup,-29.917278,19.726284,69.81651314513178,70.03787047042726,61.36
Ngong Road (1° 18_ 22_S 36° 44_ 24_E)\Ngong Road (1° 18_ 22_S 36° 44_ 24_E)--1-19.wav,NGONG ROAD (1° 18_ 22_S 36° 44_ 24_E),9,PSV,-37.055393,18.371437,69.81651314513178,70.03787047042726,61.36
Ngong Road (1° 18_ 22_S 36° 44_ 24_E)\Ngong Road (1° 18_ 22_S 36° 44_ 24_E)--1-20.wav,NGONG ROAD (1° 18_ 22_S 36° 44_ 24_E),2,private car,-33.88769,19.207312,69.81651314513178,70.03787047042726,61.36
Ngong Road (1° 18_ 22_S 36° 44_ 24_E)\Ngong Road (1° 18_ 22_S 36° 44_ 24_E)--1-21.wav,NGONG ROAD (1° 18_ 22_S 36° 44_ 24_E),9,PSV,-34.308372,17.276163,69.81651314513178,70.03787047042726,61.36
Ngong Road (1° 18_ 22_S 36° 44_ 24_E)\Ngong Road (1° 18_ 22_S 36° 44_ 24_E)--1-22.wav,NGONG ROAD (1° 18_ 22_S 36° 44_ 24_E),9,PSV,-34.859333,19.081593,69.81651314513178,70.03787047042726,61.36
Ngong Road (1° 18_ 22_S 36° 44_ 24_E)\Ngong Road (1° 18_ 22_S 36° 44_ 24_E)--1-23.wav,NGONG ROAD (1° 18_ 22_S 36° 44_ 24_E),1,motorcycle,-32.879406,18.337557,69.81651314513178,70.03787047042726,61.36
Ngong Road (1° 18_ 22_S 36° 44_ 24_E)\Ngong Road (1° 18_ 22_S 36° 44_ 24_E)--1-24.wav,NGONG ROAD (1° 18_ 22_S 36° 44_ 24_E),10,other,-38.309315,18.90087,69.81651314513178,70.03787047042726,61.36
Ngong Road (1° 18_ 22_S 36° 44_ 24_E)\Ngong Road (1° 18_ 22_S 36° 44_ 24_E)--1-25.wav,NGONG ROAD (1° 18_ 22_S 36° 44_ 24_E),9,PSV,-35.328514,18.750769,69.81651314513178,70.03787047042726,61.36
Ngong Road (1° 18_ 22_S 36° 44_ 24_E)\Ngong Road (1° 18_ 22_S 36° 44_ 24_E)--1-26.wav,NGONG ROAD (1° 18_ 22_S 36° 44_ 24_E),9,PSV,-31.531109,17.751484,69.81651314513178,70.03787047042726,61.36
Ngong Road (1° 18_ 22_S 36° 44_ 24_E)\Ngong Road (1° 18_ 22_S 36° 44_ 24_E)--1-27.wav,NGONG ROAD (1° 18_ 22_S 36° 44_ 24_E),2,private car,-27.45694,19.726244,69.81651314513178,70.03787047042726,61.36
Ngong Road (1° 18_ 22_S 36° 44_ 24_E)\Ngong Road (1° 18_ 22_S 36° 44_ 24_E)--1-28.wav,NGONG ROAD (1° 18_ 22_S 36° 44_ 24_E),2,private car,-27.229965,18.852942,69.81651314513178,70.03787047042726,61.36
Ngong Road (1° 18_ 22_S 36° 44_ 24_E)\Ngong Road (1° 18_ 22_S 36° 44_ 24_E)--1-29.wav,NGONG ROAD (1° 18_ 22_S 36° 44_ 24_E),2,private car,-33.98539,16.933855,69.81651314513178,70.03787047042726,61.36
Ngong Road (1° 18_ 22_S 36° 44_ 24_E)\Ngong Road (1° 18_ 22_S 36° 44_ 24_E)--1-30.wav,NGONG ROAD (1° 18_ 22_S 36° 44_ 24_E),9,PSV,-33.611877,18.095469,69.81651314513178,70.03787047042726,61.36
Ngong Road (1° 18_ 22_S 36° 44_ 24_E)\Ngong Road (1° 18_ 22_S 36° 44_ 24_E)--1-31.wav,NGONG ROAD (1° 18_ 22_S 36° 44_ 24_E),2,private car,-33.570557,17.97862,69.81651314513178,70.03787047042726,61.36
Ngong Road (1° 18_ 22_S 36° 44_ 24_E)\Ngong Road (1° 18_ 22_S 36° 44_ 24_E)--1-32.wav,NGONG ROAD (1° 18_ 22_S 36° 44_ 24_E),3,SUV,-39.576653,16.957651,69.81651314513178,70.03787047042726,61.36
Ngong Road (1° 18_ 22_S 36° 44_ 24_E)\Ngong Road (1° 18_ 22_S 36° 44_ 24_E)--1-33.wav,NGONG ROAD (1° 18_ 22_S 36° 44_ 24_E),1,motorcycle,-34.117485,17.419708,69.81651314513178,70.03787047042726,61.36
Ngong Road (1° 18_ 22_S 36° 44_ 24_E)\Ngong Road (1° 18_ 22_S 36° 44_ 24_E)--1-34.wav,NGONG ROAD (1° 18_ 22_S 36° 44_ 24_E),1,motorcycle,-36.437805,19.231585,69.81651314513178,70.03787047042726,61.36
Ngong Road (1° 18_ 22_S 36° 44_ 24_E)\Ngong Road (1° 18_ 22_S 36° 44_ 24_E)--1-35.wav,NGONG ROAD (1° 18_ 22_S 36° 44_ 24_E),1,motorcycle,-39.978477,22.281015,69.81651314513178,70.03787047042726,61.36
Ngong Road (1° 18_ 22_S 36° 44_ 24_E)\Ngong Road (1° 18_ 22_S 36° 44_ 24_E)--1-36.wav,NGONG ROAD (1° 18_ 22_S 36° 44_ 24_E),1,motorcycle,-40.227535,17.56827,69.81651314513178,70.03787047042726,61.36
Ngong Road (1° 18_ 22_S 36° 44_ 24_E)\Ngong Road (1° 18_ 22_S 36° 44_ 24_E)--1-37.wav,NGONG ROAD (1° 18_ 22_S 36° 44_ 24_E),3,SUV,-37.624065,16.965843,69.81651314513178,70.03787047042726,61.36
Ngong Road (1° 18_ 22_S 36° 44_ 24_E)\Ngong Road (1° 18_ 22_S 36° 44_ 24_E)--1-38.wav,NGONG ROAD (1° 18_ 22_S 36° 44_ 24_E),9,PSV,-40.770195,16.771582,69.81651314513178,70.03787047042726,61.36
Ngong Road (1° 18_ 22_S 36° 44_ 24_E)\Ngong Road (1° 18_ 22_S 36° 44_ 24_E)--1-39.wav,NGONG ROAD (1° 18_ 22_S 36° 44_ 24_E),1,motorcycle,-35.152775,18.800676,69.81651314513178,70.03787047042726,61.36
Ngong Road (1° 18_ 22_S 36° 44_ 24_E)\Ngong Road (1° 18_ 22_S 36° 44_ 24_E)--1-40.wav,NGONG ROAD (1° 18_ 22_S 36° 44_ 24_E),10,other,-32.046192,19.41344,69.81651314513178,70.03787047042726,61.36
Ngong Road (1° 18_ 22_S 36° 44_ 24_E)\Ngong Road (1° 18_ 22_S 36° 44_ 24_E)--1-41.wav,NGONG ROAD (1° 18_ 22_S 36° 44_ 24_E),10,other,-33.774853,20.19398,69.81651314513178,70.03787047042726,61.36
Ngong Road (1° 18_ 22_S 36° 44_ 24_E)\Ngong Road (1° 18_ 22_S 36° 44_ 24_E)--1-42.wav,NGONG ROAD (1° 18_ 22_S 36° 44_ 24_E),3,SUV,-35.25944,19.155945,69.81651314513178,70.03787047042726,61.36
Ngong Road (1° 18_ 22_S 36° 44_ 24_E)\Ngong Road (1° 18_ 22_S 36° 44_ 24_E)--1-43.wav,NGONG ROAD (1° 18_ 22_S 36° 44_ 24_E),9,PSV,-33.187965,19.37574,69.81651314513178,70.03787047042726,61.36
Ngong Road (1° 18_ 22_S 36° 44_ 24_E)\Ngong Road (1° 18_ 22_S 36° 44_ 24_E)--1-44.wav,NGONG ROAD (1° 18_ 22_S 36° 44_ 24_E),3,SUV,-32.265785,18.382048,69.81651314513178,70.03787047042726,61.36
Ngong Road (1° 18_ 22_S 36° 44_ 24_E)\Ngong Road (1° 18_ 22_S 36° 44_ 24_E)--1-45.wav,NGONG ROAD (1° 18_ 22_S 36° 44_ 24_E),10,other,-31.846308,16.716728,69.81651314513178,70.03787047042726,61.36
Ngong Road (1° 18_ 22_S 36° 44_ 24_E)\Ngong Road (1° 18_ 22_S 36° 44_ 24_E)--1-46.wav,NGONG ROAD (1° 18_ 22_S 36° 44_ 24_E),1,motorcycle,-32.525764,16.756262,69.81651314513178,70.03787047042726,61.36
Ngong Road (1° 18_ 22_S 36° 44_ 24_E)\Ngong Road (1° 18_ 22_S 36° 44_ 24_E)--1-47.wav,NGONG ROAD (1° 18_ 22_S 36° 44_ 24_E),2,private car,-36.07572,17.751108,69.81651314513178,70.03787047042726,61.36
Ngong Road (1° 18_ 22_S 36° 44_ 24_E)\Ngong Road (1° 18_ 22_S 36° 44_ 24_E)--1-48.wav,NGONG ROAD (1° 18_ 22_S 36° 44_ 24_E),9,PSV,-37.070232,20.577438,69.81651314513178,70.03787047042726,61.36
Ngong Road (1° 18_ 22_S 36° 44_ 24_E)\Ngong Road (1° 18_ 22_S 36° 44_ 24_E)--1-49.wav,NGONG ROAD (1° 18_ 22_S 36° 44_ 24_E),9,PSV,-36.210796,18.964455,69.81651314513178,70.03787047042726,61.36
Ngong Road (1° 18_ 22_S 36° 44_ 24_E)\Ngong Road (1° 18_ 22_S 36° 44_ 24_E)--1-1297.wav,NGONG ROAD (1° 18_ 22_S 36° 44_ 24_E),2,private car,-32.957832,19.019306,69.81651314513178,70.03787047042726,61.36
Northern Bypass (1°11_50_ S 36°53_57_E)\Northern Bypass (1°11_50_ S 36°53_57_E)--1-0.wav,NORTHERN BYPASS (1°11_50_ S 36°53_57_E),2,private car,-34.51473,16.365084,67.3214737742627,67.60069193613784,76.89
Northern Bypass (1°11_50_ S 36°53_57_E)\Northern Bypass (1°11_50_ S 36°53_57_E)--1-1.wav,NORTHERN BYPASS (1°11_50_ S 36°53_57_E),3,SUV,-34.304165,16.588676,67.3214737742627,67.60069193613784,76.89
Northern Bypass (1°11_50_ S 36°53_57_E)\Northern Bypass (1°11_50_ S 36°53_57_E)--1-2.wav,NORTHERN BYPASS (1°11_50_ S 36°53_57_E),1,motorcycle,-37.14391,17.382423,67.3214737742627,67.60069193613784,76.89
Northern Bypass (1°11_50_ S 36°53_57_E)\Northern Bypass (1°11_50_ S 36°53_57_E)--1-3.wav,NORTHERN BYPASS (1°11_50_ S 36°53_57_E),1,motorcycle,-33.20997,22.059944,67.3214737742627,67.60069193613784,76.89
Northern Bypass (1°11_50_ S 36°53_57_E)\Northern Bypass (1°11_50_ S 36°53_57_E)--1-4.wav,NORTHERN BYPASS (1°11_50_ S 36°53_57_E),1,motorcycle,-35.864616,20.687021,67.3214737742627,67.60069193613784,76.89
Northern Bypass (1°11_50_ S 36°53_57_E)\Northern Bypass (1°11_50_ S 36°53_57_E)--1-5.wav,NORTHERN BYPASS (1°11_50_ S 36°53_57_E),0,bicycle,-34.25648,18.841917,67.3214737742627,67.60069193613784,76.89
Northern Bypass (1°11_50_ S 36°53_57_E)\Northern Bypass (1°11_50_ S 36°53_57_E)--1-6.wav,NORTHERN BYPASS (1°11_50_ S 36°53_57_E),3,SUV,-35.21871,19.173397,67.3214737742627,67.60069193613784,76.89
Northern Bypass (1°11_50_ S 36°53_57_E)\Northern Bypass (1°11_50_ S 36°53_57_E)--1-7.wav,NORTHERN BYPASS (1°11_50_ S 36°53_57_E),2,private car,-36.39725,17.86338,67.3214737742627,67.60069193613784,76.89
Northern Bypass (1°11_50_ S 36°53_57_E)\Northern Bypass (1°11_50_ S 36°53_57_E)--1-8.wav,NORTHERN BYPASS (1°11_50_ S 36°53_57_E),10,other,-36.382427,15.773759,67.3214737742627,67.60069193613784,76.89
Northern Bypass (1°11_50_ S 36°53_57_E)\Northern Bypass (1°11_50_ S 36°53_57_E)--1-9.wav,NORTHERN BYPASS (1°11_50_ S 36°53_57_E),10,other,-28.420422,19.703722,67.3214737742627,67.60069193613784,76.89
Northern Bypass (1°11_50_ S 36°53_57_E)\Northern Bypass (1°11_50_ S 36°53_57_E)--1-10.wav,NORTHERN BYPASS (1°11_50_ S 36°53_57_E),9,PSV,-34.441193,16.701374,67.3214737742627,67.60069193613784,76.89
Northern Bypass (1°11_50_ S 36°53_57_E)\Northern Bypass (1°11_50_ S 36°53_57_E)--1-11.wav,NORTHERN BYPASS (1°11_50_ S 36°53_57_E),9,PSV,-32.620857,18.447016,67.3214737742627,67.60069193613784,76.89
Northern Bypass (1°11_50_ S 36°53_57_E)\Northern Bypass (1°11_50_ S 36°53_57_E)--1-12.wav,NORTHERN BYPASS (1°11_50_ S 36°53_57_E),0,bicycle,-34.45051,19.348291,67.3214737742627,67.60069193613784,76.89
Northern Bypass (1°11_50_ S 36°53_57_E)\Northern Bypass (1°11_50_ S 36°53_57_E)--1-13.wav,NORTHERN BYPASS (1°11_50_ S 36°53_57_E),10,other,-36.32054,19.862194,67.3214737742627,67.60069193613784,76.89
Northern Bypass (1°11_50_ S 36°53_57_E)\Northern Bypass (1°11_50_ S 36°53_57_E)--1-14.wav,NORTHERN BYPASS (1°11_50_ S 36°53_57_E),10,other,-34.809666,20.62304,67.3214737742627,67.60069193613784,76.89
Northern Bypass (1°11_50_ S 36°53_57_E)\Northern Bypass (1°11_50_ S 36°53_57_E)--1-15.wav,NORTHERN BYPASS (1°11_50_ S 36°53_57_E),10,other,-35.726162,18.99848,67.3214737742627,67.60069193613784,76.89
Northern Bypass (1°11_50_ S 36°53_57_E)\Northern Bypass (1°11_50_ S 36°53_57_E)--1-16.wav,NORTHERN BYPASS (1°11_50_ S 36°53_57_E),4,pickup,-36.48952,18.882967,67.3214737742627,67.60069193613784,76.89
Northern Bypass (1°11_50_ S 36°53_57_E)\Northern Bypass (1°11_50_ S 36°53_57_E)--1-17.wav,NORTHERN BYPASS (1°11_50_ S 36°53_57_E),3,SUV,-39.665657,15.9555,67.3214737742627,67.60069193613784,76.89
Northern Bypass (1°11_50_ S 36°53_57_E)\Northern Bypass (1°11_50_ S 36°53_57_E)--1-18.wav,NORTHERN BYPASS (1°11_50_ S 36°53_57_E),1,motorcycle,-36.6874,17.867392,67.3214737742627,67.60069193613784,76.89
Northern Bypass (1°11_50_ S 36°53_57_E)\Northern Bypass (1°11_50_ S 36°53_57_E)--1-19.wav,NORTHERN BYPASS (1°11_50_ S 36°53_57_E),1,motorcycle,-39.810707,19.849358,67.3214737742627,67.60069193613784,76.89
Northern Bypass (1°11_50_ S 36°53_57_E)\Northern Bypass (1°11_50_ S 36°53_57_E)--1-20.wav,NORTHERN BYPASS (1°11_50_ S 36°53_57_E),3,SUV,-37.781963,16.82621,67.3214737742627,67.60069193613784,76.89
Northern Bypass (1°11_50_ S 36°53_57_E)\Northern Bypass (1°11_50_ S 36°53_57_E)--1-21.wav,NORTHERN BYPASS (1°11_50_ S 36°53_57_E),9,PSV,-36.768333,16.237993,67.3214737742627,67.60069193613784,76.89
Northern Bypass (1°11_50_ S 36°53_57_E)\Northern Bypass (1°11_50_ S 36°53_57_E)--1-22.wav,NORTHERN BYPASS (1°11_50_ S 36°53_57_E),9,PSV,-34.393,19.183094,67.3214737742627,67.60069193613784,76.89
Northern Bypass (1°11_50_ S 36°53_57_E)\Northern Bypass (1°11_50_ S 36°53_57_E)--1-23.wav,NORTHERN BYPASS (1°11_50_ S 36°53_57_E),1,motorcycle,-33.853867,16.031994,67.3214737742627,67.60069193613784,76.89
Northern Bypass (1°11_50_ S 36°53_57_E)\Northern Bypass (1°11_50_ S 36°53_57_E)--1-24.wav,NORTHERN BYPASS (1°11_50_ S 36°53_57_E),9,PSV,-36.70234,15.445436,67.3214737742627,67.60069193613784,76.89
Northern Bypass (1°11_50_ S 36°53_57_E)\Northern Bypass (1°11_50_ S 36°53_57_E)--1-25.wav,NORTHERN BYPASS (1°11_50_ S 36°53_57_E),10,other,-34.798286,17.168608,67.3214737742627,67.60069193613784,76.89
Northern Bypass (1°11_50_ S 36°53_57_E)\Northern Bypass (1°11_50_ S 36°53_57_E)--1-26.wav,NORTHERN BYPASS (1°11_50_ S 36°53_57_E),7,heavy truck,-38.47392,18.940989,67.3214737742627,67.60069193613784,76.89
Northern Bypass (1°11_50_ S 36°53_57_E)\Northern Bypass (1°11_50_ S 36°53_57_E)--1-27.wav,NORTHERN BYPASS (1°11_50_ S 36°53_57_E),7,heavy truck,-34.28202,14.875825,67.3214737742627,67.60069193613784,76.89
Northern Bypass (1°11_50_ S 36°53_57_E)\Northern Bypass (1°11_50_ S 36°53_57_E)--1-28.wav,NORTHERN BYPASS (1°11_50_ S 36°53_57_E),1,motorcycle,-36.319954,19.40542,67.3214737742627,67.60069193613784,76.89
Northern Bypass (1°11_50_ S 36°53_57_E)\Northern Bypass (1°11_50_ S 36°53_57_E)--1-29.wav,NORTHERN BYPASS (1°11_50_ S 36°53_57_E),4,pickup,-34.952736,18.37365,67.3214737742627,67.60069193613784,76.89
Northern Bypass (1°11_50_ S 36°53_57_E)\Northern Bypass (1°11_50_ S 36°53_57_E)--1-30.wav,NORTHERN BYPASS (1°11_50_ S 36°53_57_E),2,private car,-34.633583,18.95768,67.3214737742627,67.60069193613784,76.89
Northern Bypass (1°11_50_ S 36°53_57_E)\Northern Bypass (1°11_50_ S 36°53_57_E)--1-31.wav,NORTHERN BYPASS (1°11_50_ S 36°53_57_E),4,pickup,-32.653175,18.440565,67.3214737742627,67.60069193613784,76.89
Northern Bypass (1°11_50_ S 36°53_57_E)\Northern Bypass (1°11_50_ S 36°53_57_E)--1-32.wav,NORTHERN BYPASS (1°11_50_ S 36°53_57_E),1,motorcycle,-36.007023,18.676523,67.3214737742627,67.60069193613784,76.89
Northern Bypass (1°11_50_ S 36°53_57_E)\Northern Bypass (1°11_50_ S 36°53_57_E)--1-33.wav,NORTHERN BYPASS (1°11_50_ S 36°53_57_E),9,PSV,-28.348759,18.577196,67.3214737742627,67.60069193613784,76.89
Northern Bypass (1°11_50_ S 36°53_57_E)\Northern Bypass (1°11_50_ S 36°53_57_E)--1-34.wav,NORTHERN BYPASS (1°11_50_ S 36°53_57_E),10,other,-31.65332,16.890629,67.3214737742627,67.60069193613784,76.89
Northern Bypass (1°11_50_ S 36°53_57_E)\Northern Bypass (1°11_50_ S 36°53_57_E)--1-35.wav,NORTHERN BYPASS (1°11_50_ S 36°53_57_E),3,SUV,-33.54082,19.030909,67.3214737742627,67.60069193613784,76.89
Northern Bypass (1°11_50_ S 36°53_57_E)\Northern Bypass (1°11_50_ S 36°53_57_E)--1-36.wav,NORTHERN BYPASS (1°11_50_ S 36°53_57_E),1,motorcycle,-32.82015,17.474617,67.3214737742627,67.60069193613784,76.89
Northern Bypass (1°11_50_ S 36°53_57_E)\Northern Bypass (1°11_50_ S 36°53_57_E)--1-37.wav,NORTHERN BYPASS (1°11_50_ S 36°53_57_E),2,private car,-34.28104,18.40192,67.3214737742627,67.60069193613784,76.89
Northern Bypass (1°11_50_ S 36°53_57_E)\Northern Bypass (1°11_50_ S 36°53_57_E)--1-38.wav,NORTHERN BYPASS (1°11_50_ S 36°53_57_E),1,motorcycle,-34.7982,20.637796,67.3214737742627,67.60069193613784,76.89
Northern Bypass (1°11_50_ S 36°53_57_E)\Northern Bypass (1°11_50_ S 36°53_57_E)--1-39.wav,NORTHERN BYPASS (1°11_50_ S 36°53_57_E),1,motorcycle,-28.044378,19.626825,67.3214737742627,67.60069193613784,76.89
Northern Bypass (1°11_50_ S 36°53_57_E)\Northern Bypass (1°11_50_ S 36°53_57_E)--1-40.wav,NORTHERN BYPASS (1°11_50_ S 36°53_57_E),2,private car,-30.303217,16.53197,67.3214737742627,67.60069193613784,76.89
Northern Bypass (1°11_50_ S 36°53_57_E)\Northern Bypass (1°11_50_ S 36°53_57_E)--1-41.wav,NORTHERN BYPASS (1°11_50_ S 36°53_57_E),2,private car,-29.761555,16.462902,67.3214737742627,67.60069193613784,76.89
Northern Bypass (1°11_50_ S 36°53_57_E)\Northern Bypass (1°11_50_ S 36°53_57_E)--1-42.wav,NORTHERN BYPASS (1°11_50_ S 36°53_57_E),1,motorcycle,-30.027813,18.507797,67.3214737742627,67.60069193613784,76.89
Northern Bypass (1°11_50_ S 36°53_57_E)\Northern Bypass (1°11_50_ S 36°53_57_E)--1-43.wav,NORTHERN BYPASS (1°11_50_ S 36°53_57_E),3,SUV,-35.792297,20.312185,67.3214737742627,67.60069193613784,76.89
Northern Bypass (1°11_50_ S 36°53_57_E)\Northern Bypass (1°11_50_ S 36°53_57_E)--1-44.wav,NORTHERN BYPASS (1°11_50_ S 36°53_57_E),4,pickup,-36.060566,18.348972,67.3214737742627,67.60069193613784,76.89
Northern Bypass (1°11_50_ S 36°53_57_E)\Northern Bypass (1°11_50_ S 36°53_57_E)--1-45.wav,NORTHERN BYPASS (1°11_50_ S 36°53_57_E),2,private car,-33.905434,18.727945,67.3214737742627,67.60069193613784,76.89
Northern Bypass (1°11_50_ S 36°53_57_E)\Northern Bypass (1°11_50_ S 36°53_57_E)--1-46.wav,NORTHERN BYPASS (1°11_50_ S 36°53_57_E),4,pickup,-37.15735,18.182016,67.3214737742627,67.60069193613784,76.89
Northern Bypass (1°11_50_ S 36°53_57_E)\Northern Bypass (1°11_50_ S 36°53_57_E)--1-47.wav,NORTHERN BYPASS (1°11_50_ S 36°53_57_E),1,motorcycle,-32.04188,17.522877,67.3214737742627,67.60069193613784,76.89
Northern Bypass (1°11_50_ S 36°53_57_E)\Northern Bypass (1°11_50_ S 36°53_57_E)--1-48.wav,NORTHERN BYPASS (1°11_50_ S 36°53_57_E),3,SUV,-30.369083,17.32633,67.3214737742627,67.60069193613784,76.89
Northern Bypass (1°11_50_ S 36°53_57_E)\Northern Bypass (1°11_50_ S 36°53_57_E)--1-49.wav,NORTHERN BYPASS (1°11_50_ S 36°53_57_E),9,PSV,-31.02735,17.862206,67.3214737742627,67.60069193613784,76.89
Northern Bypass (1°11_50_ S 36°53_57_E)\Northern Bypass (1°11_50_ S 36°53_57_E)--1-50.wav,NORTHERN BYPASS (1°11_50_ S 36°53_57_E),3,SUV,-34.234135,17.660131,67.3214737742627,67.60069193613784,76.89
Northern Bypass (1°11_50_ S 36°53_57_E)\Northern Bypass (1°11_50_ S 36°53_57_E)--1-1349.wav,NORTHERN BYPASS (1°11_50_ S 36°53_57_E),1,motorcycle,-34.26134,17.431396,67.3214737742627,67.60069193613784,76.89
Northern Bypass(1°09_38_S 36°55_19_E)\Northern Bypass(1°09_38_S 36°55_19_E)--1-0.wav,NORTHERN BYPASS(1°09_38_S 36°55_19_E),1,motorcycle,-38.412243,18.869682,67.18374392317034,67.46296208504548,76.89
Northern Bypass(1°09_38_S 36°55_19_E)\Northern Bypass(1°09_38_S 36°55_19_E)--1-1.wav,NORTHERN BYPASS(1°09_38_S 36°55_19_E),1,motorcycle,-34.364586,17.8856,67.18374392317034,67.46296208504548,76.89
Northern Bypass(1°09_38_S 36°55_19_E)\Northern Bypass(1°09_38_S 36°55_19_E)--1-2.wav,NORTHERN BYPASS(1°09_38_S 36°55_19_E),9,PSV,-33.924934,18.827621,67.18374392317034,67.46296208504548,76.89
Northern Bypass(1°09_38_S 36°55_19_E)\Northern Bypass(1°09_38_S 36°55_19_E)--1-3.wav,NORTHERN BYPASS(1°09_38_S 36°55_19_E),3,SUV,-33.523296,18.0644,67.18374392317034,67.46296208504548,76.89
Northern Bypass(1°09_38_S 36°55_19_E)\Northern Bypass(1°09_38_S 36°55_19_E)--1-4.wav,NORTHERN BYPASS(1°09_38_S 36°55_19_E),9,PSV,-33.108273,17.324661,67.18374392317034,67.46296208504548,76.89
Northern Bypass(1°09_38_S 36°55_19_E)\Northern Bypass(1°09_38_S 36°55_19_E)--1-5.wav,NORTHERN BYPASS(1°09_38_S 36°55_19_E),1,motorcycle,-34.216927,18.768045,67.18374392317034,67.46296208504548,76.89
Northern Bypass(1°09_38_S 36°55_19_E)\Northern Bypass(1°09_38_S 36°55_19_E)--1-6.wav,NORTHERN BYPASS(1°09_38_S 36°55_19_E),9,PSV,-34.435966,19.313515,67.18374392317034,67.46296208504548,76.89
Northern Bypass(1°09_38_S 36°55_19_E)\Northern Bypass(1°09_38_S 36°55_19_E)--1-7.wav,NORTHERN BYPASS(1°09_38_S 36°55_19_E),4,pickup,-35.53695,19.481228,67.18374392317034,67.46296208504548,76.89
Northern Bypass(1°09_38_S 36°55_19_E)\Northern Bypass(1°09_38_S 36°55_19_E)--1-8.wav,NORTHERN BYPASS(1°09_38_S 36°55_19_E),2,private car,-41.10478,17.907978,67.18374392317034,67.46296208504548,76.89
Northern Bypass(1°09_38_S 36°55_19_E)\Northern Bypass(1°09_38_S 36°55_19_E)--1-9.wav,NORTHERN BYPASS(1°09_38_S 36°55_19_E),10,other,-35.46148,17.533464,67.18374392317034,67.46296208504548,76.89
Northern Bypass(1°09_38_S 36°55_19_E)\Northern Bypass(1°09_38_S 36°55_19_E)--1-10.wav,NORTHERN BYPASS(1°09_38_S 36°55_19_E),1,motorcycle,-37.7371,18.222322,67.18374392317034,67.46296208504548,76.89
Northern Bypass(1°09_38_S 36°55_19_E)\Northern Bypass(1°09_38_S 36°55_19_E)--1-11.wav,NORTHERN BYPASS(1°09_38_S 36°55_19_E),2,private car,-34.725628,17.809166,67.18374392317034,67.46296208504548,76.89
Northern Bypass(1°09_38_S 36°55_19_E)\Northern Bypass(1°09_38_S 36°55_19_E)--1-12.wav,NORTHERN BYPASS(1°09_38_S 36°55_19_E),2,private car,-34.58371,17.581467,67.18374392317034,67.46296208504548,76.89
Northern Bypass(1°09_38_S 36°55_19_E)\Northern Bypass(1°09_38_S 36°55_19_E)--1-13.wav,NORTHERN BYPASS(1°09_38_S 36°55_19_E),1,motorcycle,-32.803093,18.255486,67.18374392317034,67.46296208504548,76.89
Northern Bypass(1°09_38_S 36°55_19_E)\Northern Bypass(1°09_38_S 36°55_19_E)--1-14.wav,NORTHERN BYPASS(1°09_38_S 36°55_19_E),1,motorcycle,-33.754803,18.318949,67.18374392317034,67.46296208504548,76.89
Northern Bypass(1°09_38_S 36°55_19_E)\Northern Bypass(1°09_38_S 36°55_19_E)--1-15.wav,NORTHERN BYPASS(1°09_38_S 36°55_19_E),1,motorcycle,-33.219482,18.845407,67.18374392317034,67.46296208504548,76.89
Northern Bypass(1°09_38_S 36°55_19_E)\Northern Bypass(1°09_38_S 36°55_19_E)--1-16.wav,NORTHERN BYPASS(1°09_38_S 36°55_19_E),2,private car,-32.159607,18.037292,67.18374392317034,67.46296208504548,76.89
Northern Bypass(1°09_38_S 36°55_19_E)\Northern Bypass(1°09_38_S 36°55_19_E)--1-17.wav,NORTHERN BYPASS(1°09_38_S 36°55_19_E),1,motorcycle,-33.26366,18.164804,67.18374392317034,67.46296208504548,76.89
Northern Bypass(1°09_38_S 36°55_19_E)\Northern Bypass(1°09_38_S 36°55_19_E)--1-18.wav,NORTHERN BYPASS(1°09_38_S 36°55_19_E),4,pickup,-32.845238,16.999424,67.18374392317034,67.46296208504548,76.89
Northern Bypass(1°09_38_S 36°55_19_E)\Northern Bypass(1°09_38_S 36°55_19_E)--1-19.wav,NORTHERN BYPASS(1°09_38_S 36°55_19_E),9,PSV,-34.612175,19.236765,67.18374392317034,67.46296208504548,76.89
Northern Bypass(1°09_38_S 36°55_19_E)\Northern Bypass(1°09_38_S 36°55_19_E)--1-20.wav,NORTHERN BYPASS(1°09_38_S 36°55_19_E),2,private car,-33.197968,17.429214,67.18374392317034,67.46296208504548,76.89
Northern Bypass(1°09_38_S 36°55_19_E)\Northern Bypass(1°09_38_S 36°55_19_E)--1-21.wav,NORTHERN BYPASS(1°09_38_S 36°55_19_E),1,motorcycle,-33.456406,19.543533,67.18374392317034,67.46296208504548,76.89
Northern Bypass(1°09_38_S 36°55_19_E)\Northern Bypass(1°09_38_S 36°55_19_E)--1-22.wav,NORTHERN BYPASS(1°09_38_S 36°55_19_E),3,SUV,-33.239185,16.473001,67.18374392317034,67.46296208504548,76.89
Northern Bypass(1°09_38_S 36°55_19_E)\Northern Bypass(1°09_38_S 36°55_19_E)--1-23.wav,NORTHERN BYPASS(1°09_38_S 36°55_19_E),9,PSV,-32.429085,18.235853,67.18374392317034,67.46296208504548,76.89
Northern Bypass(1°09_38_S 36°55_19_E)\Northern Bypass(1°09_38_S 36°55_19_E)--1-24.wav,NORTHERN BYPASS(1°09_38_S 36°55_19_E),1,motorcycle,-33.849747,18.11573,67.18374392317034,67.46296208504548,76.89
Northern Bypass(1°09_38_S 36°55_19_E)\Northern Bypass(1°09_38_S 36°55_19_E)--1-25.wav,NORTHERN BYPASS(1°09_38_S 36°55_19_E),2,private car,-34.606575,17.06565,67.18374392317034,67.46296208504548,76.89
Northern Bypass(1°09_38_S 36°55_19_E)\Northern Bypass(1°09_38_S 36°55_19_E)--1-26.wav,NORTHERN BYPASS(1°09_38_S 36°55_19_E),9,PSV,-35.697533,17.76956,67.18374392317034,67.46296208504548,76.89
Northern Bypass(1°09_38_S 36°55_19_E)\Northern Bypass(1°09_38_S 36°55_19_E)--1-27.wav,NORTHERN BYPASS(1°09_38_S 36°55_19_E),10,other,-30.59657,18.41518,67.18374392317034,67.46296208504548,76.89
Northern Bypass(1°09_38_S 36°55_19_E)\Northern Bypass(1°09_38_S 36°55_19_E)--1-28.wav,NORTHERN BYPASS(1°09_38_S 36°55_19_E),1,motorcycle,-35.910637,18.693867,67.18374392317034,67.46296208504548,76.89
Northern Bypass(1°09_38_S 36°55_19_E)\Northern Bypass(1°09_38_S 36°55_19_E)--1-29.wav,NORTHERN BYPASS(1°09_38_S 36°55_19_E),9,PSV,-35.55266,18.045473,67.18374392317034,67.46296208504548,76.89
Northern Bypass(1°09_38_S 36°55_19_E)\Northern Bypass(1°09_38_S 36°55_19_E)--1-30.wav,NORTHERN BYPASS(1°09_38_S 36°55_19_E),1,motorcycle,-34.708977,19.205149,67.18374392317034,67.46296208504548,76.89
Northern Bypass(1°09_38_S 36°55_19_E)\Northern Bypass(1°09_38_S 36°55_19_E)--1-31.wav,NORTHERN BYPASS(1°09_38_S 36°55_19_E),1,motorcycle,-37.152447,17.222473,67.18374392317034,67.46296208504548,76.89
Northern Bypass(1°09_38_S 36°55_19_E)\Northern Bypass(1°09_38_S 36°55_19_E)--1-32.wav,NORTHERN BYPASS(1°09_38_S 36°55_19_E),1,motorcycle,-43.394463,18.81259,67.18374392317034,67.46296208504548,76.89
Northern Bypass(1°09_38_S 36°55_19_E)\Northern Bypass(1°09_38_S 36°55_19_E)--1-33.wav,NORTHERN BYPASS(1°09_38_S 36°55_19_E),2,private car,-35.64967,16.768152,67.18374392317034,67.46296208504548,76.89
Northern Bypass(1°09_38_S 36°55_19_E)\Northern Bypass(1°09_38_S 36°55_19_E)--1-34.wav,NORTHERN BYPASS(1°09_38_S 36°55_19_E),9,PSV,-34.908825,19.273808,67.18374392317034,67.46296208504548,76.89
Northern Bypass(1°09_38_S 36°55_19_E)\Northern Bypass(1°09_38_S 36°55_19_E)--1-35.wav,NORTHERN BYPASS(1°09_38_S 36°55_19_E),1,motorcycle,-34.96002,18.849653,67.18374392317034,67.46296208504548,76.89
Northern Bypass(1°09_38_S 36°55_19_E)\Northern Bypass(1°09_38_S 36°55_19_E)--1-36.wav,NORTHERN BYPASS(1°09_38_S 36°55_19_E),1,motorcycle,-41.363472,17.459444,67.18374392317034,67.46296208504548,76.89
Northern Bypass(1°09_38_S 36°55_19_E)\Northern Bypass(1°09_38_S 36°55_19_E)--1-37.wav,NORTHERN BYPASS(1°09_38_S 36°55_19_E),2,private car,-33.46278,18.833805,67.18374392317034,67.46296208504548,76.89
Northern Bypass(1°09_38_S 36°55_19_E)\Northern Bypass(1°09_38_S 36°55_19_E)--1-38.wav,NORTHERN BYPASS(1°09_38_S 36°55_19_E),0,bicycle,-32.41557,19.749207,67.18374392317034,67.46296208504548,76.89
Northern Bypass(1°09_38_S 36°55_19_E)\Northern Bypass(1°09_38_S 36°55_19_E)--1-39.wav,NORTHERN BYPASS(1°09_38_S 36°55_19_E),2,private car,-34.384483,17.299992,67.18374392317034,67.46296208504548,76.89
Northern Bypass(1°09_38_S 36°55_19_E)\Northern Bypass(1°09_38_S 36°55_19_E)--1-40.wav,NORTHERN BYPASS(1°09_38_S 36°55_19_E),9,PSV,-33.198162,18.079935,67.18374392317034,67.46296208504548,76.89
Northern Bypass(1°09_38_S 36°55_19_E)\Northern Bypass(1°09_38_S 36°55_19_E)--1-41.wav,NORTHERN BYPASS(1°09_38_S 36°55_19_E),2,private car,-35.484802,18.497044,67.18374392317034,67.46296208504548,76.89
Northern Bypass(1°09_38_S 36°55_19_E)\Northern Bypass(1°09_38_S 36°55_19_E)--1-42.wav,NORTHERN BYPASS(1°09_38_S 36°55_19_E),4,pickup,-35.115875,20.342949,67.18374392317034,67.46296208504548,76.89
Northern Bypass(1°09_38_S 36°55_19_E)\Northern Bypass(1°09_38_S 36°55_19_E)--1-43.wav,NORTHERN BYPASS(1°09_38_S 36°55_19_E),2,private car,-33.66872,19.204315,67.18374392317034,67.46296208504548,76.89
Northern Bypass(1°09_38_S 36°55_19_E)\Northern Bypass(1°09_38_S 36°55_19_E)--1-44.wav,NORTHERN BYPASS(1°09_38_S 36°55_19_E),9,PSV,-34.59089,19.180153,67.18374392317034,67.46296208504548,76.89
Northern Bypass(1°09_38_S 36°55_19_E)\Northern Bypass(1°09_38_S 36°55_19_E)--1-45.wav,NORTHERN BYPASS(1°09_38_S 36°55_19_E),1,motorcycle,-36.162575,17.25166,67.18374392317034,67.46296208504548,76.89
Northern Bypass(1°09_38_S 36°55_19_E)\Northern Bypass(1°09_38_S 36°55_19_E)--1-46.wav,NORTHERN BYPASS(1°09_38_S 36°55_19_E),1,motorcycle,-34.08127,17.928087,67.18374392317034,67.46296208504548,76.89
Northern Bypass(1°09_38_S 36°55_19_E)\Northern Bypass(1°09_38_S 36°55_19_E)--1-47.wav,NORTHERN BYPASS(1°09_38_S 36°55_19_E),4,pickup,-35.289318,18.588793,67.18374392317034,67.46296208504548,76.89
Northern Bypass(1°09_38_S 36°55_19_E)\Northern Bypass(1°09_38_S 36°55_19_E)--1-48.wav,NORTHERN BYPASS(1°09_38_S 36°55_19_E),4,pickup,-35.42936,17.242088,67.18374392317034,67.46296208504548,76.89
Northern Bypass(1°09_38_S 36°55_19_E)\Northern Bypass(1°09_38_S 36°55_19_E)--1-49.wav,NORTHERN BYPASS(1°09_38_S 36°55_19_E),1,motorcycle,-34.70813,16.568771,67.18374392317034,67.46296208504548,76.89
Northern Bypass(1°09_38_S 36°55_19_E)\Northern Bypass(1°09_38_S 36°55_19_E)--1-1400.wav,NORTHERN BYPASS(1°09_38_S 36°55_19_E),1,motorcycle,-33.227833,17.532288,67.18374392317034,67.46296208504548,76.89
Nyayo LA Rd (1°18_20_ S 36°49_21_E)\Nyayo LA Rd (1°18_20_ S 36°49_21_E)--1-0.wav,NYAYO LA RD (1°18_20_ S 36°49_21_E),9,PSV,-37.799236,17.761333,67.35858417012994,67.63570246139142,76.33
Nyayo LA Rd (1°18_20_ S 36°49_21_E)\Nyayo LA Rd (1°18_20_ S 36°49_21_E)--1-1.wav,NYAYO LA RD (1°18_20_ S 36°49_21_E),3,SUV,-36.04002,18.571043,67.35858417012994,67.63570246139142,76.33
Nyayo LA Rd (1°18_20_ S 36°49_21_E)\Nyayo LA Rd (1°18_20_ S 36°49_21_E)--1-2.wav,NYAYO LA RD (1°18_20_ S 36°49_21_E),9,PSV,-38.049133,19.033953,67.35858417012994,67.63570246139142,76.33
Nyayo LA Rd (1°18_20_ S 36°49_21_E)\Nyayo LA Rd (1°18_20_ S 36°49_21_E)--1-3.wav,NYAYO LA RD (1°18_20_ S 36°49_21_E),2,private car,-37.74538,20.889305,67.35858417012994,67.63570246139142,76.33
Nyayo LA Rd (1°18_20_ S 36°49_21_E)\Nyayo LA Rd (1°18_20_ S 36°49_21_E)--1-4.wav,NYAYO LA RD (1°18_20_ S 36°49_21_E),2,private car,-38.718163,20.445557,67.35858417012994,67.63570246139142,76.33
Nyayo LA Rd (1°18_20_ S 36°49_21_E)\Nyayo LA Rd (1°18_20_ S 36°49_21_E)--1-5.wav,NYAYO LA RD (1°18_20_ S 36°49_21_E),2,private car,-35.55716,20.012327,67.35858417012994,67.63570246139142,76.33
Nyayo LA Rd (1°18_20_ S 36°49_21_E)\Nyayo LA Rd (1°18_20_ S 36°49_21_E)--1-6.wav,NYAYO LA RD (1°18_20_ S 36°49_21_E),2,private car,-37.327854,19.979435,67.35858417012994,67.63570246139142,76.33
Nyayo LA Rd (1°18_20_ S 36°49_21_E)\Nyayo LA Rd (1°18_20_ S 36°49_21_E)--1-7.wav,NYAYO LA RD (1°18_20_ S 36°49_21_E),1,motorcycle,-36.161777,19.544191,67.35858417012994,67.63570246139142,76.33
Nyayo LA Rd (1°18_20_ S 36°49_21_E)\Nyayo LA Rd (1°18_20_ S 36°49_21_E)--1-8.wav,NYAYO LA RD (1°18_20_ S 36°49_21_E),9,PSV,-37.45105,20.39643,67.35858417012994,67.63570246139142,76.33
Nyayo LA Rd (1°18_20_ S 36°49_21_E)\Nyayo LA Rd (1°18_20_ S 36°49_21_E)--1-9.wav,NYAYO LA RD (1°18_20_ S 36°49_21_E),9,PSV,-35.53302,19.956715,67.35858417012994,67.63570246139142,76.33
Nyayo LA Rd (1°18_20_ S 36°49_21_E)\Nyayo LA Rd (1°18_20_ S 36°49_21_E)--1-10.wav,NYAYO LA RD (1°18_20_ S 36°49_21_E),9,PSV,-27.97367,18.066635,67.35858417012994,67.63570246139142,76.33
Nyayo LA Rd (1°18_20_ S 36°49_21_E)\Nyayo LA Rd (1°18_20_ S 36°49_21_E)--1-11.wav,NYAYO LA RD (1°18_20_ S 36°49_21_E),2,private car,-33.970184,19.218637,67.35858417012994,67.63570246139142,76.33
Nyayo LA Rd (1°18_20_ S 36°49_21_E)\Nyayo LA Rd (1°18_20_ S 36°49_21_E)--1-12.wav,NYAYO LA RD (1°18_20_ S 36°49_21_E),10,other,-35.98533,18.658478,67.35858417012994,67.63570246139142,76.33
Nyayo LA Rd (1°18_20_ S 36°49_21_E)\Nyayo LA Rd (1°18_20_ S 36°49_21_E)--1-13.wav,NYAYO LA RD (1°18_20_ S 36°49_21_E),2,private car,-37.93679,18.776922,67.35858417012994,67.63570246139142,76.33
Nyayo LA Rd (1°18_20_ S 36°49_21_E)\Nyayo LA Rd (1°18_20_ S 36°49_21_E)--1-14.wav,NYAYO LA RD (1°18_20_ S 36°49_21_E),9,PSV,-35.679943,18.91296,67.35858417012994,67.63570246139142,76.33
Nyayo LA Rd (1°18_20_ S 36°49_21_E)\Nyayo LA Rd (1°18_20_ S 36°49_21_E)--1-15.wav,NYAYO LA RD (1°18_20_ S 36°49_21_E),9,PSV,-33.594566,19.909285,67.35858417012994,67.63570246139142,76.33
Nyayo LA Rd (1°18_20_ S 36°49_21_E)\Nyayo LA Rd (1°18_20_ S 36°49_21_E)--1-16.wav,NYAYO LA RD (1°18_20_ S 36°49_21_E),2,private car,-37.53861,19.264584,67.35858417012994,67.63570246139142,76.33
Nyayo LA Rd (1°18_20_ S 36°49_21_E)\Nyayo LA Rd (1°18_20_ S 36°49_21_E)--1-17.wav,NYAYO LA RD (1°18_20_ S 36°49_21_E),1,motorcycle,-38.706203,19.542496,67.35858417012994,67.63570246139142,76.33
Nyayo LA Rd (1°18_20_ S 36°49_21_E)\Nyayo LA Rd (1°18_20_ S 36°49_21_E)--1-18.wav,NYAYO LA RD (1°18_20_ S 36°49_21_E),3,SUV,-36.429333,18.63507,67.35858417012994,67.63570246139142,76.33
Nyayo LA Rd (1°18_20_ S 36°49_21_E)\Nyayo LA Rd (1°18_20_ S 36°49_21_E)--1-19.wav,NYAYO LA RD (1°18_20_ S 36°49_21_E),1,motorcycle,-35.17635,19.700602,67.35858417012994,67.63570246139142,76.33
Nyayo LA Rd (1°18_20_ S 36°49_21_E)\Nyayo LA Rd (1°18_20_ S 36°49_21_E)--1-20.wav,NYAYO LA RD (1°18_20_ S 36°49_21_E),1,motorcycle,-36.800976,20.950989,67.35858417012994,67.63570246139142,76.33
Nyayo LA Rd (1°18_20_ S 36°49_21_E)\Nyayo LA Rd (1°18_20_ S 36°49_21_E)--1-21.wav,NYAYO LA RD (1°18_20_ S 36°49_21_E),10,other,-36.922585,20.428476,67.35858417012994,67.63570246139142,76.33
Nyayo LA Rd (1°18_20_ S 36°49_21_E)\Nyayo LA Rd (1°18_20_ S 36°49_21_E)--1-22.wav,NYAYO LA RD (1°18_20_ S 36°49_21_E),0,bicycle,-33.561573,18.14407,67.35858417012994,67.63570246139142,76.33
Nyayo LA Rd (1°18_20_ S 36°49_21_E)\Nyayo LA Rd (1°18_20_ S 36°49_21_E)--1-23.wav,NYAYO LA RD (1°18_20_ S 36°49_21_E),2,private car,-34.907276,18.97939,67.35858417012994,67.63570246139142,76.33
Nyayo LA Rd (1°18_20_ S 36°49_21_E)\Nyayo LA Rd (1°18_20_ S 36°49_21_E)--1-24.wav,NYAYO LA RD (1°18_20_ S 36°49_21_E),9,PSV,-32.1411,18.99648,67.35858417012994,67.63570246139142,76.33
Nyayo LA Rd (1°18_20_ S 36°49_21_E)\Nyayo LA Rd (1°18_20_ S 36°49_21_E)--1-25.wav,NYAYO LA RD (1°18_20_ S 36°49_21_E),4,pickup,-31.386145,19.789562,67.35858417012994,67.63570246139142,76.33
Nyayo LA Rd (1°18_20_ S 36°49_21_E)\Nyayo LA Rd (1°18_20_ S 36°49_21_E)--1-26.wav,NYAYO LA RD (1°18_20_ S 36°49_21_E),10,other,-34.27343,17.11821,67.35858417012994,67.63570246139142,76.33
Nyayo LA Rd (1°18_20_ S 36°49_21_E)\Nyayo LA Rd (1°18_20_ S 36°49_21_E)--1-27.wav,NYAYO LA RD (1°18_20_ S 36°49_21_E),2,private car,-34.285675,19.658854,67.35858417012994,67.63570246139142,76.33
Nyayo LA Rd (1°18_20_ S 36°49_21_E)\Nyayo LA Rd (1°18_20_ S 36°49_21_E)--1-28.wav,NYAYO LA RD (1°18_20_ S 36°49_21_E),9,PSV,-34.73364,20.563986,67.35858417012994,67.63570246139142,76.33
Nyayo LA Rd (1°18_20_ S 36°49_21_E)\Nyayo LA Rd (1°18_20_ S 36°49_21_E)--1-29.wav,NYAYO LA RD (1°18_20_ S 36°49_21_E),2,private car,-38.203655,19.276468,67.35858417012994,67.63570246139142,76.33
Nyayo LA Rd (1°18_20_ S 36°49_21_E)\Nyayo LA Rd (1°18_20_ S 36°49_21_E)--1-30.wav,NYAYO LA RD (1°18_20_ S 36°49_21_E),2,private car,-38.065205,19.565659,67.35858417012994,67.63570246139142,76.33
Nyayo LA Rd (1°18_20_ S 36°49_21_E)\Nyayo LA Rd (1°18_20_ S 36°49_21_E)--1-31.wav,NYAYO LA RD (1°18_20_ S 36°49_21_E),2,private car,-35.897926,18.705343,67.35858417012994,67.63570246139142,76.33
Nyayo LA Rd (1°18_20_ S 36°49_21_E)\Nyayo LA Rd (1°18_20_ S 36°49_21_E)--1-32.wav,NYAYO LA RD (1°18_20_ S 36°49_21_E),1,motorcycle,-35.055756,18.634031,67.35858417012994,67.63570246139142,76.33
Nyayo LA Rd (1°18_20_ S 36°49_21_E)\Nyayo LA Rd (1°18_20_ S 36°49_21_E)--1-33.wav,NYAYO LA RD (1°18_20_ S 36°49_21_E),2,private car,-35.819458,18.873663,67.35858417012994,67.63570246139142,76.33
Nyayo LA Rd (1°18_20_ S 36°49_21_E)\Nyayo LA Rd (1°18_20_ S 36°49_21_E)--1-34.wav,NYAYO LA RD (1°18_20_ S 36°49_21_E),2,private car,-32.410164,19.517532,67.35858417012994,67.63570246139142,76.33
Nyayo LA Rd (1°18_20_ S 36°49_21_E)\Nyayo LA Rd (1°18_20_ S 36°49_21_E)--1-35.wav,NYAYO LA RD (1°18_20_ S 36°49_21_E),2,private car,-36.208466,19.38282,67.35858417012994,67.63570246139142,76.33
Nyayo LA Rd (1°18_20_ S 36°49_21_E)\Nyayo LA Rd (1°18_20_ S 36°49_21_E)--1-36.wav,NYAYO LA RD (1°18_20_ S 36°49_21_E),3,SUV,-36.23755,17.50868,67.35858417012994,67.63570246139142,76.33
Nyayo LA Rd (1°18_20_ S 36°49_21_E)\Nyayo LA Rd (1°18_20_ S 36°49_21_E)--1-37.wav,NYAYO LA RD (1°18_20_ S 36°49_21_E),9,PSV,-35.411438,18.76383,67.35858417012994,67.63570246139142,76.33
Nyayo LA Rd (1°18_20_ S 36°49_21_E)\Nyayo LA Rd (1°18_20_ S 36°49_21_E)--1-38.wav,NYAYO LA RD (1°18_20_ S 36°49_21_E),2,private car,-38.081093,19.04369,67.35858417012994,67.63570246139142,76.33
Nyayo LA Rd (1°18_20_ S 36°49_21_E)\Nyayo LA Rd (1°18_20_ S 36°49_21_E)--1-39.wav,NYAYO LA RD (1°18_20_ S 36°49_21_E),2,private car,-34.825813,20.763077,67.35858417012994,67.63570246139142,76.33
Nyayo LA Rd (1°18_20_ S 36°49_21_E)\Nyayo LA Rd (1°18_20_ S 36°49_21_E)--1-40.wav,NYAYO LA RD (1°18_20_ S 36°49_21_E),10,other,-34.849903,18.033327,67.35858417012994,67.63570246139142,76.33
Nyayo LA Rd (1°18_20_ S 36°49_21_E)\Nyayo LA Rd (1°18_20_ S 36°49_21_E)--1-41.wav,NYAYO LA RD (1°18_20_ S 36°49_21_E),9,PSV,-34.22912,18.625116,67.35858417012994,67.63570246139142,76.33
Nyayo LA Rd (1°18_20_ S 36°49_21_E)\Nyayo LA Rd (1°18_20_ S 36°49_21_E)--1-42.wav,NYAYO LA RD (1°18_20_ S 36°49_21_E),1,motorcycle,-36.359943,19.24961,67.35858417012994,67.63570246139142,76.33
Nyayo LA Rd (1°18_20_ S 36°49_21_E)\Nyayo LA Rd (1°18_20_ S 36°49_21_E)--1-43.wav,NYAYO LA RD (1°18_20_ S 36°49_21_E),0,bicycle,-36.291504,17.90201,67.35858417012994,67.63570246139142,76.33
Nyayo LA Rd (1°18_20_ S 36°49_21_E)\Nyayo LA Rd (1°18_20_ S 36°49_21_E)--1-44.wav,NYAYO LA RD (1°18_20_ S 36°49_21_E),2,private car,-36.778755,18.403013,67.35858417012994,67.63570246139142,76.33
Nyayo LA Rd (1°18_20_ S 36°49_21_E)\Nyayo LA Rd (1°18_20_ S 36°49_21_E)--1-45.wav,NYAYO LA RD (1°18_20_ S 36°49_21_E),1,motorcycle,-36.63543,18.969444,67.35858417012994,67.63570246139142,76.33
Nyayo LA Rd (1°18_20_ S 36°49_21_E)\Nyayo LA Rd (1°18_20_ S 36°49_21_E)--1-46.wav,NYAYO LA RD (1°18_20_ S 36°49_21_E),1,motorcycle,-37.93505,20.46934,67.35858417012994,67.63570246139142,76.33
Nyayo LA Rd (1°18_20_ S 36°49_21_E)\Nyayo LA Rd (1°18_20_ S 36°49_21_E)--1-47.wav,NYAYO LA RD (1°18_20_ S 36°49_21_E),3,SUV,-35.15465,17.92235,67.35858417012994,67.63570246139142,76.33
Nyayo LA Rd (1°18_20_ S 36°49_21_E)\Nyayo LA Rd (1°18_20_ S 36°49_21_E)--1-48.wav,NYAYO LA RD (1°18_20_ S 36°49_21_E),9,PSV,-38.74486,20.032475,67.35858417012994,67.63570246139142,76.33
Nyayo LA Rd (1°18_20_ S 36°49_21_E)\Nyayo LA Rd (1°18_20_ S 36°49_21_E)--1-49.wav,NYAYO LA RD (1°18_20_ S 36°49_21_E),1,motorcycle,-37.760506,19.378174,67.35858417012994,67.63570246139142,76.33
Nyayo LA Rd (1°18_20_ S 36°49_21_E)\Nyayo LA Rd (1°18_20_ S 36°49_21_E)--1-50.wav,NYAYO LA RD (1°18_20_ S 36°49_21_E),9,PSV,-38.21615,19.279251,67.35858417012994,67.63570246139142,76.33
Nyayo LA Rd (1°18_20_ S 36°49_21_E)\Nyayo LA Rd (1°18_20_ S 36°49_21_E)--1-1452.wav,NYAYO LA RD (1°18_20_ S 36°49_21_E),2,private car,-37.57348,19.170103,67.35858417012994,67.63570246139142,76.33
Ola Energy Waiyaki Way(1° 15_ 33_S 36°46_ 47_E)\Ola Energy Waiyaki Way(1° 15_ 33_S 36°46_ 47_E)--1-0.wav,OLA ENERGY WAIYAKI WAY(1° 15_ 33_S 36°46_ 47_E),2,private car,-36.99439,18.512465,69.24841789780436,69.47844429613842,63.7
Ola Energy Waiyaki Way(1° 15_ 33_S 36°46_ 47_E)\Ola Energy Waiyaki Way(1° 15_ 33_S 36°46_ 47_E)--1-1.wav,OLA ENERGY WAIYAKI WAY(1° 15_ 33_S 36°46_ 47_E),10,other,-32.1699,22.809582,69.24841789780436,69.47844429613842,63.7
Ola Energy Waiyaki Way(1° 15_ 33_S 36°46_ 47_E)\Ola Energy Waiyaki Way(1° 15_ 33_S 36°46_ 47_E)--1-2.wav,OLA ENERGY WAIYAKI WAY(1° 15_ 33_S 36°46_ 47_E),1,motorcycle,-35.639046,18.67237,69.24841789780436,69.47844429613842,63.7
Ola Energy Waiyaki Way(1° 15_ 33_S 36°46_ 47_E)\Ola Energy Waiyaki Way(1° 15_ 33_S 36°46_ 47_E)--1-3.wav,OLA ENERGY WAIYAKI WAY(1° 15_ 33_S 36°46_ 47_E),1,motorcycle,-39.51008,20.652796,69.24841789780436,69.47844429613842,63.7
Ola Energy Waiyaki Way(1° 15_ 33_S 36°46_ 47_E)\Ola Energy Waiyaki Way(1° 15_ 33_S 36°46_ 47_E)--1-4.wav,OLA ENERGY WAIYAKI WAY(1° 15_ 33_S 36°46_ 47_E),4,pickup,-36.440125,19.11263,69.24841789780436,69.47844429613842,63.7
Ola Energy Waiyaki Way(1° 15_ 33_S 36°46_ 47_E)\Ola Energy Waiyaki Way(1° 15_ 33_S 36°46_ 47_E)--1-5.wav,OLA ENERGY WAIYAKI WAY(1° 15_ 33_S 36°46_ 47_E),10,other,-37.146374,18.756748,69.24841789780436,69.47844429613842,63.7
Ola Energy Waiyaki Way(1° 15_ 33_S 36°46_ 47_E)\Ola Energy Waiyaki Way(1° 15_ 33_S 36°46_ 47_E)--1-6.wav,OLA ENERGY WAIYAKI WAY(1° 15_ 33_S 36°46_ 47_E),2,private car,-38.830254,19.629211,69.24841789780436,69.47844429613842,63.7
Ola Energy Waiyaki Way(1° 15_ 33_S 36°46_ 47_E)\Ola Energy Waiyaki Way(1° 15_ 33_S 36°46_ 47_E)--1-7.wav,OLA ENERGY WAIYAKI WAY(1° 15_ 33_S 36°46_ 47_E),2,private car,-38.352833,20.008417,69.24841789780436,69.47844429613842,63.7
Ola Energy Waiyaki Way(1° 15_ 33_S 36°46_ 47_E)\Ola Energy Waiyaki Way(1° 15_ 33_S 36°46_ 47_E)--1-8.wav,OLA ENERGY WAIYAKI WAY(1° 15_ 33_S 36°46_ 47_E),2,private car,-40.2806,20.893295,69.24841789780436,69.47844429613842,63.7
Ola Energy Waiyaki Way(1° 15_ 33_S 36°46_ 47_E)\Ola Energy Waiyaki Way(1° 15_ 33_S 36°46_ 47_E)--1-9.wav,OLA ENERGY WAIYAKI WAY(1° 15_ 33_S 36°46_ 47_E),2,private car,-38.404594,19.871698,69.24841789780436,69.47844429613842,63.7
Ola Energy Waiyaki Way(1° 15_ 33_S 36°46_ 47_E)\Ola Energy Waiyaki Way(1° 15_ 33_S 36°46_ 47_E)--1-10.wav,OLA ENERGY WAIYAKI WAY(1° 15_ 33_S 36°46_ 47_E),3,SUV,-36.19787,19.645687,69.24841789780436,69.47844429613842,63.7
Ola Energy Waiyaki Way(1° 15_ 33_S 36°46_ 47_E)\Ola Energy Waiyaki Way(1° 15_ 33_S 36°46_ 47_E)--1-11.wav,OLA ENERGY WAIYAKI WAY(1° 15_ 33_S 36°46_ 47_E),9,PSV,-34.07194,18.245344,69.24841789780436,69.47844429613842,63.7
Ola Energy Waiyaki Way(1° 15_ 33_S 36°46_ 47_E)\Ola Energy Waiyaki Way(1° 15_ 33_S 36°46_ 47_E)--1-12.wav,OLA ENERGY WAIYAKI WAY(1° 15_ 33_S 36°46_ 47_E),9,PSV,-25.722881,19.73678,69.24841789780436,69.47844429613842,63.7
Ola Energy Waiyaki Way(1° 15_ 33_S 36°46_ 47_E)\Ola Energy Waiyaki Way(1° 15_ 33_S 36°46_ 47_E)--1-13.wav,OLA ENERGY WAIYAKI WAY(1° 15_ 33_S 36°46_ 47_E),2,private car,-33.93122,19.953201,69.24841789780436,69.47844429613842,63.7
Ola Energy Waiyaki Way(1° 15_ 33_S 36°46_ 47_E)\Ola Energy Waiyaki Way(1° 15_ 33_S 36°46_ 47_E)--1-14.wav,OLA ENERGY WAIYAKI WAY(1° 15_ 33_S 36°46_ 47_E),2,private car,-37.6841,18.983564,69.24841789780436,69.47844429613842,63.7
Ola Energy Waiyaki Way(1° 15_ 33_S 36°46_ 47_E)\Ola Energy Waiyaki Way(1° 15_ 33_S 36°46_ 47_E)--1-15.wav,OLA ENERGY WAIYAKI WAY(1° 15_ 33_S 36°46_ 47_E),2,private car,-35.11564,19.170778,69.24841789780436,69.47844429613842,63.7
Ola Energy Waiyaki Way(1° 15_ 33_S 36°46_ 47_E)\Ola Energy Waiyaki Way(1° 15_ 33_S 36°46_ 47_E)--1-16.wav,OLA ENERGY WAIYAKI WAY(1° 15_ 33_S 36°46_ 47_E),3,SUV,-35.80863,17.97109,69.24841789780436,69.47844429613842,63.7
Ola Energy Waiyaki Way(1° 15_ 33_S 36°46_ 47_E)\Ola Energy Waiyaki Way(1° 15_ 33_S 36°46_ 47_E)--1-17.wav,OLA ENERGY WAIYAKI WAY(1° 15_ 33_S 36°46_ 47_E),1,motorcycle,-36.7169,18.59836,69.24841789780436,69.47844429613842,63.7
Ola Energy Waiyaki Way(1° 15_ 33_S 36°46_ 47_E)\Ola Energy Waiyaki Way(1° 15_ 33_S 36°46_ 47_E)--1-18.wav,OLA ENERGY WAIYAKI WAY(1° 15_ 33_S 36°46_ 47_E),9,PSV,-37.08661,19.992395,69.24841789780436,69.47844429613842,63.7
Ola Energy Waiyaki Way(1° 15_ 33_S 36°46_ 47_E)\Ola Energy Waiyaki Way(1° 15_ 33_S 36°46_ 47_E)--1-19.wav,OLA ENERGY WAIYAKI WAY(1° 15_ 33_S 36°46_ 47_E),3,SUV,-35.381813,17.796896,69.24841789780436,69.47844429613842,63.7
Ola Energy Waiyaki Way(1° 15_ 33_S 36°46_ 47_E)\Ola Energy Waiyaki Way(1° 15_ 33_S 36°46_ 47_E)--1-20.wav,OLA ENERGY WAIYAKI WAY(1° 15_ 33_S 36°46_ 47_E),1,motorcycle,-30.771276,19.544216,69.24841789780436,69.47844429613842,63.7
Ola Energy Waiyaki Way(1° 15_ 33_S 36°46_ 47_E)\Ola Energy Waiyaki Way(1° 15_ 33_S 36°46_ 47_E)--1-21.wav,OLA ENERGY WAIYAKI WAY(1° 15_ 33_S 36°46_ 47_E),3,SUV,-34.956482,17.656239,69.24841789780436,69.47844429613842,63.7
Ola Energy Waiyaki Way(1° 15_ 33_S 36°46_ 47_E)\Ola Energy Waiyaki Way(1° 15_ 33_S 36°46_ 47_E)--1-22.wav,OLA ENERGY WAIYAKI WAY(1° 15_ 33_S 36°46_ 47_E),1,motorcycle,-35.295288,19.29923,69.24841789780436,69.47844429613842,63.7
Ola Energy Waiyaki Way(1° 15_ 33_S 36°46_ 47_E)\Ola Energy Waiyaki Way(1° 15_ 33_S 36°46_ 47_E)--1-23.wav,OLA ENERGY WAIYAKI WAY(1° 15_ 33_S 36°46_ 47_E),9,PSV,-37.893333,18.251318,69.24841789780436,69.47844429613842,63.7
Ola Energy Waiyaki Way(1° 15_ 33_S 36°46_ 47_E)\Ola Energy Waiyaki Way(1° 15_ 33_S 36°46_ 47_E)--1-24.wav,OLA ENERGY WAIYAKI WAY(1° 15_ 33_S 36°46_ 47_E),2,private car,-35.145496,18.98614,69.24841789780436,69.47844429613842,63.7
Ola Energy Waiyaki Way(1° 15_ 33_S 36°46_ 47_E)\Ola Energy Waiyaki Way(1° 15_ 33_S 36°46_ 47_E)--1-25.wav,OLA ENERGY WAIYAKI WAY(1° 15_ 33_S 36°46_ 47_E),2,private car,-35.769394,19.61583,69.24841789780436,69.47844429613842,63.7
Ola Energy Waiyaki Way(1° 15_ 33_S 36°46_ 47_E)\Ola Energy Waiyaki Way(1° 15_ 33_S 36°46_ 47_E)--1-26.wav,OLA ENERGY WAIYAKI WAY(1° 15_ 33_S 36°46_ 47_E),9,PSV,-37.99308,19.832272,69.24841789780436,69.47844429613842,63.7
Ola Energy Waiyaki Way(1° 15_ 33_S 36°46_ 47_E)\Ola Energy Waiyaki Way(1° 15_ 33_S 36°46_ 47_E)--1-27.wav,OLA ENERGY WAIYAKI WAY(1° 15_ 33_S 36°46_ 47_E),3,SUV,-31.050406,20.991081,69.24841789780436,69.47844429613842,63.7
Ola Energy Waiyaki Way(1° 15_ 33_S 36°46_ 47_E)\Ola Energy Waiyaki Way(1° 15_ 33_S 36°46_ 47_E)--1-28.wav,OLA ENERGY WAIYAKI WAY(1° 15_ 33_S 36°46_ 47_E),2,private car,-28.167103,17.373922,69.24841789780436,69.47844429613842,63.7
Ola Energy Waiyaki Way(1° 15_ 33_S 36°46_ 47_E)\Ola Energy Waiyaki Way(1° 15_ 33_S 36°46_ 47_E)--1-29.wav,OLA ENERGY WAIYAKI WAY(1° 15_ 33_S 36°46_ 47_E),2,private car,-36.728283,18.859795,69.24841789780436,69.47844429613842,63.7
Ola Energy Waiyaki Way(1° 15_ 33_S 36°46_ 47_E)\Ola Energy Waiyaki Way(1° 15_ 33_S 36°46_ 47_E)--1-30.wav,OLA ENERGY WAIYAKI WAY(1° 15_ 33_S 36°46_ 47_E),2,private car,-36.84539,17.946533,69.24841789780436,69.47844429613842,63.7
Ola Energy Waiyaki Way(1° 15_ 33_S 36°46_ 47_E)\Ola Energy Waiyaki Way(1° 15_ 33_S 36°46_ 47_E)--1-31.wav,OLA ENERGY WAIYAKI WAY(1° 15_ 33_S 36°46_ 47_E),2,private car,-36.071217,19.044336,69.24841789780436,69.47844429613842,63.7
Ola Energy Waiyaki Way(1° 15_ 33_S 36°46_ 47_E)\Ola Energy Waiyaki Way(1° 15_ 33_S 36°46_ 47_E)--1-32.wav,OLA ENERGY WAIYAKI WAY(1° 15_ 33_S 36°46_ 47_E),2,private car,-39.578003,18.73781,69.24841789780436,69.47844429613842,63.7
Ola Energy Waiyaki Way(1° 15_ 33_S 36°46_ 47_E)\Ola Energy Waiyaki Way(1° 15_ 33_S 36°46_ 47_E)--1-33.wav,OLA ENERGY WAIYAKI WAY(1° 15_ 33_S 36°46_ 47_E),3,SUV,-33.87805,19.504074,69.24841789780436,69.47844429613842,63.7
Ola Energy Waiyaki Way(1° 15_ 33_S 36°46_ 47_E)\Ola Energy Waiyaki Way(1° 15_ 33_S 36°46_ 47_E)--1-34.wav,OLA ENERGY WAIYAKI WAY(1° 15_ 33_S 36°46_ 47_E),2,private car,-32.911705,19.39552,69.24841789780436,69.47844429613842,63.7
Ola Energy Waiyaki Way(1° 15_ 33_S 36°46_ 47_E)\Ola Energy Waiyaki Way(1° 15_ 33_S 36°46_ 47_E)--1-35.wav,OLA ENERGY WAIYAKI WAY(1° 15_ 33_S 36°46_ 47_E),2,private car,-28.531687,18.691442,69.24841789780436,69.47844429613842,63.7
Ola Energy Waiyaki Way(1° 15_ 33_S 36°46_ 47_E)\Ola Energy Waiyaki Way(1° 15_ 33_S 36°46_ 47_E)--1-36.wav,OLA ENERGY WAIYAKI WAY(1° 15_ 33_S 36°46_ 47_E),10,other,-31.408865,18.012995,69.24841789780436,69.47844429613842,63.7
Ola Energy Waiyaki Way(1° 15_ 33_S 36°46_ 47_E)\Ola Energy Waiyaki Way(1° 15_ 33_S 36°46_ 47_E)--1-37.wav,OLA ENERGY WAIYAKI WAY(1° 15_ 33_S 36°46_ 47_E),3,SUV,-31.770819,18.724888,69.24841789780436,69.47844429613842,63.7
Ola Energy Waiyaki Way(1° 15_ 33_S 36°46_ 47_E)\Ola Energy Waiyaki Way(1° 15_ 33_S 36°46_ 47_E)--1-38.wav,OLA ENERGY WAIYAKI WAY(1° 15_ 33_S 36°46_ 47_E),9,PSV,-29.461004,19.158527,69.24841789780436,69.47844429613842,63.7
Ola Energy Waiyaki Way(1° 15_ 33_S 36°46_ 47_E)\Ola Energy Waiyaki Way(1° 15_ 33_S 36°46_ 47_E)--1-39.wav,OLA ENERGY WAIYAKI WAY(1° 15_ 33_S 36°46_ 47_E),4,pickup,-28.552118,18.076178,69.24841789780436,69.47844429613842,63.7
Ola Energy Waiyaki Way(1° 15_ 33_S 36°46_ 47_E)\Ola Energy Waiyaki Way(1° 15_ 33_S 36°46_ 47_E)--1-40.wav,OLA ENERGY WAIYAKI WAY(1° 15_ 33_S 36°46_ 47_E),2,private car,-35.363136,18.517744,69.24841789780436,69.47844429613842,63.7
Ola Energy Waiyaki Way(1° 15_ 33_S 36°46_ 47_E)\Ola Energy Waiyaki Way(1° 15_ 33_S 36°46_ 47_E)--1-41.wav,OLA ENERGY WAIYAKI WAY(1° 15_ 33_S 36°46_ 47_E),2,private car,-30.475323,19.252762,69.24841789780436,69.47844429613842,63.7
Ola Energy Waiyaki Way(1° 15_ 33_S 36°46_ 47_E)\Ola Energy Waiyaki Way(1° 15_ 33_S 36°46_ 47_E)--1-42.wav,OLA ENERGY WAIYAKI WAY(1° 15_ 33_S 36°46_ 47_E),9,PSV,-37.730133,20.425377,69.24841789780436,69.47844429613842,63.7
Ola Energy Waiyaki Way(1° 15_ 33_S 36°46_ 47_E)\Ola Energy Waiyaki Way(1° 15_ 33_S 36°46_ 47_E)--1-43.wav,OLA ENERGY WAIYAKI WAY(1° 15_ 33_S 36°46_ 47_E),2,private car,-37.025036,18.209242,69.24841789780436,69.47844429613842,63.7
Ola Energy Waiyaki Way(1° 15_ 33_S 36°46_ 47_E)\Ola Energy Waiyaki Way(1° 15_ 33_S 36°46_ 47_E)--1-44.wav,OLA ENERGY WAIYAKI WAY(1° 15_ 33_S 36°46_ 47_E),3,SUV,-34.999424,19.810482,69.24841789780436,69.47844429613842,63.7
Ola Energy Waiyaki Way(1° 15_ 33_S 36°46_ 47_E)\Ola Energy Waiyaki Way(1° 15_ 33_S 36°46_ 47_E)--1-45.wav,OLA ENERGY WAIYAKI WAY(1° 15_ 33_S 36°46_ 47_E),2,private car,-35.511913,18.34065,69.24841789780436,69.47844429613842,63.7
Ola Energy Waiyaki Way(1° 15_ 33_S 36°46_ 47_E)\Ola Energy Waiyaki Way(1° 15_ 33_S 36°46_ 47_E)--1-46.wav,OLA ENERGY WAIYAKI WAY(1° 15_ 33_S 36°46_ 47_E),1,motorcycle,-36.0949,18.228783,69.24841789780436,69.47844429613842,63.7
Ola Energy Waiyaki Way(1° 15_ 33_S 36°46_ 47_E)\Ola Energy Waiyaki Way(1° 15_ 33_S 36°46_ 47_E)--1-47.wav,OLA ENERGY WAIYAKI WAY(1° 15_ 33_S 36°46_ 47_E),9,PSV,-35.579155,18.995893,69.24841789780436,69.47844429613842,63.7
Ola Energy Waiyaki Way(1° 15_ 33_S 36°46_ 47_E)\Ola Energy Waiyaki Way(1° 15_ 33_S 36°46_ 47_E)--1-48.wav,OLA ENERGY WAIYAKI WAY(1° 15_ 33_S 36°46_ 47_E),1,motorcycle,-28.009869,20.549898,69.24841789780436,69.47844429613842,63.7
Ola Energy Waiyaki Way(1° 15_ 33_S 36°46_ 47_E)\Ola Energy Waiyaki Way(1° 15_ 33_S 36°46_ 47_E)--1-49.wav,OLA ENERGY WAIYAKI WAY(1° 15_ 33_S 36°46_ 47_E),1,motorcycle,-36.21839,20.063828,69.24841789780436,69.47844429613842,63.7
Ola Energy Waiyaki Way(1° 15_ 33_S 36°46_ 47_E)\Ola Energy Waiyaki Way(1° 15_ 33_S 36°46_ 47_E)--1-1503.wav,OLA ENERGY WAIYAKI WAY(1° 15_ 33_S 36°46_ 47_E),10,other,-37.802086,20.723188,69.24841789780436,69.47844429613842,63.7
Opp. KU Hospital (1°10_34_ S 36°54_47_E)\Opp--1-0.wav,OPP. KU HOSPITAL (1°10_34_ S 36°54_47_E),1,motorcycle,-35.868793,15.203566,65.69296656291515,65.78334085939021,25.43
Opp. KU Hospital (1°10_34_ S 36°54_47_E)\Opp--1-1.wav,OPP. KU HOSPITAL (1°10_34_ S 36°54_47_E),1,motorcycle,-36.607994,19.213953,65.69296656291515,65.78334085939021,25.43
Opp. KU Hospital (1°10_34_ S 36°54_47_E)\Opp--1-2.wav,OPP. KU HOSPITAL (1°10_34_ S 36°54_47_E),1,motorcycle,-32.67782,16.64106,65.69296656291515,65.78334085939021,25.43
Opp. KU Hospital (1°10_34_ S 36°54_47_E)\Opp--1-3.wav,OPP. KU HOSPITAL (1°10_34_ S 36°54_47_E),1,motorcycle,-26.039667,16.728683,65.69296656291515,65.78334085939021,25.43
Opp. KU Hospital (1°10_34_ S 36°54_47_E)\Opp--1-4.wav,OPP. KU HOSPITAL (1°10_34_ S 36°54_47_E),2,private car,-32.89453,16.173723,65.69296656291515,65.78334085939021,25.43
Opp. KU Hospital (1°10_34_ S 36°54_47_E)\Opp--1-5.wav,OPP. KU HOSPITAL (1°10_34_ S 36°54_47_E),2,private car,-33.047714,17.696796,65.69296656291515,65.78334085939021,25.43
Opp. KU Hospital (1°10_34_ S 36°54_47_E)\Opp--1-6.wav,OPP. KU HOSPITAL (1°10_34_ S 36°54_47_E),2,private car,-32.03063,18.362152,65.69296656291515,65.78334085939021,25.43
Opp. KU Hospital (1°10_34_ S 36°54_47_E)\Opp--1-7.wav,OPP. KU HOSPITAL (1°10_34_ S 36°54_47_E),2,private car,-36.440224,17.906246,65.69296656291515,65.78334085939021,25.43
Opp. KU Hospital (1°10_34_ S 36°54_47_E)\Opp--1-8.wav,OPP. KU HOSPITAL (1°10_34_ S 36°54_47_E),0,bicycle,-35.51182,17.03141,65.69296656291515,65.78334085939021,25.43
Opp. KU Hospital (1°10_34_ S 36°54_47_E)\Opp--1-9.wav,OPP. KU HOSPITAL (1°10_34_ S 36°54_47_E),1,motorcycle,-31.282063,18.624949,65.69296656291515,65.78334085939021,25.43
Opp. KU Hospital (1°10_34_ S 36°54_47_E)\Opp--1-10.wav,OPP. KU HOSPITAL (1°10_34_ S 36°54_47_E),9,PSV,-34.423443,16.51591,65.69296656291515,65.78334085939021,25.43
Opp. KU Hospital (1°10_34_ S 36°54_47_E)\Opp--1-11.wav,OPP. KU HOSPITAL (1°10_34_ S 36°54_47_E),9,PSV,-31.675858,16.763094,65.69296656291515,65.78334085939021,25.43
Opp. KU Hospital (1°10_34_ S 36°54_47_E)\Opp--1-12.wav,OPP. KU HOSPITAL (1°10_34_ S 36°54_47_E),0,bicycle,-32.047077,18.578781,65.69296656291515,65.78334085939021,25.43
Opp. KU Hospital (1°10_34_ S 36°54_47_E)\Opp--1-13.wav,OPP. KU HOSPITAL (1°10_34_ S 36°54_47_E),1,motorcycle,-31.871185,17.666498,65.69296656291515,65.78334085939021,25.43
Opp. KU Hospital (1°10_34_ S 36°54_47_E)\Opp--1-14.wav,OPP. KU HOSPITAL (1°10_34_ S 36°54_47_E),1,motorcycle,-31.46259,17.04544,65.69296656291515,65.78334085939021,25.43
Opp. KU Hospital (1°10_34_ S 36°54_47_E)\Opp--1-15.wav,OPP. KU HOSPITAL (1°10_34_ S 36°54_47_E),1,motorcycle,-34.78968,16.832214,65.69296656291515,65.78334085939021,25.43
Opp. KU Hospital (1°10_34_ S 36°54_47_E)\Opp--1-16.wav,OPP. KU HOSPITAL (1°10_34_ S 36°54_47_E),2,private car,-32.726753,16.736263,65.69296656291515,65.78334085939021,25.43
Opp. KU Hospital (1°10_34_ S 36°54_47_E)\Opp--1-17.wav,OPP. KU HOSPITAL (1°10_34_ S 36°54_47_E),1,motorcycle,-32.894035,18.106127,65.69296656291515,65.78334085939021,25.43
Opp. KU Hospital (1°10_34_ S 36°54_47_E)\Opp--1-18.wav,OPP. KU HOSPITAL (1°10_34_ S 36°54_47_E),10,other,-30.707132,15.569807,65.69296656291515,65.78334085939021,25.43
Opp. KU Hospital (1°10_34_ S 36°54_47_E)\Opp--1-19.wav,OPP. KU HOSPITAL (1°10_34_ S 36°54_47_E),9,PSV,-32.005726,17.099447,65.69296656291515,65.78334085939021,25.43
Opp. KU Hospital (1°10_34_ S 36°54_47_E)\Opp--1-20.wav,OPP. KU HOSPITAL (1°10_34_ S 36°54_47_E),0,bicycle,-30.61175,18.175137,65.69296656291515,65.78334085939021,25.43
Opp. KU Hospital (1°10_34_ S 36°54_47_E)\Opp--1-21.wav,OPP. KU HOSPITAL (1°10_34_ S 36°54_47_E),9,PSV,-32.638233,17.605198,65.69296656291515,65.78334085939021,25.43
Opp. KU Hospital (1°10_34_ S 36°54_47_E)\Opp--1-22.wav,OPP. KU HOSPITAL (1°10_34_ S 36°54_47_E),0,bicycle,-33.16458,17.53802,65.69296656291515,65.78334085939021,25.43
Opp. KU Hospital (1°10_34_ S 36°54_47_E)\Opp--1-23.wav,OPP. KU HOSPITAL (1°10_34_ S 36°54_47_E),2,private car,-31.873867,17.562984,65.69296656291515,65.78334085939021,25.43
Opp. KU Hospital (1°10_34_ S 36°54_47_E)\Opp--1-24.wav,OPP. KU HOSPITAL (1°10_34_ S 36°54_47_E),4,pickup,-28.865118,19.152506,65.69296656291515,65.78334085939021,25.43
Opp. KU Hospital (1°10_34_ S 36°54_47_E)\Opp--1-25.wav,OPP. KU HOSPITAL (1°10_34_ S 36°54_47_E),1,motorcycle,-29.661886,18.219778,65.69296656291515,65.78334085939021,25.43
Opp. KU Hospital (1°10_34_ S 36°54_47_E)\Opp--1-26.wav,OPP. KU HOSPITAL (1°10_34_ S 36°54_47_E),1,motorcycle,-31.061152,19.021442,65.69296656291515,65.78334085939021,25.43
Opp. KU Hospital (1°10_34_ S 36°54_47_E)\Opp--1-27.wav,OPP. KU HOSPITAL (1°10_34_ S 36°54_47_E),4,pickup,-33.307983,19.642256,65.69296656291515,65.78334085939021,25.43
Opp. KU Hospital (1°10_34_ S 36°54_47_E)\Opp--1-28.wav,OPP. KU HOSPITAL (1°10_34_ S 36°54_47_E),9,PSV,-33.67552,17.508816,65.69296656291515,65.78334085939021,25.43
Opp. KU Hospital (1°10_34_ S 36°54_47_E)\Opp--1-29.wav,OPP. KU HOSPITAL (1°10_34_ S 36°54_47_E),0,bicycle,-31.029339,16.962494,65.69296656291515,65.78334085939021,25.43
Opp. KU Hospital (1°10_34_ S 36°54_47_E)\Opp--1-30.wav,OPP. KU HOSPITAL (1°10_34_ S 36°54_47_E),1,motorcycle,-33.275787,18.266876,65.69296656291515,65.78334085939021,25.43
Opp. KU Hospital (1°10_34_ S 36°54_47_E)\Opp--1-31.wav,OPP. KU HOSPITAL (1°10_34_ S 36°54_47_E),1,motorcycle,-26.553741,17.552542,65.69296656291515,65.78334085939021,25.43
Opp. KU Hospital (1°10_34_ S 36°54_47_E)\Opp--1-32.wav,OPP. KU HOSPITAL (1°10_34_ S 36°54_47_E),1,motorcycle,-33.312004,16.54322,65.69296656291515,65.78334085939021,25.43
Opp. KU Hospital (1°10_34_ S 36°54_47_E)\Opp--1-33.wav,OPP. KU HOSPITAL (1°10_34_ S 36°54_47_E),2,private car,-29.723633,16.896585,65.69296656291515,65.78334085939021,25.43
Opp. KU Hospital (1°10_34_ S 36°54_47_E)\Opp--1-34.wav,OPP. KU HOSPITAL (1°10_34_ S 36°54_47_E),1,motorcycle,-33.815613,19.622305,65.69296656291515,65.78334085939021,25.43
Opp. KU Hospital (1°10_34_ S 36°54_47_E)\Opp--1-35.wav,OPP. KU HOSPITAL (1°10_34_ S 36°54_47_E),9,PSV,-32.491375,17.756392,65.69296656291515,65.78334085939021,25.43
Opp. KU Hospital (1°10_34_ S 36°54_47_E)\Opp--1-36.wav,OPP. KU HOSPITAL (1°10_34_ S 36°54_47_E),1,motorcycle,-33.38018,18.534378,65.69296656291515,65.78334085939021,25.43
Opp. KU Hospital (1°10_34_ S 36°54_47_E)\Opp--1-37.wav,OPP. KU HOSPITAL (1°10_34_ S 36°54_47_E),2,private car,-31.231731,18.480423,65.69296656291515,65.78334085939021,25.43
Opp. KU Hospital (1°10_34_ S 36°54_47_E)\Opp--1-38.wav,OPP. KU HOSPITAL (1°10_34_ S 36°54_47_E),9,PSV,-26.890347,19.269855,65.69296656291515,65.78334085939021,25.43
Opp. KU Hospital (1°10_34_ S 36°54_47_E)\Opp--1-39.wav,OPP. KU HOSPITAL (1°10_34_ S 36°54_47_E),1,motorcycle,-31.389683,18.972471,65.69296656291515,65.78334085939021,25.43
Opp. KU Hospital (1°10_34_ S 36°54_47_E)\Opp--1-40.wav,OPP. KU HOSPITAL (1°10_34_ S 36°54_47_E),9,PSV,-31.008627,17.143385,65.69296656291515,65.78334085939021,25.43
Opp. KU Hospital (1°10_34_ S 36°54_47_E)\Opp--1-41.wav,OPP. KU HOSPITAL (1°10_34_ S 36°54_47_E),9,PSV,-33.128983,18.13448,65.69296656291515,65.78334085939021,25.43
Opp. KU Hospital (1°10_34_ S 36°54_47_E)\Opp--1-42.wav,OPP. KU HOSPITAL (1°10_34_ S 36°54_47_E),1,motorcycle,-33.306313,19.826607,65.69296656291515,65.78334085939021,25.43
Opp. KU Hospital (1°10_34_ S 36°54_47_E)\Opp--1-43.wav,OPP. KU HOSPITAL (1°10_34_ S 36°54_47_E),1,motorcycle,-32.428192,19.4776,65.69296656291515,65.78334085939021,25.43
Opp. KU Hospital (1°10_34_ S 36°54_47_E)\Opp--1-44.wav,OPP. KU HOSPITAL (1°10_34_ S 36°54_47_E),9,PSV,-34.023144,19.492777,65.69296656291515,65.78334085939021,25.43
Opp. KU Hospital (1°10_34_ S 36°54_47_E)\Opp--1-45.wav,OPP. KU HOSPITAL (1°10_34_ S 36°54_47_E),9,PSV,-34.231804,19.495863,65.69296656291515,65.78334085939021,25.43
Opp. KU Hospital (1°10_34_ S 36°54_47_E)\Opp--1-46.wav,OPP. KU HOSPITAL (1°10_34_ S 36°54_47_E),2,private car,-33.499332,18.789145,65.69296656291515,65.78334085939021,25.43
Opp. KU Hospital (1°10_34_ S 36°54_47_E)\Opp--1-47.wav,OPP. KU HOSPITAL (1°10_34_ S 36°54_47_E),1,motorcycle,-31.993526,18.66845,65.69296656291515,65.78334085939021,25.43
Opp. KU Hospital (1°10_34_ S 36°54_47_E)\Opp--1-48.wav,OPP. KU HOSPITAL (1°10_34_ S 36°54_47_E),9,PSV,-31.525259,18.180044,65.69296656291515,65.78334085939021,25.43
Opp. KU Hospital (1°10_34_ S 36°54_47_E)\Opp--1-49.wav,OPP. KU HOSPITAL (1°10_34_ S 36°54_47_E),1,motorcycle,-34.85282,18.808804,65.69296656291515,65.78334085939021,25.43
Opp. KU Hospital (1°10_34_ S 36°54_47_E)\Opp--1-50.wav,OPP. KU HOSPITAL (1°10_34_ S 36°54_47_E),2,private car,-33.820915,16.692484,65.69296656291515,65.78334085939021,25.43
Opp. KU Hospital (1°10_34_ S 36°54_47_E)\Opp--1-51.wav,OPP. KU HOSPITAL (1°10_34_ S 36°54_47_E),1,motorcycle,-32.98537,17.72221,65.69296656291515,65.78334085939021,25.43
Opp. KU Hospital (1°10_34_ S 36°54_47_E)\Opp--1-1556.wav,OPP. KU HOSPITAL (1°10_34_ S 36°54_47_E),1,motorcycle,-32.713238,18.765705,65.69296656291515,65.78334085939021,25.43
Quality Meat Packers(1°15_10_S 36°57_34_E)\Quality Meat Packers(1°15_10_S 36°57_34_E)--1-0.wav,QUALITY MEAT PACKERS(1°15_10_S 36°57_34_E),1,motorcycle,-34.584404,17.047207,65.5368750826197,65.61949956431647,23.27
Quality Meat Packers(1°15_10_S 36°57_34_E)\Quality Meat Packers(1°15_10_S 36°57_34_E)--1-1.wav,QUALITY MEAT PACKERS(1°15_10_S 36°57_34_E),10,other,-31.772654,19.760336,65.5368750826197,65.61949956431647,23.27
Quality Meat Packers(1°15_10_S 36°57_34_E)\Quality Meat Packers(1°15_10_S 36°57_34_E)--1-2.wav,QUALITY MEAT PACKERS(1°15_10_S 36°57_34_E),3,SUV,-24.1136,20.574327,65.5368750826197,65.61949956431647,23.27
Quality Meat Packers(1°15_10_S 36°57_34_E)\Quality Meat Packers(1°15_10_S 36°57_34_E)--1-3.wav,QUALITY MEAT PACKERS(1°15_10_S 36°57_34_E),10,other,-28.550892,17.908197,65.5368750826197,65.61949956431647,23.27
Quality Meat Packers(1°15_10_S 36°57_34_E)\Quality Meat Packers(1°15_10_S 36°57_34_E)--1-4.wav,QUALITY MEAT PACKERS(1°15_10_S 36°57_34_E),10,other,-28.371643,16.33342,65.5368750826197,65.61949956431647,23.27
Quality Meat Packers(1°15_10_S 36°57_34_E)\Quality Meat Packers(1°15_10_S 36°57_34_E)--1-5.wav,QUALITY MEAT PACKERS(1°15_10_S 36°57_34_E),0,bicycle,-30.741922,17.07048,65.5368750826197,65.61949956431647,23.27
Quality Meat Packers(1°15_10_S 36°57_34_E)\Quality Meat Packers(1°15_10_S 36°57_34_E)--1-6.wav,QUALITY MEAT PACKERS(1°15_10_S 36°57_34_E),1,motorcycle,-31.851278,18.855684,65.5368750826197,65.61949956431647,23.27
Quality Meat Packers(1°15_10_S 36°57_34_E)\Quality Meat Packers(1°15_10_S 36°57_34_E)--1-7.wav,QUALITY MEAT PACKERS(1°15_10_S 36°57_34_E),1,motorcycle,-34.67806,18.079416,65.5368750826197,65.61949956431647,23.27
Quality Meat Packers(1°15_10_S 36°57_34_E)\Quality Meat Packers(1°15_10_S 36°57_34_E)--1-8.wav,QUALITY MEAT PACKERS(1°15_10_S 36°57_34_E),2,private car,-32.047142,17.785706,65.5368750826197,65.61949956431647,23.27
Quality Meat Packers(1°15_10_S 36°57_34_E)\Quality Meat Packers(1°15_10_S 36°57_34_E)--1-9.wav,QUALITY MEAT PACKERS(1°15_10_S 36°57_34_E),1,motorcycle,-31.770016,17.200737,65.5368750826197,65.61949956431647,23.27
Quality Meat Packers(1°15_10_S 36°57_34_E)\Quality Meat Packers(1°15_10_S 36°57_34_E)--1-10.wav,QUALITY MEAT PACKERS(1°15_10_S 36°57_34_E),1,motorcycle,-31.980297,18.402294,65.5368750826197,65.61949956431647,23.27
Quality Meat Packers(1°15_10_S 36°57_34_E)\Quality Meat Packers(1°15_10_S 36°57_34_E)--1-11.wav,QUALITY MEAT PACKERS(1°15_10_S 36°57_34_E),10,other,-35.524326,16.8175,65.5368750826197,65.61949956431647,23.27
Quality Meat Packers(1°15_10_S 36°57_34_E)\Quality Meat Packers(1°15_10_S 36°57_34_E)--1-12.wav,QUALITY MEAT PACKERS(1°15_10_S 36°57_34_E),2,private car,-33.857353,18.635395,65.5368750826197,65.61949956431647,23.27
Quality Meat Packers(1°15_10_S 36°57_34_E)\Quality Meat Packers(1°15_10_S 36°57_34_E)--1-13.wav,QUALITY MEAT PACKERS(1°15_10_S 36°57_34_E),10,other,-34.50745,18.167356,65.5368750826197,65.61949956431647,23.27
Quality Meat Packers(1°15_10_S 36°57_34_E)\Quality Meat Packers(1°15_10_S 36°57_34_E)--1-14.wav,QUALITY MEAT PACKERS(1°15_10_S 36°57_34_E),10,other,-25.643274,19.759007,65.5368750826197,65.61949956431647,23.27
Quality Meat Packers(1°15_10_S 36°57_34_E)\Quality Meat Packers(1°15_10_S 36°57_34_E)--1-15.wav,QUALITY MEAT PACKERS(1°15_10_S 36°57_34_E),4,pickup,-34.961784,17.472828,65.5368750826197,65.61949956431647,23.27
Quality Meat Packers(1°15_10_S 36°57_34_E)\Quality Meat Packers(1°15_10_S 36°57_34_E)--1-16.wav,QUALITY MEAT PACKERS(1°15_10_S 36°57_34_E),10,other,-34.179565,18.62717,65.5368750826197,65.61949956431647,23.27
Quality Meat Packers(1°15_10_S 36°57_34_E)\Quality Meat Packers(1°15_10_S 36°57_34_E)--1-17.wav,QUALITY MEAT PACKERS(1°15_10_S 36°57_34_E),1,motorcycle,-37.704285,19.266056,65.5368750826197,65.61949956431647,23.27
Quality Meat Packers(1°15_10_S 36°57_34_E)\Quality Meat Packers(1°15_10_S 36°57_34_E)--1-18.wav,QUALITY MEAT PACKERS(1°15_10_S 36°57_34_E),6,medium truck,-33.22576,21.365593,65.5368750826197,65.61949956431647,23.27
Quality Meat Packers(1°15_10_S 36°57_34_E)\Quality Meat Packers(1°15_10_S 36°57_34_E)--1-19.wav,QUALITY MEAT PACKERS(1°15_10_S 36°57_34_E),6,medium truck,-35.916836,20.269072,65.5368750826197,65.61949956431647,23.27
Quality Meat Packers(1°15_10_S 36°57_34_E)\Quality Meat Packers(1°15_10_S 36°57_34_E)--1-20.wav,QUALITY MEAT PACKERS(1°15_10_S 36°57_34_E),6,medium truck,-31.381374,19.206533,65.5368750826197,65.61949956431647,23.27
Quality Meat Packers(1°15_10_S 36°57_34_E)\Quality Meat Packers(1°15_10_S 36°57_34_E)--1-21.wav,QUALITY MEAT PACKERS(1°15_10_S 36°57_34_E),2,private car,-33.820404,17.041441,65.5368750826197,65.61949956431647,23.27
Quality Meat Packers(1°15_10_S 36°57_34_E)\Quality Meat Packers(1°15_10_S 36°57_34_E)--1-22.wav,QUALITY MEAT PACKERS(1°15_10_S 36°57_34_E),1,motorcycle,-31.332935,18.485945,65.5368750826197,65.61949956431647,23.27
Quality Meat Packers(1°15_10_S 36°57_34_E)\Quality Meat Packers(1°15_10_S 36°57_34_E)--1-23.wav,QUALITY MEAT PACKERS(1°15_10_S 36°57_34_E),2,private car,-31.254908,17.670038,65.5368750826197,65.61949956431647,23.27
Quality Meat Packers(1°15_10_S 36°57_34_E)\Quality Meat Packers(1°15_10_S 36°57_34_E)--1-24.wav,QUALITY MEAT PACKERS(1°15_10_S 36°57_34_E),9,PSV,-30.220997,19.00688,65.5368750826197,65.61949956431647,23.27
Quality Meat Packers(1°15_10_S 36°57_34_E)\Quality Meat Packers(1°15_10_S 36°57_34_E)--1-25.wav,QUALITY MEAT PACKERS(1°15_10_S 36°57_34_E),1,motorcycle,-33.005665,19.521006,65.5368750826197,65.61949956431647,23.27
Quality Meat Packers(1°15_10_S 36°57_34_E)\Quality Meat Packers(1°15_10_S 36°57_34_E)--1-26.wav,QUALITY MEAT PACKERS(1°15_10_S 36°57_34_E),1,motorcycle,-33.409836,16.07796,65.5368750826197,65.61949956431647,23.27
Quality Meat Packers(1°15_10_S 36°57_34_E)\Quality Meat Packers(1°15_10_S 36°57_34_E)--1-27.wav,QUALITY MEAT PACKERS(1°15_10_S 36°57_34_E),6,medium truck,-36.39692,18.888126,65.5368750826197,65.61949956431647,23.27
Quality Meat Packers(1°15_10_S 36°57_34_E)\Quality Meat Packers(1°15_10_S 36°57_34_E)--1-28.wav,QUALITY MEAT PACKERS(1°15_10_S 36°57_34_E),6,medium truck,-34.07499,17.300068,65.5368750826197,65.61949956431647,23.27
Quality Meat Packers(1°15_10_S 36°57_34_E)\Quality Meat Packers(1°15_10_S 36°57_34_E)--1-29.wav,QUALITY MEAT PACKERS(1°15_10_S 36°57_34_E),1,motorcycle,-30.60996,20.842304,65.5368750826197,65.61949956431647,23.27
Quality Meat Packers(1°15_10_S 36°57_34_E)\Quality Meat Packers(1°15_10_S 36°57_34_E)--1-30.wav,QUALITY MEAT PACKERS(1°15_10_S 36°57_34_E),2,private car,-34.321724,18.012136,65.5368750826197,65.61949956431647,23.27
Quality Meat Packers(1°15_10_S 36°57_34_E)\Quality Meat Packers(1°15_10_S 36°57_34_E)--1-31.wav,QUALITY MEAT PACKERS(1°15_10_S 36°57_34_E),1,motorcycle,-37.069572,19.883186,65.5368750826197,65.61949956431647,23.27
Quality Meat Packers(1°15_10_S 36°57_34_E)\Quality Meat Packers(1°15_10_S 36°57_34_E)--1-32.wav,QUALITY MEAT PACKERS(1°15_10_S 36°57_34_E),9,PSV,-40.15911,18.6278,65.5368750826197,65.61949956431647,23.27
Quality Meat Packers(1°15_10_S 36°57_34_E)\Quality Meat Packers(1°15_10_S 36°57_34_E)--1-33.wav,QUALITY MEAT PACKERS(1°15_10_S 36°57_34_E),4,pickup,-33.589172,18.105219,65.5368750826197,65.61949956431647,23.27
Quality Meat Packers(1°15_10_S 36°57_34_E)\Quality Meat Packers(1°15_10_S 36°57_34_E)--1-34.wav,QUALITY MEAT PACKERS(1°15_10_S 36°57_34_E),1,motorcycle,-32.916664,17.888674,65.5368750826197,65.61949956431647,23.27
Quality Meat Packers(1°15_10_S 36°57_34_E)\Quality Meat Packers(1°15_10_S 36°57_34_E)--1-35.wav,QUALITY MEAT PACKERS(1°15_10_S 36°57_34_E),3,SUV,-32.98334,17.36696,65.5368750826197,65.61949956431647,23.27
Quality Meat Packers(1°15_10_S 36°57_34_E)\Quality Meat Packers(1°15_10_S 36°57_34_E)--1-36.wav,QUALITY MEAT PACKERS(1°15_10_S 36°57_34_E),1,motorcycle,-33.04093,19.899954,65.5368750826197,65.61949956431647,23.27
Quality Meat Packers(1°15_10_S 36°57_34_E)\Quality Meat Packers(1°15_10_S 36°57_34_E)--1-37.wav,QUALITY MEAT PACKERS(1°15_10_S 36°57_34_E),9,PSV,-31.601954,21.121613,65.5368750826197,65.61949956431647,23.27
Quality Meat Packers(1°15_10_S 36°57_34_E)\Quality Meat Packers(1°15_10_S 36°57_34_E)--1-38.wav,QUALITY MEAT PACKERS(1°15_10_S 36°57_34_E),9,PSV,-30.961391,20.449392,65.5368750826197,65.61949956431647,23.27
Quality Meat Packers(1°15_10_S 36°57_34_E)\Quality Meat Packers(1°15_10_S 36°57_34_E)--1-39.wav,QUALITY MEAT PACKERS(1°15_10_S 36°57_34_E),1,motorcycle,-31.095615,18.603783,65.5368750826197,65.61949956431647,23.27
Quality Meat Packers(1°15_10_S 36°57_34_E)\Quality Meat Packers(1°15_10_S 36°57_34_E)--1-40.wav,QUALITY MEAT PACKERS(1°15_10_S 36°57_34_E),1,motorcycle,-34.76649,16.91238,65.5368750826197,65.61949956431647,23.27
Quality Meat Packers(1°15_10_S 36°57_34_E)\Quality Meat Packers(1°15_10_S 36°57_34_E)--1-41.wav,QUALITY MEAT PACKERS(1°15_10_S 36°57_34_E),1,motorcycle,-31.54094,17.755201,65.5368750826197,65.61949956431647,23.27
Quality Meat Packers(1°15_10_S 36°57_34_E)\Quality Meat Packers(1°15_10_S 36°57_34_E)--1-42.wav,QUALITY MEAT PACKERS(1°15_10_S 36°57_34_E),9,PSV,-31.881958,15.555739,65.5368750826197,65.61949956431647,23.27
Quality Meat Packers(1°15_10_S 36°57_34_E)\Quality Meat Packers(1°15_10_S 36°57_34_E)--1-43.wav,QUALITY MEAT PACKERS(1°15_10_S 36°57_34_E),1,motorcycle,-30.579792,17.889631,65.5368750826197,65.61949956431647,23.27
Quality Meat Packers(1°15_10_S 36°57_34_E)\Quality Meat Packers(1°15_10_S 36°57_34_E)--1-44.wav,QUALITY MEAT PACKERS(1°15_10_S 36°57_34_E),2,private car,-28.84295,18.725275,65.5368750826197,65.61949956431647,23.27
Quality Meat Packers(1°15_10_S 36°57_34_E)\Quality Meat Packers(1°15_10_S 36°57_34_E)--1-45.wav,QUALITY MEAT PACKERS(1°15_10_S 36°57_34_E),2,private car,-32.9013,17.276892,65.5368750826197,65.61949956431647,23.27
Quality Meat Packers(1°15_10_S 36°57_34_E)\Quality Meat Packers(1°15_10_S 36°57_34_E)--1-46.wav,QUALITY MEAT PACKERS(1°15_10_S 36°57_34_E),1,motorcycle,-36.24398,19.295992,65.5368750826197,65.61949956431647,23.27
Quality Meat Packers(1°15_10_S 36°57_34_E)\Quality Meat Packers(1°15_10_S 36°57_34_E)--1-47.wav,QUALITY MEAT PACKERS(1°15_10_S 36°57_34_E),6,medium truck,-36.20514,17.81599,65.5368750826197,65.61949956431647,23.27
Quality Meat Packers(1°15_10_S 36°57_34_E)\Quality Meat Packers(1°15_10_S 36°57_34_E)--1-48.wav,QUALITY MEAT PACKERS(1°15_10_S 36°57_34_E),6,medium truck,-32.396637,16.958145,65.5368750826197,65.61949956431647,23.27
Quality Meat Packers(1°15_10_S 36°57_34_E)\Quality Meat Packers(1°15_10_S 36°57_34_E)--1-49.wav,QUALITY MEAT PACKERS(1°15_10_S 36°57_34_E),9,PSV,-34.9889,17.647608,65.5368750826197,65.61949956431647,23.27
Quality Meat Packers(1°15_10_S 36°57_34_E)\Quality Meat Packers(1°15_10_S 36°57_34_E)--1-50.wav,QUALITY MEAT PACKERS(1°15_10_S 36°57_34_E),9,PSV,-32.67032,18.442106,65.5368750826197,65.61949956431647,23.27
Quality Meat Packers(1°15_10_S 36°57_34_E)\Quality Meat Packers(1°15_10_S 36°57_34_E)--1-51.wav,QUALITY MEAT PACKERS(1°15_10_S 36°57_34_E),6,medium truck,-36.560593,20.287554,65.5368750826197,65.61949956431647,23.27
Quality Meat Packers(1°15_10_S 36°57_34_E)\Quality Meat Packers(1°15_10_S 36°57_34_E)--1-1609.wav,QUALITY MEAT PACKERS(1°15_10_S 36°57_34_E),6,medium truck,-35.348335,21.696169,65.5368750826197,65.61949956431647,23.27
RailaOdinga Rd nxt toTotal (1°18_48_S36°48_45_E)\RailaOdinga Rd nxt toTotal (1°18_48_S36°48_45_E)--1-0.wav,RAILAODINGA RD NXT TOTOTAL (1°18_48_S36°48_45_E),2,private car,-32.32734,18.36112,69.29907287220138,69.50130101666498,56.18
RailaOdinga Rd nxt toTotal (1°18_48_S36°48_45_E)\RailaOdinga Rd nxt toTotal (1°18_48_S36°48_45_E)--1-1.wav,RAILAODINGA RD NXT TOTOTAL (1°18_48_S36°48_45_E),9,PSV,-37.175007,18.0551,69.29907287220138,69.50130101666498,56.18
RailaOdinga Rd nxt toTotal (1°18_48_S36°48_45_E)\RailaOdinga Rd nxt toTotal (1°18_48_S36°48_45_E)--1-2.wav,RAILAODINGA RD NXT TOTOTAL (1°18_48_S36°48_45_E),3,SUV,-33.996136,17.922771,69.29907287220138,69.50130101666498,56.18
RailaOdinga Rd nxt toTotal (1°18_48_S36°48_45_E)\RailaOdinga Rd nxt toTotal (1°18_48_S36°48_45_E)--1-3.wav,RAILAODINGA RD NXT TOTOTAL (1°18_48_S36°48_45_E),2,private car,-35.139503,17.89566,69.29907287220138,69.50130101666498,56.18
RailaOdinga Rd nxt toTotal (1°18_48_S36°48_45_E)\RailaOdinga Rd nxt toTotal (1°18_48_S36°48_45_E)--1-4.wav,RAILAODINGA RD NXT TOTOTAL (1°18_48_S36°48_45_E),2,private car,-35.01969,18.52839,69.29907287220138,69.50130101666498,56.18
RailaOdinga Rd nxt toTotal (1°18_48_S36°48_45_E)\RailaOdinga Rd nxt toTotal (1°18_48_S36°48_45_E)--1-5.wav,RAILAODINGA RD NXT TOTOTAL (1°18_48_S36°48_45_E),2,private car,-37.527264,18.286419,69.29907287220138,69.50130101666498,56.18
RailaOdinga Rd nxt toTotal (1°18_48_S36°48_45_E)\RailaOdinga Rd nxt toTotal (1°18_48_S36°48_45_E)--1-6.wav,RAILAODINGA RD NXT TOTOTAL (1°18_48_S36°48_45_E),1,motorcycle,-36.81551,20.114613,69.29907287220138,69.50130101666498,56.18
RailaOdinga Rd nxt toTotal (1°18_48_S36°48_45_E)\RailaOdinga Rd nxt toTotal (1°18_48_S36°48_45_E)--1-7.wav,RAILAODINGA RD NXT TOTOTAL (1°18_48_S36°48_45_E),2,private car,-36.501404,19.748518,69.29907287220138,69.50130101666498,56.18
RailaOdinga Rd nxt toTotal (1°18_48_S36°48_45_E)\RailaOdinga Rd nxt toTotal (1°18_48_S36°48_45_E)--1-8.wav,RAILAODINGA RD NXT TOTOTAL (1°18_48_S36°48_45_E),2,private car,-36.104374,17.861914,69.29907287220138,69.50130101666498,56.18
RailaOdinga Rd nxt toTotal (1°18_48_S36°48_45_E)\RailaOdinga Rd nxt toTotal (1°18_48_S36°48_45_E)--1-9.wav,RAILAODINGA RD NXT TOTOTAL (1°18_48_S36°48_45_E),2,private car,-33.433754,18.230022,69.29907287220138,69.50130101666498,56.18
RailaOdinga Rd nxt toTotal (1°18_48_S36°48_45_E)\RailaOdinga Rd nxt toTotal (1°18_48_S36°48_45_E)--1-10.wav,RAILAODINGA RD NXT TOTOTAL (1°18_48_S36°48_45_E),2,private car,-35.6055,18.652132,69.29907287220138,69.50130101666498,56.18
RailaOdinga Rd nxt toTotal (1°18_48_S36°48_45_E)\RailaOdinga Rd nxt toTotal (1°18_48_S36°48_45_E)--1-11.wav,RAILAODINGA RD NXT TOTOTAL (1°18_48_S36°48_45_E),1,motorcycle,-35.497765,17.912863,69.29907287220138,69.50130101666498,56.18
RailaOdinga Rd nxt toTotal (1°18_48_S36°48_45_E)\RailaOdinga Rd nxt toTotal (1°18_48_S36°48_45_E)--1-12.wav,RAILAODINGA RD NXT TOTOTAL (1°18_48_S36°48_45_E),9,PSV,-35.624794,16.755228,69.29907287220138,69.50130101666498,56.18
RailaOdinga Rd nxt toTotal (1°18_48_S36°48_45_E)\RailaOdinga Rd nxt toTotal (1°18_48_S36°48_45_E)--1-13.wav,RAILAODINGA RD NXT TOTOTAL (1°18_48_S36°48_45_E),1,motorcycle,-35.523285,18.559332,69.29907287220138,69.50130101666498,56.18
RailaOdinga Rd nxt toTotal (1°18_48_S36°48_45_E)\RailaOdinga Rd nxt toTotal (1°18_48_S36°48_45_E)--1-14.wav,RAILAODINGA RD NXT TOTOTAL (1°18_48_S36°48_45_E),3,SUV,-34.742386,18.199045,69.29907287220138,69.50130101666498,56.18
RailaOdinga Rd nxt toTotal (1°18_48_S36°48_45_E)\RailaOdinga Rd nxt toTotal (1°18_48_S36°48_45_E)--1-15.wav,RAILAODINGA RD NXT TOTOTAL (1°18_48_S36°48_45_E),2,private car,-35.938984,18.647707,69.29907287220138,69.50130101666498,56.18
RailaOdinga Rd nxt toTotal (1°18_48_S36°48_45_E)\RailaOdinga Rd nxt toTotal (1°18_48_S36°48_45_E)--1-16.wav,RAILAODINGA RD NXT TOTOTAL (1°18_48_S36°48_45_E),2,private car,-33.419838,18.035797,69.29907287220138,69.50130101666498,56.18
RailaOdinga Rd nxt toTotal (1°18_48_S36°48_45_E)\RailaOdinga Rd nxt toTotal (1°18_48_S36°48_45_E)--1-17.wav,RAILAODINGA RD NXT TOTOTAL (1°18_48_S36°48_45_E),2,private car,-34.606956,19.08149,69.29907287220138,69.50130101666498,56.18
RailaOdinga Rd nxt toTotal (1°18_48_S36°48_45_E)\RailaOdinga Rd nxt toTotal (1°18_48_S36°48_45_E)--1-18.wav,RAILAODINGA RD NXT TOTOTAL (1°18_48_S36°48_45_E),1,motorcycle,-36.6802,16.456028,69.29907287220138,69.50130101666498,56.18
RailaOdinga Rd nxt toTotal (1°18_48_S36°48_45_E)\RailaOdinga Rd nxt toTotal (1°18_48_S36°48_45_E)--1-19.wav,RAILAODINGA RD NXT TOTOTAL (1°18_48_S36°48_45_E),2,private car,-36.623596,17.349277,69.29907287220138,69.50130101666498,56.18
RailaOdinga Rd nxt toTotal (1°18_48_S36°48_45_E)\RailaOdinga Rd nxt toTotal (1°18_48_S36°48_45_E)--1-20.wav,RAILAODINGA RD NXT TOTOTAL (1°18_48_S36°48_45_E),3,SUV,-36.42518,18.893812,69.29907287220138,69.50130101666498,56.18
RailaOdinga Rd nxt toTotal (1°18_48_S36°48_45_E)\RailaOdinga Rd nxt toTotal (1°18_48_S36°48_45_E)--1-21.wav,RAILAODINGA RD NXT TOTOTAL (1°18_48_S36°48_45_E),2,private car,-37.749317,18.178776,69.29907287220138,69.50130101666498,56.18
RailaOdinga Rd nxt toTotal (1°18_48_S36°48_45_E)\RailaOdinga Rd nxt toTotal (1°18_48_S36°48_45_E)--1-22.wav,RAILAODINGA RD NXT TOTOTAL (1°18_48_S36°48_45_E),1,motorcycle,-39.422413,18.51559,69.29907287220138,69.50130101666498,56.18
RailaOdinga Rd nxt toTotal (1°18_48_S36°48_45_E)\RailaOdinga Rd nxt toTotal (1°18_48_S36°48_45_E)--1-23.wav,RAILAODINGA RD NXT TOTOTAL (1°18_48_S36°48_45_E),2,private car,-34.881046,20.548084,69.29907287220138,69.50130101666498,56.18
RailaOdinga Rd nxt toTotal (1°18_48_S36°48_45_E)\RailaOdinga Rd nxt toTotal (1°18_48_S36°48_45_E)--1-24.wav,RAILAODINGA RD NXT TOTOTAL (1°18_48_S36°48_45_E),2,private car,-37.68566,17.857214,69.29907287220138,69.50130101666498,56.18
RailaOdinga Rd nxt toTotal (1°18_48_S36°48_45_E)\RailaOdinga Rd nxt toTotal (1°18_48_S36°48_45_E)--1-25.wav,RAILAODINGA RD NXT TOTOTAL (1°18_48_S36°48_45_E),2,private car,-38.48403,18.830164,69.29907287220138,69.50130101666498,56.18
RailaOdinga Rd nxt toTotal (1°18_48_S36°48_45_E)\RailaOdinga Rd nxt toTotal (1°18_48_S36°48_45_E)--1-26.wav,RAILAODINGA RD NXT TOTOTAL (1°18_48_S36°48_45_E),2,private car,-37.128166,18.580482,69.29907287220138,69.50130101666498,56.18
RailaOdinga Rd nxt toTotal (1°18_48_S36°48_45_E)\RailaOdinga Rd nxt toTotal (1°18_48_S36°48_45_E)--1-27.wav,RAILAODINGA RD NXT TOTOTAL (1°18_48_S36°48_45_E),2,private car,-33.75945,15.811962,69.29907287220138,69.50130101666498,56.18
RailaOdinga Rd nxt toTotal (1°18_48_S36°48_45_E)\RailaOdinga Rd nxt toTotal (1°18_48_S36°48_45_E)--1-28.wav,RAILAODINGA RD NXT TOTOTAL (1°18_48_S36°48_45_E),2,private car,-36.284737,18.75467,69.29907287220138,69.50130101666498,56.18
RailaOdinga Rd nxt toTotal (1°18_48_S36°48_45_E)\RailaOdinga Rd nxt toTotal (1°18_48_S36°48_45_E)--1-29.wav,RAILAODINGA RD NXT TOTOTAL (1°18_48_S36°48_45_E),2,private car,-36.98623,19.271889,69.29907287220138,69.50130101666498,56.18
RailaOdinga Rd nxt toTotal (1°18_48_S36°48_45_E)\RailaOdinga Rd nxt toTotal (1°18_48_S36°48_45_E)--1-30.wav,RAILAODINGA RD NXT TOTOTAL (1°18_48_S36°48_45_E),9,PSV,-37.98407,21.358822,69.29907287220138,69.50130101666498,56.18
RailaOdinga Rd nxt toTotal (1°18_48_S36°48_45_E)\RailaOdinga Rd nxt toTotal (1°18_48_S36°48_45_E)--1-31.wav,RAILAODINGA RD NXT TOTOTAL (1°18_48_S36°48_45_E),3,SUV,-31.872372,18.793064,69.29907287220138,69.50130101666498,56.18
RailaOdinga Rd nxt toTotal (1°18_48_S36°48_45_E)\RailaOdinga Rd nxt toTotal (1°18_48_S36°48_45_E)--1-32.wav,RAILAODINGA RD NXT TOTOTAL (1°18_48_S36°48_45_E),1,motorcycle,-36.798473,19.399424,69.29907287220138,69.50130101666498,56.18
RailaOdinga Rd nxt toTotal (1°18_48_S36°48_45_E)\RailaOdinga Rd nxt toTotal (1°18_48_S36°48_45_E)--1-33.wav,RAILAODINGA RD NXT TOTOTAL (1°18_48_S36°48_45_E),9,PSV,-31.558084,19.182615,69.29907287220138,69.50130101666498,56.18
RailaOdinga Rd nxt toTotal (1°18_48_S36°48_45_E)\RailaOdinga Rd nxt toTotal (1°18_48_S36°48_45_E)--1-34.wav,RAILAODINGA RD NXT TOTOTAL (1°18_48_S36°48_45_E),9,PSV,-32.319183,19.585453,69.29907287220138,69.50130101666498,56.18
RailaOdinga Rd nxt toTotal (1°18_48_S36°48_45_E)\RailaOdinga Rd nxt toTotal (1°18_48_S36°48_45_E)--1-35.wav,RAILAODINGA RD NXT TOTOTAL (1°18_48_S36°48_45_E),2,private car,-29.055126,18.340008,69.29907287220138,69.50130101666498,56.18
RailaOdinga Rd nxt toTotal (1°18_48_S36°48_45_E)\RailaOdinga Rd nxt toTotal (1°18_48_S36°48_45_E)--1-36.wav,RAILAODINGA RD NXT TOTOTAL (1°18_48_S36°48_45_E),2,private car,-31.59527,18.95374,69.29907287220138,69.50130101666498,56.18
RailaOdinga Rd nxt toTotal (1°18_48_S36°48_45_E)\RailaOdinga Rd nxt toTotal (1°18_48_S36°48_45_E)--1-37.wav,RAILAODINGA RD NXT TOTOTAL (1°18_48_S36°48_45_E),2,private car,-36.85013,18.308529,69.29907287220138,69.50130101666498,56.18
RailaOdinga Rd nxt toTotal (1°18_48_S36°48_45_E)\RailaOdinga Rd nxt toTotal (1°18_48_S36°48_45_E)--1-38.wav,RAILAODINGA RD NXT TOTOTAL (1°18_48_S36°48_45_E),3,SUV,-34.958103,18.016598,69.29907287220138,69.50130101666498,56.18
RailaOdinga Rd nxt toTotal (1°18_48_S36°48_45_E)\RailaOdinga Rd nxt toTotal (1°18_48_S36°48_45_E)--1-39.wav,RAILAODINGA RD NXT TOTOTAL (1°18_48_S36°48_45_E),3,SUV,-34.773495,18.445564,69.29907287220138,69.50130101666498,56.18
RailaOdinga Rd nxt toTotal (1°18_48_S36°48_45_E)\RailaOdinga Rd nxt toTotal (1°18_48_S36°48_45_E)--1-40.wav,RAILAODINGA RD NXT TOTOTAL (1°18_48_S36°48_45_E),2,private car,-35.24575,19.085094,69.29907287220138,69.50130101666498,56.18
RailaOdinga Rd nxt toTotal (1°18_48_S36°48_45_E)\RailaOdinga Rd nxt toTotal (1°18_48_S36°48_45_E)--1-41.wav,RAILAODINGA RD NXT TOTOTAL (1°18_48_S36°48_45_E),2,private car,-38.74372,19.116814,69.29907287220138,69.50130101666498,56.18
RailaOdinga Rd nxt toTotal (1°18_48_S36°48_45_E)\RailaOdinga Rd nxt toTotal (1°18_48_S36°48_45_E)--1-42.wav,RAILAODINGA RD NXT TOTOTAL (1°18_48_S36°48_45_E),2,private car,-39.515358,18.082676,69.29907287220138,69.50130101666498,56.18
RailaOdinga Rd nxt toTotal (1°18_48_S36°48_45_E)\RailaOdinga Rd nxt toTotal (1°18_48_S36°48_45_E)--1-43.wav,RAILAODINGA RD NXT TOTOTAL (1°18_48_S36°48_45_E),3,SUV,-39.79493,18.427103,69.29907287220138,69.50130101666498,56.18
RailaOdinga Rd nxt toTotal (1°18_48_S36°48_45_E)\RailaOdinga Rd nxt toTotal (1°18_48_S36°48_45_E)--1-44.wav,RAILAODINGA RD NXT TOTOTAL (1°18_48_S36°48_45_E),9,PSV,-36.909447,18.637163,69.29907287220138,69.50130101666498,56.18
RailaOdinga Rd nxt toTotal (1°18_48_S36°48_45_E)\RailaOdinga Rd nxt toTotal (1°18_48_S36°48_45_E)--1-45.wav,RAILAODINGA RD NXT TOTOTAL (1°18_48_S36°48_45_E),9,PSV,-36.859653,19.266392,69.29907287220138,69.50130101666498,56.18
RailaOdinga Rd nxt toTotal (1°18_48_S36°48_45_E)\RailaOdinga Rd nxt toTotal (1°18_48_S36°48_45_E)--1-46.wav,RAILAODINGA RD NXT TOTOTAL (1°18_48_S36°48_45_E),3,SUV,-35.429123,19.379011,69.29907287220138,69.50130101666498,56.18
RailaOdinga Rd nxt toTotal (1°18_48_S36°48_45_E)\RailaOdinga Rd nxt toTotal (1°18_48_S36°48_45_E)--1-47.wav,RAILAODINGA RD NXT TOTOTAL (1°18_48_S36°48_45_E),1,motorcycle,-38.12519,18.919691,69.29907287220138,69.50130101666498,56.18
RailaOdinga Rd nxt toTotal (1°18_48_S36°48_45_E)\RailaOdinga Rd nxt toTotal (1°18_48_S36°48_45_E)--1-48.wav,RAILAODINGA RD NXT TOTOTAL (1°18_48_S36°48_45_E),2,private car,-38.51255,18.965708,69.29907287220138,69.50130101666498,56.18
RailaOdinga Rd nxt toTotal (1°18_48_S36°48_45_E)\RailaOdinga Rd nxt toTotal (1°18_48_S36°48_45_E)--1-49.wav,RAILAODINGA RD NXT TOTOTAL (1°18_48_S36°48_45_E),2,private car,-37.92788,19.044321,69.29907287220138,69.50130101666498,56.18
RailaOdinga Rd nxt toTotal (1°18_48_S36°48_45_E)\RailaOdinga Rd nxt toTotal (1°18_48_S36°48_45_E)--1-1660.wav,RAILAODINGA RD NXT TOTOTAL (1°18_48_S36°48_45_E),1,motorcycle,-38.284126,19.381056,69.29907287220138,69.50130101666498,56.18
Ruaka (1°12_01_ S 36°47_05_E)\Ruaka (1°12_01_ S 36°47_05_E)--1-0.wav,RUAKA (1°12_01_ S 36°47_05_E),2,private car,-37.206333,15.86855,65.9968492142221,66.17218824812849,48.86
Ruaka (1°12_01_ S 36°47_05_E)\Ruaka (1°12_01_ S 36°47_05_E)--1-1.wav,RUAKA (1°12_01_ S 36°47_05_E),9,PSV,-37.42218,16.33928,65.9968492142221,66.17218824812849,48.86
Ruaka (1°12_01_ S 36°47_05_E)\Ruaka (1°12_01_ S 36°47_05_E)--1-2.wav,RUAKA (1°12_01_ S 36°47_05_E),1,motorcycle,-39.87673,17.586044,65.9968492142221,66.17218824812849,48.86
Ruaka (1°12_01_ S 36°47_05_E)\Ruaka (1°12_01_ S 36°47_05_E)--1-3.wav,RUAKA (1°12_01_ S 36°47_05_E),2,private car,-38.31856,18.008371,65.9968492142221,66.17218824812849,48.86
Ruaka (1°12_01_ S 36°47_05_E)\Ruaka (1°12_01_ S 36°47_05_E)--1-4.wav,RUAKA (1°12_01_ S 36°47_05_E),2,private car,-35.059986,18.264904,65.9968492142221,66.17218824812849,48.86
Ruaka (1°12_01_ S 36°47_05_E)\Ruaka (1°12_01_ S 36°47_05_E)--1-5.wav,RUAKA (1°12_01_ S 36°47_05_E),1,motorcycle,-38.073082,16.86558,65.9968492142221,66.17218824812849,48.86
Ruaka (1°12_01_ S 36°47_05_E)\Ruaka (1°12_01_ S 36°47_05_E)--1-6.wav,RUAKA (1°12_01_ S 36°47_05_E),1,motorcycle,-36.287224,20.453007,65.9968492142221,66.17218824812849,48.86
Ruaka (1°12_01_ S 36°47_05_E)\Ruaka (1°12_01_ S 36°47_05_E)--1-7.wav,RUAKA (1°12_01_ S 36°47_05_E),2,private car,-35.02455,19.161926,65.9968492142221,66.17218824812849,48.86
Ruaka (1°12_01_ S 36°47_05_E)\Ruaka (1°12_01_ S 36°47_05_E)--1-8.wav,RUAKA (1°12_01_ S 36°47_05_E),2,private car,-31.85471,18.496935,65.9968492142221,66.17218824812849,48.86
Ruaka (1°12_01_ S 36°47_05_E)\Ruaka (1°12_01_ S 36°47_05_E)--1-9.wav,RUAKA (1°12_01_ S 36°47_05_E),1,motorcycle,-34.272564,19.050491,65.9968492142221,66.17218824812849,48.86
Ruaka (1°12_01_ S 36°47_05_E)\Ruaka (1°12_01_ S 36°47_05_E)--1-10.wav,RUAKA (1°12_01_ S 36°47_05_E),1,motorcycle,-34.0079,22.48029,65.9968492142221,66.17218824812849,48.86
Ruaka (1°12_01_ S 36°47_05_E)\Ruaka (1°12_01_ S 36°47_05_E)--1-11.wav,RUAKA (1°12_01_ S 36°47_05_E),1,motorcycle,-36.03424,22.366083,65.9968492142221,66.17218824812849,48.86
Ruaka (1°12_01_ S 36°47_05_E)\Ruaka (1°12_01_ S 36°47_05_E)--1-12.wav,RUAKA (1°12_01_ S 36°47_05_E),2,private car,-38.904083,18.78651,65.9968492142221,66.17218824812849,48.86
Ruaka (1°12_01_ S 36°47_05_E)\Ruaka (1°12_01_ S 36°47_05_E)--1-13.wav,RUAKA (1°12_01_ S 36°47_05_E),2,private car,-38.059246,17.276825,65.9968492142221,66.17218824812849,48.86
Ruaka (1°12_01_ S 36°47_05_E)\Ruaka (1°12_01_ S 36°47_05_E)--1-14.wav,RUAKA (1°12_01_ S 36°47_05_E),2,private car,-39.862915,18.246208,65.9968492142221,66.17218824812849,48.86
Ruaka (1°12_01_ S 36°47_05_E)\Ruaka (1°12_01_ S 36°47_05_E)--1-15.wav,RUAKA (1°12_01_ S 36°47_05_E),3,SUV,-36.220345,17.685303,65.9968492142221,66.17218824812849,48.86
Ruaka (1°12_01_ S 36°47_05_E)\Ruaka (1°12_01_ S 36°47_05_E)--1-16.wav,RUAKA (1°12_01_ S 36°47_05_E),1,motorcycle,-33.570183,17.681679,65.9968492142221,66.17218824812849,48.86
Ruaka (1°12_01_ S 36°47_05_E)\Ruaka (1°12_01_ S 36°47_05_E)--1-17.wav,RUAKA (1°12_01_ S 36°47_05_E),2,private car,-36.043102,18.418936,65.9968492142221,66.17218824812849,48.86
Ruaka (1°12_01_ S 36°47_05_E)\Ruaka (1°12_01_ S 36°47_05_E)--1-18.wav,RUAKA (1°12_01_ S 36°47_05_E),2,private car,-38.51458,17.830282,65.9968492142221,66.17218824812849,48.86
Ruaka (1°12_01_ S 36°47_05_E)\Ruaka (1°12_01_ S 36°47_05_E)--1-19.wav,RUAKA (1°12_01_ S 36°47_05_E),2,private car,-36.861336,18.52445,65.9968492142221,66.17218824812849,48.86
Ruaka (1°12_01_ S 36°47_05_E)\Ruaka (1°12_01_ S 36°47_05_E)--1-20.wav,RUAKA (1°12_01_ S 36°47_05_E),2,private car,-36.285225,17.969767,65.9968492142221,66.17218824812849,48.86
Ruaka (1°12_01_ S 36°47_05_E)\Ruaka (1°12_01_ S 36°47_05_E)--1-21.wav,RUAKA (1°12_01_ S 36°47_05_E),2,private car,-33.615143,20.862715,65.9968492142221,66.17218824812849,48.86
Ruaka (1°12_01_ S 36°47_05_E)\Ruaka (1°12_01_ S 36°47_05_E)--1-22.wav,RUAKA (1°12_01_ S 36°47_05_E),2,private car,-37.05175,17.629883,65.9968492142221,66.17218824812849,48.86
Ruaka (1°12_01_ S 36°47_05_E)\Ruaka (1°12_01_ S 36°47_05_E)--1-23.wav,RUAKA (1°12_01_ S 36°47_05_E),1,motorcycle,-38.762722,20.805729,65.9968492142221,66.17218824812849,48.86
Ruaka (1°12_01_ S 36°47_05_E)\Ruaka (1°12_01_ S 36°47_05_E)--1-24.wav,RUAKA (1°12_01_ S 36°47_05_E),1,motorcycle,-37.363045,20.277374,65.9968492142221,66.17218824812849,48.86
Ruaka (1°12_01_ S 36°47_05_E)\Ruaka (1°12_01_ S 36°47_05_E)--1-25.wav,RUAKA (1°12_01_ S 36°47_05_E),2,private car,-39.08068,18.134943,65.9968492142221,66.17218824812849,48.86
Ruaka (1°12_01_ S 36°47_05_E)\Ruaka (1°12_01_ S 36°47_05_E)--1-26.wav,RUAKA (1°12_01_ S 36°47_05_E),2,private car,-40.228584,18.105494,65.9968492142221,66.17218824812849,48.86
Ruaka (1°12_01_ S 36°47_05_E)\Ruaka (1°12_01_ S 36°47_05_E)--1-27.wav,RUAKA (1°12_01_ S 36°47_05_E),1,motorcycle,-38.930046,16.81426,65.9968492142221,66.17218824812849,48.86
Ruaka (1°12_01_ S 36°47_05_E)\Ruaka (1°12_01_ S 36°47_05_E)--1-28.wav,RUAKA (1°12_01_ S 36°47_05_E),1,motorcycle,-36.860596,16.930525,65.9968492142221,66.17218824812849,48.86
Ruaka (1°12_01_ S 36°47_05_E)\Ruaka (1°12_01_ S 36°47_05_E)--1-29.wav,RUAKA (1°12_01_ S 36°47_05_E),2,private car,-31.865154,18.644024,65.9968492142221,66.17218824812849,48.86
Ruaka (1°12_01_ S 36°47_05_E)\Ruaka (1°12_01_ S 36°47_05_E)--1-30.wav,RUAKA (1°12_01_ S 36°47_05_E),2,private car,-35.28709,18.428787,65.9968492142221,66.17218824812849,48.86
Ruaka (1°12_01_ S 36°47_05_E)\Ruaka (1°12_01_ S 36°47_05_E)--1-31.wav,RUAKA (1°12_01_ S 36°47_05_E),2,private car,-35.931805,17.211878,65.9968492142221,66.17218824812849,48.86
Ruaka (1°12_01_ S 36°47_05_E)\Ruaka (1°12_01_ S 36°47_05_E)--1-32.wav,RUAKA (1°12_01_ S 36°47_05_E),1,motorcycle,-34.607494,17.952692,65.9968492142221,66.17218824812849,48.86
Ruaka (1°12_01_ S 36°47_05_E)\Ruaka (1°12_01_ S 36°47_05_E)--1-33.wav,RUAKA (1°12_01_ S 36°47_05_E),1,motorcycle,-32.761143,19.899622,65.9968492142221,66.17218824812849,48.86
Ruaka (1°12_01_ S 36°47_05_E)\Ruaka (1°12_01_ S 36°47_05_E)--1-34.wav,RUAKA (1°12_01_ S 36°47_05_E),1,motorcycle,-37.389412,20.067087,65.9968492142221,66.17218824812849,48.86
Ruaka (1°12_01_ S 36°47_05_E)\Ruaka (1°12_01_ S 36°47_05_E)--1-35.wav,RUAKA (1°12_01_ S 36°47_05_E),9,PSV,-36.766457,18.134691,65.9968492142221,66.17218824812849,48.86
Ruaka (1°12_01_ S 36°47_05_E)\Ruaka (1°12_01_ S 36°47_05_E)--1-36.wav,RUAKA (1°12_01_ S 36°47_05_E),2,private car,-37.088264,18.22787,65.9968492142221,66.17218824812849,48.86
Ruaka (1°12_01_ S 36°47_05_E)\Ruaka (1°12_01_ S 36°47_05_E)--1-37.wav,RUAKA (1°12_01_ S 36°47_05_E),4,pickup,-35.44475,15.537799,65.9968492142221,66.17218824812849,48.86
Ruaka (1°12_01_ S 36°47_05_E)\Ruaka (1°12_01_ S 36°47_05_E)--1-38.wav,RUAKA (1°12_01_ S 36°47_05_E),2,private car,-32.544598,18.179646,65.9968492142221,66.17218824812849,48.86
Ruaka (1°12_01_ S 36°47_05_E)\Ruaka (1°12_01_ S 36°47_05_E)--1-39.wav,RUAKA (1°12_01_ S 36°47_05_E),1,motorcycle,-33.596664,19.041561,65.9968492142221,66.17218824812849,48.86
Ruaka (1°12_01_ S 36°47_05_E)\Ruaka (1°12_01_ S 36°47_05_E)--1-40.wav,RUAKA (1°12_01_ S 36°47_05_E),2,private car,-36.851604,19.700342,65.9968492142221,66.17218824812849,48.86
Ruaka (1°12_01_ S 36°47_05_E)\Ruaka (1°12_01_ S 36°47_05_E)--1-41.wav,RUAKA (1°12_01_ S 36°47_05_E),2,private car,-32.970406,20.951574,65.9968492142221,66.17218824812849,48.86
Ruaka (1°12_01_ S 36°47_05_E)\Ruaka (1°12_01_ S 36°47_05_E)--1-42.wav,RUAKA (1°12_01_ S 36°47_05_E),2,private car,-28.956024,20.2572,65.9968492142221,66.17218824812849,48.86
Ruaka (1°12_01_ S 36°47_05_E)\Ruaka (1°12_01_ S 36°47_05_E)--1-43.wav,RUAKA (1°12_01_ S 36°47_05_E),9,PSV,-28.6745,17.101173,65.9968492142221,66.17218824812849,48.86
Ruaka (1°12_01_ S 36°47_05_E)\Ruaka (1°12_01_ S 36°47_05_E)--1-44.wav,RUAKA (1°12_01_ S 36°47_05_E),2,private car,-34.20414,17.55128,65.9968492142221,66.17218824812849,48.86
Ruaka (1°12_01_ S 36°47_05_E)\Ruaka (1°12_01_ S 36°47_05_E)--1-45.wav,RUAKA (1°12_01_ S 36°47_05_E),9,PSV,-32.132862,18.122036,65.9968492142221,66.17218824812849,48.86
Ruaka (1°12_01_ S 36°47_05_E)\Ruaka (1°12_01_ S 36°47_05_E)--1-46.wav,RUAKA (1°12_01_ S 36°47_05_E),6,medium truck,-35.458015,19.484837,65.9968492142221,66.17218824812849,48.86
Ruaka (1°12_01_ S 36°47_05_E)\Ruaka (1°12_01_ S 36°47_05_E)--1-47.wav,RUAKA (1°12_01_ S 36°47_05_E),1,motorcycle,-37.27767,21.576653,65.9968492142221,66.17218824812849,48.86
Ruaka (1°12_01_ S 36°47_05_E)\Ruaka (1°12_01_ S 36°47_05_E)--1-48.wav,RUAKA (1°12_01_ S 36°47_05_E),1,motorcycle,-41.44799,21.280739,65.9968492142221,66.17218824812849,48.86
Ruaka (1°12_01_ S 36°47_05_E)\Ruaka (1°12_01_ S 36°47_05_E)--1-49.wav,RUAKA (1°12_01_ S 36°47_05_E),2,private car,-35.302055,18.87956,65.9968492142221,66.17218824812849,48.86
Ruaka (1°12_01_ S 36°47_05_E)\Ruaka (1°12_01_ S 36°47_05_E)--1-50.wav,RUAKA (1°12_01_ S 36°47_05_E),3,SUV,-36.590355,20.160063,65.9968492142221,66.17218824812849,48.86
Ruaka (1°12_01_ S 36°47_05_E)\Ruaka (1°12_01_ S 36°47_05_E)--1-1712.wav,RUAKA (1°12_01_ S 36°47_05_E),2,private car,-38.656048,18.046011,65.9968492142221,66.17218824812849,48.86
Runda (1°12_59_S 36°49_34_E)\Runda (1°12_59_S 36°49_34_E)--1-0.wav,RUNDA (1°12_59_S 36°49_34_E),2,private car,-33.708527,19.806469,66.48806861645129,66.61030465357712,34.27
Runda (1°12_59_S 36°49_34_E)\Runda (1°12_59_S 36°49_34_E)--1-1.wav,RUNDA (1°12_59_S 36°49_34_E),10,other,-35.29259,18.05199,66.48806861645129,66.61030465357712,34.27
Runda (1°12_59_S 36°49_34_E)\Runda (1°12_59_S 36°49_34_E)--1-2.wav,RUNDA (1°12_59_S 36°49_34_E),10,other,-36.115074,16.826876,66.48806861645129,66.61030465357712,34.27
Runda (1°12_59_S 36°49_34_E)\Runda (1°12_59_S 36°49_34_E)--1-3.wav,RUNDA (1°12_59_S 36°49_34_E),2,private car,-36.092167,19.248571,66.48806861645129,66.61030465357712,34.27
Runda (1°12_59_S 36°49_34_E)\Runda (1°12_59_S 36°49_34_E)--1-4.wav,RUNDA (1°12_59_S 36°49_34_E),10,other,-33.604958,19.123503,66.48806861645129,66.61030465357712,34.27
Runda (1°12_59_S 36°49_34_E)\Runda (1°12_59_S 36°49_34_E)--1-5.wav,RUNDA (1°12_59_S 36°49_34_E),10,other,-32.566273,15.709546,66.48806861645129,66.61030465357712,34.27
Runda (1°12_59_S 36°49_34_E)\Runda (1°12_59_S 36°49_34_E)--1-6.wav,RUNDA (1°12_59_S 36°49_34_E),2,private car,-34.135437,16.175936,66.48806861645129,66.61030465357712,34.27
Runda (1°12_59_S 36°49_34_E)\Runda (1°12_59_S 36°49_34_E)--1-7.wav,RUNDA (1°12_59_S 36°49_34_E),2,private car,-30.851349,16.613008,66.48806861645129,66.61030465357712,34.27
Runda (1°12_59_S 36°49_34_E)\Runda (1°12_59_S 36°49_34_E)--1-8.wav,RUNDA (1°12_59_S 36°49_34_E),2,private car,-33.636555,15.589062,66.48806861645129,66.61030465357712,34.27
Runda (1°12_59_S 36°49_34_E)\Runda (1°12_59_S 36°49_34_E)--1-9.wav,RUNDA (1°12_59_S 36°49_34_E),2,private car,-29.024424,18.06876,66.48806861645129,66.61030465357712,34.27
Runda (1°12_59_S 36°49_34_E)\Runda (1°12_59_S 36°49_34_E)--1-10.wav,RUNDA (1°12_59_S 36°49_34_E),2,private car,-31.96294,21.419237,66.48806861645129,66.61030465357712,34.27
Runda (1°12_59_S 36°49_34_E)\Runda (1°12_59_S 36°49_34_E)--1-11.wav,RUNDA (1°12_59_S 36°49_34_E),3,SUV,-26.346043,16.932377,66.48806861645129,66.61030465357712,34.27
Runda (1°12_59_S 36°49_34_E)\Runda (1°12_59_S 36°49_34_E)--1-12.wav,RUNDA (1°12_59_S 36°49_34_E),2,private car,-33.177094,18.719873,66.48806861645129,66.61030465357712,34.27
Runda (1°12_59_S 36°49_34_E)\Runda (1°12_59_S 36°49_34_E)--1-13.wav,RUNDA (1°12_59_S 36°49_34_E),2,private car,-38.82366,18.777494,66.48806861645129,66.61030465357712,34.27
Runda (1°12_59_S 36°49_34_E)\Runda (1°12_59_S 36°49_34_E)--1-14.wav,RUNDA (1°12_59_S 36°49_34_E),1,motorcycle,-33.374794,20.38747,66.48806861645129,66.61030465357712,34.27
Runda (1°12_59_S 36°49_34_E)\Runda (1°12_59_S 36°49_34_E)--1-15.wav,RUNDA (1°12_59_S 36°49_34_E),2,private car,-35.672657,18.091394,66.48806861645129,66.61030465357712,34.27
Runda (1°12_59_S 36°49_34_E)\Runda (1°12_59_S 36°49_34_E)--1-16.wav,RUNDA (1°12_59_S 36°49_34_E),2,private car,-32.395134,19.414078,66.48806861645129,66.61030465357712,34.27
Runda (1°12_59_S 36°49_34_E)\Runda (1°12_59_S 36°49_34_E)--1-17.wav,RUNDA (1°12_59_S 36°49_34_E),1,motorcycle,-30.174036,16.270203,66.48806861645129,66.61030465357712,34.27
Runda (1°12_59_S 36°49_34_E)\Runda (1°12_59_S 36°49_34_E)--1-18.wav,RUNDA (1°12_59_S 36°49_34_E),2,private car,-34.145313,17.136591,66.48806861645129,66.61030465357712,34.27
Runda (1°12_59_S 36°49_34_E)\Runda (1°12_59_S 36°49_34_E)--1-19.wav,RUNDA (1°12_59_S 36°49_34_E),9,PSV,-34.854263,20.823925,66.48806861645129,66.61030465357712,34.27
Runda (1°12_59_S 36°49_34_E)\Runda (1°12_59_S 36°49_34_E)--1-20.wav,RUNDA (1°12_59_S 36°49_34_E),2,private car,-35.607735,18.801819,66.48806861645129,66.61030465357712,34.27
Runda (1°12_59_S 36°49_34_E)\Runda (1°12_59_S 36°49_34_E)--1-21.wav,RUNDA (1°12_59_S 36°49_34_E),2,private car,-31.93775,16.586634,66.48806861645129,66.61030465357712,34.27
Runda (1°12_59_S 36°49_34_E)\Runda (1°12_59_S 36°49_34_E)--1-22.wav,RUNDA (1°12_59_S 36°49_34_E),2,private car,-35.58413,19.085762,66.48806861645129,66.61030465357712,34.27
Runda (1°12_59_S 36°49_34_E)\Runda (1°12_59_S 36°49_34_E)--1-23.wav,RUNDA (1°12_59_S 36°49_34_E),2,private car,-36.70692,17.099207,66.48806861645129,66.61030465357712,34.27
Runda (1°12_59_S 36°49_34_E)\Runda (1°12_59_S 36°49_34_E)--1-24.wav,RUNDA (1°12_59_S 36°49_34_E),2,private car,-36.0972,17.17282,66.48806861645129,66.61030465357712,34.27
Runda (1°12_59_S 36°49_34_E)\Runda (1°12_59_S 36°49_34_E)--1-25.wav,RUNDA (1°12_59_S 36°49_34_E),2,private car,-34.267895,19.439741,66.48806861645129,66.61030465357712,34.27
Runda (1°12_59_S 36°49_34_E)\Runda (1°12_59_S 36°49_34_E)--1-26.wav,RUNDA (1°12_59_S 36°49_34_E),2,private car,-40.256714,21.222353,66.48806861645129,66.61030465357712,34.27
Runda (1°12_59_S 36°49_34_E)\Runda (1°12_59_S 36°49_34_E)--1-27.wav,RUNDA (1°12_59_S 36°49_34_E),2,private car,-27.63451,17.778265,66.48806861645129,66.61030465357712,34.27
Runda (1°12_59_S 36°49_34_E)\Runda (1°12_59_S 36°49_34_E)--1-28.wav,RUNDA (1°12_59_S 36°49_34_E),2,private car,-18.992895,17.778137,66.48806861645129,66.61030465357712,34.27
Runda (1°12_59_S 36°49_34_E)\Runda (1°12_59_S 36°49_34_E)--1-29.wav,RUNDA (1°12_59_S 36°49_34_E),2,private car,-27.719727,19.441027,66.48806861645129,66.61030465357712,34.27
Runda (1°12_59_S 36°49_34_E)\Runda (1°12_59_S 36°49_34_E)--1-30.wav,RUNDA (1°12_59_S 36°49_34_E),2,private car,-29.269886,18.589243,66.48806861645129,66.61030465357712,34.27
Runda (1°12_59_S 36°49_34_E)\Runda (1°12_59_S 36°49_34_E)--1-31.wav,RUNDA (1°12_59_S 36°49_34_E),9,PSV,-30.751827,17.732225,66.48806861645129,66.61030465357712,34.27
Runda (1°12_59_S 36°49_34_E)\Runda (1°12_59_S 36°49_34_E)--1-32.wav,RUNDA (1°12_59_S 36°49_34_E),2,private car,-35.45467,17.90295,66.48806861645129,66.61030465357712,34.27
Runda (1°12_59_S 36°49_34_E)\Runda (1°12_59_S 36°49_34_E)--1-33.wav,RUNDA (1°12_59_S 36°49_34_E),2,private car,-35.635326,20.363562,66.48806861645129,66.61030465357712,34.27
Runda (1°12_59_S 36°49_34_E)\Runda (1°12_59_S 36°49_34_E)--1-34.wav,RUNDA (1°12_59_S 36°49_34_E),1,motorcycle,-34.127098,19.024208,66.48806861645129,66.61030465357712,34.27
Runda (1°12_59_S 36°49_34_E)\Runda (1°12_59_S 36°49_34_E)--1-35.wav,RUNDA (1°12_59_S 36°49_34_E),2,private car,-35.260944,19.819977,66.48806861645129,66.61030465357712,34.27
Runda (1°12_59_S 36°49_34_E)\Runda (1°12_59_S 36°49_34_E)--1-36.wav,RUNDA (1°12_59_S 36°49_34_E),1,motorcycle,-38.07367,21.309963,66.48806861645129,66.61030465357712,34.27
Runda (1°12_59_S 36°49_34_E)\Runda (1°12_59_S 36°49_34_E)--1-37.wav,RUNDA (1°12_59_S 36°49_34_E),1,motorcycle,-37.433002,20.168657,66.48806861645129,66.61030465357712,34.27
Runda (1°12_59_S 36°49_34_E)\Runda (1°12_59_S 36°49_34_E)--1-38.wav,RUNDA (1°12_59_S 36°49_34_E),2,private car,-36.969383,17.168705,66.48806861645129,66.61030465357712,34.27
Runda (1°12_59_S 36°49_34_E)\Runda (1°12_59_S 36°49_34_E)--1-39.wav,RUNDA (1°12_59_S 36°49_34_E),2,private car,-34.485214,18.6348,66.48806861645129,66.61030465357712,34.27
Runda (1°12_59_S 36°49_34_E)\Runda (1°12_59_S 36°49_34_E)--1-40.wav,RUNDA (1°12_59_S 36°49_34_E),2,private car,-37.201607,18.580704,66.48806861645129,66.61030465357712,34.27
Runda (1°12_59_S 36°49_34_E)\Runda (1°12_59_S 36°49_34_E)--1-41.wav,RUNDA (1°12_59_S 36°49_34_E),1,motorcycle,-38.014366,17.213305,66.48806861645129,66.61030465357712,34.27
Runda (1°12_59_S 36°49_34_E)\Runda (1°12_59_S 36°49_34_E)--1-42.wav,RUNDA (1°12_59_S 36°49_34_E),2,private car,-34.518147,19.472437,66.48806861645129,66.61030465357712,34.27
Runda (1°12_59_S 36°49_34_E)\Runda (1°12_59_S 36°49_34_E)--1-43.wav,RUNDA (1°12_59_S 36°49_34_E),2,private car,-38.18455,18.79983,66.48806861645129,66.61030465357712,34.27
Runda (1°12_59_S 36°49_34_E)\Runda (1°12_59_S 36°49_34_E)--1-44.wav,RUNDA (1°12_59_S 36°49_34_E),2,private car,-35.642265,17.291399,66.48806861645129,66.61030465357712,34.27
Runda (1°12_59_S 36°49_34_E)\Runda (1°12_59_S 36°49_34_E)--1-45.wav,RUNDA (1°12_59_S 36°49_34_E),2,private car,-31.473133,18.296762,66.48806861645129,66.61030465357712,34.27
Runda (1°12_59_S 36°49_34_E)\Runda (1°12_59_S 36°49_34_E)--1-46.wav,RUNDA (1°12_59_S 36°49_34_E),2,private car,-32.655785,20.790218,66.48806861645129,66.61030465357712,34.27
Runda (1°12_59_S 36°49_34_E)\Runda (1°12_59_S 36°49_34_E)--1-47.wav,RUNDA (1°12_59_S 36°49_34_E),2,private car,-32.86743,21.826612,66.48806861645129,66.61030465357712,34.27
Runda (1°12_59_S 36°49_34_E)\Runda (1°12_59_S 36°49_34_E)--1-48.wav,RUNDA (1°12_59_S 36°49_34_E),3,SUV,-32.55288,19.693392,66.48806861645129,66.61030465357712,34.27
Runda (1°12_59_S 36°49_34_E)\Runda (1°12_59_S 36°49_34_E)--1-49.wav,RUNDA (1°12_59_S 36°49_34_E),3,SUV,-29.736242,18.627306,66.48806861645129,66.61030465357712,34.27
Runda (1°12_59_S 36°49_34_E)\Runda (1°12_59_S 36°49_34_E)--1-1763.wav,RUNDA (1°12_59_S 36°49_34_E),2,private car,-30.608862,17.341911,66.48806861645129,66.61030465357712,34.27
Southern Bypass (1° 18_ 14_ S 36° 42_ 30_E)\Southern Bypass (1° 18_ 14_ S 36° 42_ 30_E)--1-0.wav,SOUTHERN BYPASS (1° 18_ 14_ S 36° 42_ 30_E),3,SUV,-35.98833,18.29477,68.10710332309606,68.31390298884392,57.42
Southern Bypass (1° 18_ 14_ S 36° 42_ 30_E)\Southern Bypass (1° 18_ 14_ S 36° 42_ 30_E)--1-1.wav,SOUTHERN BYPASS (1° 18_ 14_ S 36° 42_ 30_E),0,bicycle,-28.629894,18.73045,68.10710332309606,68.31390298884392,57.42
Southern Bypass (1° 18_ 14_ S 36° 42_ 30_E)\Southern Bypass (1° 18_ 14_ S 36° 42_ 30_E)--1-2.wav,SOUTHERN BYPASS (1° 18_ 14_ S 36° 42_ 30_E),2,private car,-31.322403,22.533964,68.10710332309606,68.31390298884392,57.42
Southern Bypass (1° 18_ 14_ S 36° 42_ 30_E)\Southern Bypass (1° 18_ 14_ S 36° 42_ 30_E)--1-3.wav,SOUTHERN BYPASS (1° 18_ 14_ S 36° 42_ 30_E),2,private car,-35.070023,18.652138,68.10710332309606,68.31390298884392,57.42
Southern Bypass (1° 18_ 14_ S 36° 42_ 30_E)\Southern Bypass (1° 18_ 14_ S 36° 42_ 30_E)--1-4.wav,SOUTHERN BYPASS (1° 18_ 14_ S 36° 42_ 30_E),3,SUV,-35.56109,17.817684,68.10710332309606,68.31390298884392,57.42
Southern Bypass (1° 18_ 14_ S 36° 42_ 30_E)\Southern Bypass (1° 18_ 14_ S 36° 42_ 30_E)--1-5.wav,SOUTHERN BYPASS (1° 18_ 14_ S 36° 42_ 30_E),2,private car,-34.021065,17.952442,68.10710332309606,68.31390298884392,57.42
Southern Bypass (1° 18_ 14_ S 36° 42_ 30_E)\Southern Bypass (1° 18_ 14_ S 36° 42_ 30_E)--1-6.wav,SOUTHERN BYPASS (1° 18_ 14_ S 36° 42_ 30_E),2,private car,-30.716938,21.597511,68.10710332309606,68.31390298884392,57.42
Southern Bypass (1° 18_ 14_ S 36° 42_ 30_E)\Southern Bypass (1° 18_ 14_ S 36° 42_ 30_E)--1-7.wav,SOUTHERN BYPASS (1° 18_ 14_ S 36° 42_ 30_E),2,private car,-25.063145,19.074926,68.10710332309606,68.31390298884392,57.42
Southern Bypass (1° 18_ 14_ S 36° 42_ 30_E)\Southern Bypass (1° 18_ 14_ S 36° 42_ 30_E)--1-8.wav,SOUTHERN BYPASS (1° 18_ 14_ S 36° 42_ 30_E),2,private car,-29.978632,17.448895,68.10710332309606,68.31390298884392,57.42
Southern Bypass (1° 18_ 14_ S 36° 42_ 30_E)\Southern Bypass (1° 18_ 14_ S 36° 42_ 30_E)--1-9.wav,SOUTHERN BYPASS (1° 18_ 14_ S 36° 42_ 30_E),0,bicycle,-34.07907,18.04217,68.10710332309606,68.31390298884392,57.42
Southern Bypass (1° 18_ 14_ S 36° 42_ 30_E)\Southern Bypass (1° 18_ 14_ S 36° 42_ 30_E)--1-10.wav,SOUTHERN BYPASS (1° 18_ 14_ S 36° 42_ 30_E),1,motorcycle,-28.734762,18.721363,68.10710332309606,68.31390298884392,57.42
Southern Bypass (1° 18_ 14_ S 36° 42_ 30_E)\Southern Bypass (1° 18_ 14_ S 36° 42_ 30_E)--1-11.wav,SOUTHERN BYPASS (1° 18_ 14_ S 36° 42_ 30_E),1,motorcycle,-26.566122,19.988314,68.10710332309606,68.31390298884392,57.42
Southern Bypass (1° 18_ 14_ S 36° 42_ 30_E)\Southern Bypass (1° 18_ 14_ S 36° 42_ 30_E)--1-12.wav,SOUTHERN BYPASS (1° 18_ 14_ S 36° 42_ 30_E),2,private car,-27.803894,18.080256,68.10710332309606,68.31390298884392,57.42
Southern Bypass (1° 18_ 14_ S 36° 42_ 30_E)\Southern Bypass (1° 18_ 14_ S 36° 42_ 30_E)--1-13.wav,SOUTHERN BYPASS (1° 18_ 14_ S 36° 42_ 30_E),6,medium truck,-30.920002,18.732399,68.10710332309606,68.31390298884392,57.42
Southern Bypass (1° 18_ 14_ S 36° 42_ 30_E)\Southern Bypass (1° 18_ 14_ S 36° 42_ 30_E)--1-14.wav,SOUTHERN BYPASS (1° 18_ 14_ S 36° 42_ 30_E),2,private car,-35.71747,18.012714,68.10710332309606,68.31390298884392,57.42
Southern Bypass (1° 18_ 14_ S 36° 42_ 30_E)\Southern Bypass (1° 18_ 14_ S 36° 42_ 30_E)--1-15.wav,SOUTHERN BYPASS (1° 18_ 14_ S 36° 42_ 30_E),2,private car,-36.38743,18.022905,68.10710332309606,68.31390298884392,57.42
Southern Bypass (1° 18_ 14_ S 36° 42_ 30_E)\Southern Bypass (1° 18_ 14_ S 36° 42_ 30_E)--1-16.wav,SOUTHERN BYPASS (1° 18_ 14_ S 36° 42_ 30_E),2,private car,-34.87851,17.771496,68.10710332309606,68.31390298884392,57.42
Southern Bypass (1° 18_ 14_ S 36° 42_ 30_E)\Southern Bypass (1° 18_ 14_ S 36° 42_ 30_E)--1-17.wav,SOUTHERN BYPASS (1° 18_ 14_ S 36° 42_ 30_E),2,private car,-31.98006,17.860315,68.10710332309606,68.31390298884392,57.42
Southern Bypass (1° 18_ 14_ S 36° 42_ 30_E)\Southern Bypass (1° 18_ 14_ S 36° 42_ 30_E)--1-18.wav,SOUTHERN BYPASS (1° 18_ 14_ S 36° 42_ 30_E),9,PSV,-29.59639,18.867136,68.10710332309606,68.31390298884392,57.42
Southern Bypass (1° 18_ 14_ S 36° 42_ 30_E)\Southern Bypass (1° 18_ 14_ S 36° 42_ 30_E)--1-19.wav,SOUTHERN BYPASS (1° 18_ 14_ S 36° 42_ 30_E),3,SUV,-32.075783,17.916962,68.10710332309606,68.31390298884392,57.42
Southern Bypass (1° 18_ 14_ S 36° 42_ 30_E)\Southern Bypass (1° 18_ 14_ S 36° 42_ 30_E)--1-20.wav,SOUTHERN BYPASS (1° 18_ 14_ S 36° 42_ 30_E),2,private car,-27.999744,17.51403,68.10710332309606,68.31390298884392,57.42
Southern Bypass (1° 18_ 14_ S 36° 42_ 30_E)\Southern Bypass (1° 18_ 14_ S 36° 42_ 30_E)--1-21.wav,SOUTHERN BYPASS (1° 18_ 14_ S 36° 42_ 30_E),2,private car,-34.461212,16.33668,68.10710332309606,68.31390298884392,57.42
Southern Bypass (1° 18_ 14_ S 36° 42_ 30_E)\Southern Bypass (1° 18_ 14_ S 36° 42_ 30_E)--1-22.wav,SOUTHERN BYPASS (1° 18_ 14_ S 36° 42_ 30_E),2,private car,-32.572712,18.22266,68.10710332309606,68.31390298884392,57.42
Southern Bypass (1° 18_ 14_ S 36° 42_ 30_E)\Southern Bypass (1° 18_ 14_ S 36° 42_ 30_E)--1-23.wav,SOUTHERN BYPASS (1° 18_ 14_ S 36° 42_ 30_E),2,private car,-37.58331,20.31383,68.10710332309606,68.31390298884392,57.42
Southern Bypass (1° 18_ 14_ S 36° 42_ 30_E)\Southern Bypass (1° 18_ 14_ S 36° 42_ 30_E)--1-24.wav,SOUTHERN BYPASS (1° 18_ 14_ S 36° 42_ 30_E),2,private car,-37.03797,18.927109,68.10710332309606,68.31390298884392,57.42
Southern Bypass (1° 18_ 14_ S 36° 42_ 30_E)\Southern Bypass (1° 18_ 14_ S 36° 42_ 30_E)--1-25.wav,SOUTHERN BYPASS (1° 18_ 14_ S 36° 42_ 30_E),1,motorcycle,-31.801203,21.54877,68.10710332309606,68.31390298884392,57.42
Southern Bypass (1° 18_ 14_ S 36° 42_ 30_E)\Southern Bypass (1° 18_ 14_ S 36° 42_ 30_E)--1-26.wav,SOUTHERN BYPASS (1° 18_ 14_ S 36° 42_ 30_E),1,motorcycle,-27.700375,20.105717,68.10710332309606,68.31390298884392,57.42
Southern Bypass (1° 18_ 14_ S 36° 42_ 30_E)\Southern Bypass (1° 18_ 14_ S 36° 42_ 30_E)--1-27.wav,SOUTHERN BYPASS (1° 18_ 14_ S 36° 42_ 30_E),6,medium truck,-32.032658,17.50845,68.10710332309606,68.31390298884392,57.42
Southern Bypass (1° 18_ 14_ S 36° 42_ 30_E)\Southern Bypass (1° 18_ 14_ S 36° 42_ 30_E)--1-28.wav,SOUTHERN BYPASS (1° 18_ 14_ S 36° 42_ 30_E),2,private car,-34.48568,17.35156,68.10710332309606,68.31390298884392,57.42
Southern Bypass (1° 18_ 14_ S 36° 42_ 30_E)\Southern Bypass (1° 18_ 14_ S 36° 42_ 30_E)--1-29.wav,SOUTHERN BYPASS (1° 18_ 14_ S 36° 42_ 30_E),2,private car,-35.24463,19.568748,68.10710332309606,68.31390298884392,57.42
Southern Bypass (1° 18_ 14_ S 36° 42_ 30_E)\Southern Bypass (1° 18_ 14_ S 36° 42_ 30_E)--1-30.wav,SOUTHERN BYPASS (1° 18_ 14_ S 36° 42_ 30_E),3,SUV,-33.615643,18.662548,68.10710332309606,68.31390298884392,57.42
Southern Bypass (1° 18_ 14_ S 36° 42_ 30_E)\Southern Bypass (1° 18_ 14_ S 36° 42_ 30_E)--1-31.wav,SOUTHERN BYPASS (1° 18_ 14_ S 36° 42_ 30_E),4,pickup,-36.714165,18.750034,68.10710332309606,68.31390298884392,57.42
Southern Bypass (1° 18_ 14_ S 36° 42_ 30_E)\Southern Bypass (1° 18_ 14_ S 36° 42_ 30_E)--1-32.wav,SOUTHERN BYPASS (1° 18_ 14_ S 36° 42_ 30_E),1,motorcycle,-32.835114,20.483677,68.10710332309606,68.31390298884392,57.42
Southern Bypass (1° 18_ 14_ S 36° 42_ 30_E)\Southern Bypass (1° 18_ 14_ S 36° 42_ 30_E)--1-33.wav,SOUTHERN BYPASS (1° 18_ 14_ S 36° 42_ 30_E),1,motorcycle,-34.447712,20.47607,68.10710332309606,68.31390298884392,57.42
Southern Bypass (1° 18_ 14_ S 36° 42_ 30_E)\Southern Bypass (1° 18_ 14_ S 36° 42_ 30_E)--1-34.wav,SOUTHERN BYPASS (1° 18_ 14_ S 36° 42_ 30_E),1,motorcycle,-35.452015,18.35109,68.10710332309606,68.31390298884392,57.42
Southern Bypass (1° 18_ 14_ S 36° 42_ 30_E)\Southern Bypass (1° 18_ 14_ S 36° 42_ 30_E)--1-35.wav,SOUTHERN BYPASS (1° 18_ 14_ S 36° 42_ 30_E),10,other,-36.263355,18.727726,68.10710332309606,68.31390298884392,57.42
Southern Bypass (1° 18_ 14_ S 36° 42_ 30_E)\Southern Bypass (1° 18_ 14_ S 36° 42_ 30_E)--1-36.wav,SOUTHERN BYPASS (1° 18_ 14_ S 36° 42_ 30_E),10,other,-34.680428,18.45584,68.10710332309606,68.31390298884392,57.42
Southern Bypass (1° 18_ 14_ S 36° 42_ 30_E)\Southern Bypass (1° 18_ 14_ S 36° 42_ 30_E)--1-37.wav,SOUTHERN BYPASS (1° 18_ 14_ S 36° 42_ 30_E),2,private car,-31.409496,17.249105,68.10710332309606,68.31390298884392,57.42
Southern Bypass (1° 18_ 14_ S 36° 42_ 30_E)\Southern Bypass (1° 18_ 14_ S 36° 42_ 30_E)--1-38.wav,SOUTHERN BYPASS (1° 18_ 14_ S 36° 42_ 30_E),6,medium truck,-33.53827,18.251053,68.10710332309606,68.31390298884392,57.42
Southern Bypass (1° 18_ 14_ S 36° 42_ 30_E)\Southern Bypass (1° 18_ 14_ S 36° 42_ 30_E)--1-39.wav,SOUTHERN BYPASS (1° 18_ 14_ S 36° 42_ 30_E),9,PSV,-30.82597,16.934538,68.10710332309606,68.31390298884392,57.42
Southern Bypass (1° 18_ 14_ S 36° 42_ 30_E)\Southern Bypass (1° 18_ 14_ S 36° 42_ 30_E)--1-40.wav,SOUTHERN BYPASS (1° 18_ 14_ S 36° 42_ 30_E),2,private car,-28.111933,20.958273,68.10710332309606,68.31390298884392,57.42
Southern Bypass (1° 18_ 14_ S 36° 42_ 30_E)\Southern Bypass (1° 18_ 14_ S 36° 42_ 30_E)--1-41.wav,SOUTHERN BYPASS (1° 18_ 14_ S 36° 42_ 30_E),2,private car,-29.862432,18.119907,68.10710332309606,68.31390298884392,57.42
Southern Bypass (1° 18_ 14_ S 36° 42_ 30_E)\Southern Bypass (1° 18_ 14_ S 36° 42_ 30_E)--1-42.wav,SOUTHERN BYPASS (1° 18_ 14_ S 36° 42_ 30_E),6,medium truck,-40.102993,19.379065,68.10710332309606,68.31390298884392,57.42
Southern Bypass (1° 18_ 14_ S 36° 42_ 30_E)\Southern Bypass (1° 18_ 14_ S 36° 42_ 30_E)--1-43.wav,SOUTHERN BYPASS (1° 18_ 14_ S 36° 42_ 30_E),9,PSV,-42.135925,18.955126,68.10710332309606,68.31390298884392,57.42
Southern Bypass (1° 18_ 14_ S 36° 42_ 30_E)\Southern Bypass (1° 18_ 14_ S 36° 42_ 30_E)--1-44.wav,SOUTHERN BYPASS (1° 18_ 14_ S 36° 42_ 30_E),1,motorcycle,-36.819763,18.988327,68.10710332309606,68.31390298884392,57.42
Southern Bypass (1° 18_ 14_ S 36° 42_ 30_E)\Southern Bypass (1° 18_ 14_ S 36° 42_ 30_E)--1-45.wav,SOUTHERN BYPASS (1° 18_ 14_ S 36° 42_ 30_E),2,private car,-29.895472,20.141567,68.10710332309606,68.31390298884392,57.42
Southern Bypass (1° 18_ 14_ S 36° 42_ 30_E)\Southern Bypass (1° 18_ 14_ S 36° 42_ 30_E)--1-46.wav,SOUTHERN BYPASS (1° 18_ 14_ S 36° 42_ 30_E),2,private car,-30.117712,20.09975,68.10710332309606,68.31390298884392,57.42
Southern Bypass (1° 18_ 14_ S 36° 42_ 30_E)\Southern Bypass (1° 18_ 14_ S 36° 42_ 30_E)--1-47.wav,SOUTHERN BYPASS (1° 18_ 14_ S 36° 42_ 30_E),2,private car,-31.547237,17.848549,68.10710332309606,68.31390298884392,57.42
Southern Bypass (1° 18_ 14_ S 36° 42_ 30_E)\Southern Bypass (1° 18_ 14_ S 36° 42_ 30_E)--1-48.wav,SOUTHERN BYPASS (1° 18_ 14_ S 36° 42_ 30_E),3,SUV,-36.18718,17.263176,68.10710332309606,68.31390298884392,57.42
Southern Bypass (1° 18_ 14_ S 36° 42_ 30_E)\Southern Bypass (1° 18_ 14_ S 36° 42_ 30_E)--1-49.wav,SOUTHERN BYPASS (1° 18_ 14_ S 36° 42_ 30_E),1,motorcycle,-34.52408,16.573627,68.10710332309606,68.31390298884392,57.42
Southern Bypass (1° 18_ 14_ S 36° 42_ 30_E)\Southern Bypass (1° 18_ 14_ S 36° 42_ 30_E)--1-50.wav,SOUTHERN BYPASS (1° 18_ 14_ S 36° 42_ 30_E),1,motorcycle,-34.70478,18.67935,68.10710332309606,68.31390298884392,57.42
Southern Bypass (1° 18_ 14_ S 36° 42_ 30_E)\Southern Bypass (1° 18_ 14_ S 36° 42_ 30_E)--1-51.wav,SOUTHERN BYPASS (1° 18_ 14_ S 36° 42_ 30_E),3,SUV,-35.16735,17.218697,68.10710332309606,68.31390298884392,57.42
Southern Bypass (1° 18_ 14_ S 36° 42_ 30_E)\Southern Bypass (1° 18_ 14_ S 36° 42_ 30_E)--1-1816.wav,SOUTHERN BYPASS (1° 18_ 14_ S 36° 42_ 30_E),2,private car,-32.821404,17.579132,68.10710332309606,68.31390298884392,57.42
Southern Bypass (1°17_45_ S 36°41_27_E)\Southern Bypass (1°17_45_ S 36°41_27_E)--1-0.wav,SOUTHERN BYPASS (1°17_45_ S 36°41_27_E),2,private car,-30.675577,18.136848,68.13223859085005,68.33903825659792,57.42
Southern Bypass (1°17_45_ S 36°41_27_E)\Southern Bypass (1°17_45_ S 36°41_27_E)--1-1.wav,SOUTHERN BYPASS (1°17_45_ S 36°41_27_E),2,private car,-36.296196,20.755337,68.13223859085005,68.33903825659792,57.42
Southern Bypass (1°17_45_ S 36°41_27_E)\Southern Bypass (1°17_45_ S 36°41_27_E)--1-2.wav,SOUTHERN BYPASS (1°17_45_ S 36°41_27_E),2,private car,-33.667187,18.248232,68.13223859085005,68.33903825659792,57.42
Southern Bypass (1°17_45_ S 36°41_27_E)\Southern Bypass (1°17_45_ S 36°41_27_E)--1-3.wav,SOUTHERN BYPASS (1°17_45_ S 36°41_27_E),3,SUV,-38.124958,16.188972,68.13223859085005,68.33903825659792,57.42
Southern Bypass (1°17_45_ S 36°41_27_E)\Southern Bypass (1°17_45_ S 36°41_27_E)--1-4.wav,SOUTHERN BYPASS (1°17_45_ S 36°41_27_E),3,SUV,-38.126812,15.922427,68.13223859085005,68.33903825659792,57.42
Southern Bypass (1°17_45_ S 36°41_27_E)\Southern Bypass (1°17_45_ S 36°41_27_E)--1-5.wav,SOUTHERN BYPASS (1°17_45_ S 36°41_27_E),2,private car,-38.873005,17.829885,68.13223859085005,68.33903825659792,57.42
Southern Bypass (1°17_45_ S 36°41_27_E)\Southern Bypass (1°17_45_ S 36°41_27_E)--1-6.wav,SOUTHERN BYPASS (1°17_45_ S 36°41_27_E),2,private car,-37.84308,18.822407,68.13223859085005,68.33903825659792,57.42
Southern Bypass (1°17_45_ S 36°41_27_E)\Southern Bypass (1°17_45_ S 36°41_27_E)--1-7.wav,SOUTHERN BYPASS (1°17_45_ S 36°41_27_E),2,private car,-37.027584,19.218576,68.13223859085005,68.33903825659792,57.42
Southern Bypass (1°17_45_ S 36°41_27_E)\Southern Bypass (1°17_45_ S 36°41_27_E)--1-8.wav,SOUTHERN BYPASS (1°17_45_ S 36°41_27_E),1,motorcycle,-41.10623,18.509264,68.13223859085005,68.33903825659792,57.42
Southern Bypass (1°17_45_ S 36°41_27_E)\Southern Bypass (1°17_45_ S 36°41_27_E)--1-9.wav,SOUTHERN BYPASS (1°17_45_ S 36°41_27_E),0,bicycle,-34.459545,19.588417,68.13223859085005,68.33903825659792,57.42
Southern Bypass (1°17_45_ S 36°41_27_E)\Southern Bypass (1°17_45_ S 36°41_27_E)--1-10.wav,SOUTHERN BYPASS (1°17_45_ S 36°41_27_E),0,bicycle,-32.66735,19.509726,68.13223859085005,68.33903825659792,57.42
Southern Bypass (1°17_45_ S 36°41_27_E)\Southern Bypass (1°17_45_ S 36°41_27_E)--1-11.wav,SOUTHERN BYPASS (1°17_45_ S 36°41_27_E),3,SUV,-34.754066,17.052967,68.13223859085005,68.33903825659792,57.42
Southern Bypass (1°17_45_ S 36°41_27_E)\Southern Bypass (1°17_45_ S 36°41_27_E)--1-12.wav,SOUTHERN BYPASS (1°17_45_ S 36°41_27_E),9,PSV,-34.215645,18.059206,68.13223859085005,68.33903825659792,57.42
Southern Bypass (1°17_45_ S 36°41_27_E)\Southern Bypass (1°17_45_ S 36°41_27_E)--1-13.wav,SOUTHERN BYPASS (1°17_45_ S 36°41_27_E),2,private car,-33.19695,17.401602,68.13223859085005,68.33903825659792,57.42
Southern Bypass (1°17_45_ S 36°41_27_E)\Southern Bypass (1°17_45_ S 36°41_27_E)--1-14.wav,SOUTHERN BYPASS (1°17_45_ S 36°41_27_E),2,private car,-35.228825,16.806665,68.13223859085005,68.33903825659792,57.42
Southern Bypass (1°17_45_ S 36°41_27_E)\Southern Bypass (1°17_45_ S 36°41_27_E)--1-15.wav,SOUTHERN BYPASS (1°17_45_ S 36°41_27_E),2,private car,-36.05564,19.882648,68.13223859085005,68.33903825659792,57.42
Southern Bypass (1°17_45_ S 36°41_27_E)\Southern Bypass (1°17_45_ S 36°41_27_E)--1-16.wav,SOUTHERN BYPASS (1°17_45_ S 36°41_27_E),3,SUV,-35.936237,17.4258,68.13223859085005,68.33903825659792,57.42
Southern Bypass (1°17_45_ S 36°41_27_E)\Southern Bypass (1°17_45_ S 36°41_27_E)--1-17.wav,SOUTHERN BYPASS (1°17_45_ S 36°41_27_E),2,private car,-35.62124,18.840654,68.13223859085005,68.33903825659792,57.42
Southern Bypass (1°17_45_ S 36°41_27_E)\Southern Bypass (1°17_45_ S 36°41_27_E)--1-18.wav,SOUTHERN BYPASS (1°17_45_ S 36°41_27_E),9,PSV,-34.39669,17.462458,68.13223859085005,68.33903825659792,57.42
Southern Bypass (1°17_45_ S 36°41_27_E)\Southern Bypass (1°17_45_ S 36°41_27_E)--1-19.wav,SOUTHERN BYPASS (1°17_45_ S 36°41_27_E),9,PSV,-33.93926,19.746883,68.13223859085005,68.33903825659792,57.42
Southern Bypass (1°17_45_ S 36°41_27_E)\Southern Bypass (1°17_45_ S 36°41_27_E)--1-20.wav,SOUTHERN BYPASS (1°17_45_ S 36°41_27_E),1,motorcycle,-36.236916,18.822714,68.13223859085005,68.33903825659792,57.42
Southern Bypass (1°17_45_ S 36°41_27_E)\Southern Bypass (1°17_45_ S 36°41_27_E)--1-21.wav,SOUTHERN BYPASS (1°17_45_ S 36°41_27_E),1,motorcycle,-33.51124,19.271322,68.13223859085005,68.33903825659792,57.42
Southern Bypass (1°17_45_ S 36°41_27_E)\Southern Bypass (1°17_45_ S 36°41_27_E)--1-22.wav,SOUTHERN BYPASS (1°17_45_ S 36°41_27_E),9,PSV,-31.902166,19.673458,68.13223859085005,68.33903825659792,57.42
Southern Bypass (1°17_45_ S 36°41_27_E)\Southern Bypass (1°17_45_ S 36°41_27_E)--1-23.wav,SOUTHERN BYPASS (1°17_45_ S 36°41_27_E),1,motorcycle,-29.360235,20.3988,68.13223859085005,68.33903825659792,57.42
Southern Bypass (1°17_45_ S 36°41_27_E)\Southern Bypass (1°17_45_ S 36°41_27_E)--1-24.wav,SOUTHERN BYPASS (1°17_45_ S 36°41_27_E),2,private car,-25.805424,22.339375,68.13223859085005,68.33903825659792,57.42
Southern Bypass (1°17_45_ S 36°41_27_E)\Southern Bypass (1°17_45_ S 36°41_27_E)--1-25.wav,SOUTHERN BYPASS (1°17_45_ S 36°41_27_E),1,motorcycle,-32.150055,18.847364,68.13223859085005,68.33903825659792,57.42
Southern Bypass (1°17_45_ S 36°41_27_E)\Southern Bypass (1°17_45_ S 36°41_27_E)--1-26.wav,SOUTHERN BYPASS (1°17_45_ S 36°41_27_E),2,private car,-32.071594,20.008926,68.13223859085005,68.33903825659792,57.42
Southern Bypass (1°17_45_ S 36°41_27_E)\Southern Bypass (1°17_45_ S 36°41_27_E)--1-27.wav,SOUTHERN BYPASS (1°17_45_ S 36°41_27_E),2,private car,-34.486416,15.970157,68.13223859085005,68.33903825659792,57.42
Southern Bypass (1°17_45_ S 36°41_27_E)\Southern Bypass (1°17_45_ S 36°41_27_E)--1-28.wav,SOUTHERN BYPASS (1°17_45_ S 36°41_27_E),2,private car,-33.062782,18.999071,68.13223859085005,68.33903825659792,57.42
Southern Bypass (1°17_45_ S 36°41_27_E)\Southern Bypass (1°17_45_ S 36°41_27_E)--1-29.wav,SOUTHERN BYPASS (1°17_45_ S 36°41_27_E),2,private car,-33.24685,16.525131,68.13223859085005,68.33903825659792,57.42
Southern Bypass (1°17_45_ S 36°41_27_E)\Southern Bypass (1°17_45_ S 36°41_27_E)--1-30.wav,SOUTHERN BYPASS (1°17_45_ S 36°41_27_E),3,SUV,-30.254272,18.322971,68.13223859085005,68.33903825659792,57.42
Southern Bypass (1°17_45_ S 36°41_27_E)\Southern Bypass (1°17_45_ S 36°41_27_E)--1-31.wav,SOUTHERN BYPASS (1°17_45_ S 36°41_27_E),2,private car,-29.227356,18.859205,68.13223859085005,68.33903825659792,57.42
Southern Bypass (1°17_45_ S 36°41_27_E)\Southern Bypass (1°17_45_ S 36°41_27_E)--1-32.wav,SOUTHERN BYPASS (1°17_45_ S 36°41_27_E),9,PSV,-30.540976,17.493864,68.13223859085005,68.33903825659792,57.42
Southern Bypass (1°17_45_ S 36°41_27_E)\Southern Bypass (1°17_45_ S 36°41_27_E)--1-33.wav,SOUTHERN BYPASS (1°17_45_ S 36°41_27_E),1,motorcycle,-33.229027,17.26151,68.13223859085005,68.33903825659792,57.42
Southern Bypass (1°17_45_ S 36°41_27_E)\Southern Bypass (1°17_45_ S 36°41_27_E)--1-34.wav,SOUTHERN BYPASS (1°17_45_ S 36°41_27_E),1,motorcycle,-28.4593,18.94256,68.13223859085005,68.33903825659792,57.42
Southern Bypass (1°17_45_ S 36°41_27_E)\Southern Bypass (1°17_45_ S 36°41_27_E)--1-35.wav,SOUTHERN BYPASS (1°17_45_ S 36°41_27_E),6,medium truck,-28.969793,16.995811,68.13223859085005,68.33903825659792,57.42
Southern Bypass (1°17_45_ S 36°41_27_E)\Southern Bypass (1°17_45_ S 36°41_27_E)--1-36.wav,SOUTHERN BYPASS (1°17_45_ S 36°41_27_E),1,motorcycle,-33.690105,18.206553,68.13223859085005,68.33903825659792,57.42
Southern Bypass (1°17_45_ S 36°41_27_E)\Southern Bypass (1°17_45_ S 36°41_27_E)--1-37.wav,SOUTHERN BYPASS (1°17_45_ S 36°41_27_E),9,PSV,-31.422733,19.31234,68.13223859085005,68.33903825659792,57.42
Southern Bypass (1°17_45_ S 36°41_27_E)\Southern Bypass (1°17_45_ S 36°41_27_E)--1-38.wav,SOUTHERN BYPASS (1°17_45_ S 36°41_27_E),4,pickup,-31.249283,18.656874,68.13223859085005,68.33903825659792,57.42
Southern Bypass (1°17_45_ S 36°41_27_E)\Southern Bypass (1°17_45_ S 36°41_27_E)--1-39.wav,SOUTHERN BYPASS (1°17_45_ S 36°41_27_E),9,PSV,-30.85434,18.225407,68.13223859085005,68.33903825659792,57.42
Southern Bypass (1°17_45_ S 36°41_27_E)\Southern Bypass (1°17_45_ S 36°41_27_E)--1-40.wav,SOUTHERN BYPASS (1°17_45_ S 36°41_27_E),2,private car,-33.46505,19.395315,68.13223859085005,68.33903825659792,57.42
Southern Bypass (1°17_45_ S 36°41_27_E)\Southern Bypass (1°17_45_ S 36°41_27_E)--1-41.wav,SOUTHERN BYPASS (1°17_45_ S 36°41_27_E),2,private car,-29.942236,19.69325,68.13223859085005,68.33903825659792,57.42
Southern Bypass (1°17_45_ S 36°41_27_E)\Southern Bypass (1°17_45_ S 36°41_27_E)--1-42.wav,SOUTHERN BYPASS (1°17_45_ S 36°41_27_E),3,SUV,-33.3763,16.604368,68.13223859085005,68.33903825659792,57.42
Southern Bypass (1°17_45_ S 36°41_27_E)\Southern Bypass (1°17_45_ S 36°41_27_E)--1-43.wav,SOUTHERN BYPASS (1°17_45_ S 36°41_27_E),2,private car,-31.94694,19.647562,68.13223859085005,68.33903825659792,57.42
Southern Bypass (1°17_45_ S 36°41_27_E)\Southern Bypass (1°17_45_ S 36°41_27_E)--1-44.wav,SOUTHERN BYPASS (1°17_45_ S 36°41_27_E),6,medium truck,-30.313854,18.371834,68.13223859085005,68.33903825659792,57.42
Southern Bypass (1°17_45_ S 36°41_27_E)\Southern Bypass (1°17_45_ S 36°41_27_E)--1-45.wav,SOUTHERN BYPASS (1°17_45_ S 36°41_27_E),9,PSV,-38.776787,18.460789,68.13223859085005,68.33903825659792,57.42
Southern Bypass (1°17_45_ S 36°41_27_E)\Southern Bypass (1°17_45_ S 36°41_27_E)--1-46.wav,SOUTHERN BYPASS (1°17_45_ S 36°41_27_E),0,bicycle,-34.394665,18.443073,68.13223859085005,68.33903825659792,57.42
Southern Bypass (1°17_45_ S 36°41_27_E)\Southern Bypass (1°17_45_ S 36°41_27_E)--1-47.wav,SOUTHERN BYPASS (1°17_45_ S 36°41_27_E),2,private car,-33.906822,17.642687,68.13223859085005,68.33903825659792,57.42
Southern Bypass (1°17_45_ S 36°41_27_E)\Southern Bypass (1°17_45_ S 36°41_27_E)--1-48.wav,SOUTHERN BYPASS (1°17_45_ S 36°41_27_E),3,SUV,-32.362873,18.156822,68.13223859085005,68.33903825659792,57.42
Southern Bypass (1°17_45_ S 36°41_27_E)\Southern Bypass (1°17_45_ S 36°41_27_E)--1-49.wav,SOUTHERN BYPASS (1°17_45_ S 36°41_27_E),2,private car,-36.812607,18.426208,68.13223859085005,68.33903825659792,57.42
Southern Bypass (1°17_45_ S 36°41_27_E)\Southern Bypass (1°17_45_ S 36°41_27_E)--1-50.wav,SOUTHERN BYPASS (1°17_45_ S 36°41_27_E),2,private car,-32.832947,18.938726,68.13223859085005,68.33903825659792,57.42
Southern Bypass (1°17_45_ S 36°41_27_E)\Southern Bypass (1°17_45_ S 36°41_27_E)--1-51.wav,SOUTHERN BYPASS (1°17_45_ S 36°41_27_E),2,private car,-35.11007,17.744148,68.13223859085005,68.33903825659792,57.42
Southern Bypass (1°17_45_ S 36°41_27_E)\Southern Bypass (1°17_45_ S 36°41_27_E)--1-52.wav,SOUTHERN BYPASS (1°17_45_ S 36°41_27_E),2,private car,-38.692627,16.943123,68.13223859085005,68.33903825659792,57.42
Southern Bypass (1°17_45_ S 36°41_27_E)\Southern Bypass (1°17_45_ S 36°41_27_E)--1-53.wav,SOUTHERN BYPASS (1°17_45_ S 36°41_27_E),9,PSV,-36.374744,17.683243,68.13223859085005,68.33903825659792,57.42
Southern Bypass (1°17_45_ S 36°41_27_E)\Southern Bypass (1°17_45_ S 36°41_27_E)--1-1871.wav,SOUTHERN BYPASS (1°17_45_ S 36°41_27_E),2,private car,-36.907112,15.939957,68.13223859085005,68.33903825659792,57.42
Thika Road (1°10_58_S 36°56_13_E)\Thika Road (1°10_58_S 36°56_13_E)--1-0.wav,THIKA ROAD (1°10_58_S 36°56_13_E),9,PSV,-34.102623,16.748981,70.74122029294747,71.05175672782836,85.21
Thika Road (1°10_58_S 36°56_13_E)\Thika Road (1°10_58_S 36°56_13_E)--1-1.wav,THIKA ROAD (1°10_58_S 36°56_13_E),2,private car,-29.985651,18.43532,70.74122029294747,71.05175672782836,85.21
Thika Road (1°10_58_S 36°56_13_E)\Thika Road (1°10_58_S 36°56_13_E)--1-2.wav,THIKA ROAD (1°10_58_S 36°56_13_E),3,SUV,-32.176716,17.544157,70.74122029294747,71.05175672782836,85.21
Thika Road (1°10_58_S 36°56_13_E)\Thika Road (1°10_58_S 36°56_13_E)--1-3.wav,THIKA ROAD (1°10_58_S 36°56_13_E),2,private car,-34.339596,16.700054,70.74122029294747,71.05175672782836,85.21
Thika Road (1°10_58_S 36°56_13_E)\Thika Road (1°10_58_S 36°56_13_E)--1-4.wav,THIKA ROAD (1°10_58_S 36°56_13_E),3,SUV,-32.50377,18.075537,70.74122029294747,71.05175672782836,85.21
Thika Road (1°10_58_S 36°56_13_E)\Thika Road (1°10_58_S 36°56_13_E)--1-5.wav,THIKA ROAD (1°10_58_S 36°56_13_E),1,motorcycle,-32.089733,17.953596,70.74122029294747,71.05175672782836,85.21
Thika Road (1°10_58_S 36°56_13_E)\Thika Road (1°10_58_S 36°56_13_E)--1-6.wav,THIKA ROAD (1°10_58_S 36°56_13_E),6,medium truck,-35.733894,18.904932,70.74122029294747,71.05175672782836,85.21
Thika Road (1°10_58_S 36°56_13_E)\Thika Road (1°10_58_S 36°56_13_E)--1-7.wav,THIKA ROAD (1°10_58_S 36°56_13_E),9,PSV,-34.74642,17.197445,70.74122029294747,71.05175672782836,85.21
Thika Road (1°10_58_S 36°56_13_E)\Thika Road (1°10_58_S 36°56_13_E)--1-8.wav,THIKA ROAD (1°10_58_S 36°56_13_E),9,PSV,-37.12887,19.045576,70.74122029294747,71.05175672782836,85.21
Thika Road (1°10_58_S 36°56_13_E)\Thika Road (1°10_58_S 36°56_13_E)--1-9.wav,THIKA ROAD (1°10_58_S 36°56_13_E),2,private car,-34.9748,19.043674,70.74122029294747,71.05175672782836,85.21
Thika Road (1°10_58_S 36°56_13_E)\Thika Road (1°10_58_S 36°56_13_E)--1-10.wav,THIKA ROAD (1°10_58_S 36°56_13_E),1,motorcycle,-35.868263,19.276285,70.74122029294747,71.05175672782836,85.21
Thika Road (1°10_58_S 36°56_13_E)\Thika Road (1°10_58_S 36°56_13_E)--1-11.wav,THIKA ROAD (1°10_58_S 36°56_13_E),2,private car,-36.221737,19.868046,70.74122029294747,71.05175672782836,85.21
Thika Road (1°10_58_S 36°56_13_E)\Thika Road (1°10_58_S 36°56_13_E)--1-12.wav,THIKA ROAD (1°10_58_S 36°56_13_E),2,private car,-36.953438,18.783825,70.74122029294747,71.05175672782836,85.21
Thika Road (1°10_58_S 36°56_13_E)\Thika Road (1°10_58_S 36°56_13_E)--1-13.wav,THIKA ROAD (1°10_58_S 36°56_13_E),2,private car,-38.943703,20.675562,70.74122029294747,71.05175672782836,85.21
Thika Road (1°10_58_S 36°56_13_E)\Thika Road (1°10_58_S 36°56_13_E)--1-14.wav,THIKA ROAD (1°10_58_S 36°56_13_E),3,SUV,-43.137047,19.549809,70.74122029294747,71.05175672782836,85.21
Thika Road (1°10_58_S 36°56_13_E)\Thika Road (1°10_58_S 36°56_13_E)--1-15.wav,THIKA ROAD (1°10_58_S 36°56_13_E),1,motorcycle,-38.060215,19.162552,70.74122029294747,71.05175672782836,85.21
Thika Road (1°10_58_S 36°56_13_E)\Thika Road (1°10_58_S 36°56_13_E)--1-16.wav,THIKA ROAD (1°10_58_S 36°56_13_E),3,SUV,-35.72306,17.99336,70.74122029294747,71.05175672782836,85.21
Thika Road (1°10_58_S 36°56_13_E)\Thika Road (1°10_58_S 36°56_13_E)--1-17.wav,THIKA ROAD (1°10_58_S 36°56_13_E),2,private car,-37.28796,19.657814,70.74122029294747,71.05175672782836,85.21
Thika Road (1°10_58_S 36°56_13_E)\Thika Road (1°10_58_S 36°56_13_E)--1-18.wav,THIKA ROAD (1°10_58_S 36°56_13_E),9,PSV,-38.822273,20.188732,70.74122029294747,71.05175672782836,85.21
Thika Road (1°10_58_S 36°56_13_E)\Thika Road (1°10_58_S 36°56_13_E)--1-19.wav,THIKA ROAD (1°10_58_S 36°56_13_E),2,private car,-35.455853,18.40283,70.74122029294747,71.05175672782836,85.21
Thika Road (1°10_58_S 36°56_13_E)\Thika Road (1°10_58_S 36°56_13_E)--1-20.wav,THIKA ROAD (1°10_58_S 36°56_13_E),2,private car,-31.736607,17.9971,70.74122029294747,71.05175672782836,85.21
Thika Road (1°10_58_S 36°56_13_E)\Thika Road (1°10_58_S 36°56_13_E)--1-21.wav,THIKA ROAD (1°10_58_S 36°56_13_E),2,private car,-30.684978,17.92728,70.74122029294747,71.05175672782836,85.21
Thika Road (1°10_58_S 36°56_13_E)\Thika Road (1°10_58_S 36°56_13_E)--1-22.wav,THIKA ROAD (1°10_58_S 36°56_13_E),9,PSV,-37.811134,19.424868,70.74122029294747,71.05175672782836,85.21
Thika Road (1°10_58_S 36°56_13_E)\Thika Road (1°10_58_S 36°56_13_E)--1-23.wav,THIKA ROAD (1°10_58_S 36°56_13_E),2,private car,-36.051308,20.197273,70.74122029294747,71.05175672782836,85.21
Thika Road (1°10_58_S 36°56_13_E)\Thika Road (1°10_58_S 36°56_13_E)--1-24.wav,THIKA ROAD (1°10_58_S 36°56_13_E),9,PSV,-38.752205,19.219717,70.74122029294747,71.05175672782836,85.21
Thika Road (1°10_58_S 36°56_13_E)\Thika Road (1°10_58_S 36°56_13_E)--1-25.wav,THIKA ROAD (1°10_58_S 36°56_13_E),9,PSV,-36.599556,20.070852,70.74122029294747,71.05175672782836,85.21
Thika Road (1°10_58_S 36°56_13_E)\Thika Road (1°10_58_S 36°56_13_E)--1-26.wav,THIKA ROAD (1°10_58_S 36°56_13_E),9,PSV,-34.488365,19.952589,70.74122029294747,71.05175672782836,85.21
Thika Road (1°10_58_S 36°56_13_E)\Thika Road (1°10_58_S 36°56_13_E)--1-27.wav,THIKA ROAD (1°10_58_S 36°56_13_E),1,motorcycle,-33.307423,19.246527,70.74122029294747,71.05175672782836,85.21
Thika Road (1°10_58_S 36°56_13_E)\Thika Road (1°10_58_S 36°56_13_E)--1-28.wav,THIKA ROAD (1°10_58_S 36°56_13_E),2,private car,-31.870571,19.449335,70.74122029294747,71.05175672782836,85.21
Thika Road (1°10_58_S 36°56_13_E)\Thika Road (1°10_58_S 36°56_13_E)--1-29.wav,THIKA ROAD (1°10_58_S 36°56_13_E),9,PSV,-27.59881,17.667503,70.74122029294747,71.05175672782836,85.21
Thika Road (1°10_58_S 36°56_13_E)\Thika Road (1°10_58_S 36°56_13_E)--1-30.wav,THIKA ROAD (1°10_58_S 36°56_13_E),2,private car,-32.750225,18.745863,70.74122029294747,71.05175672782836,85.21
Thika Road (1°10_58_S 36°56_13_E)\Thika Road (1°10_58_S 36°56_13_E)--1-31.wav,THIKA ROAD (1°10_58_S 36°56_13_E),9,PSV,-35.679432,18.606033,70.74122029294747,71.05175672782836,85.21
Thika Road (1°10_58_S 36°56_13_E)\Thika Road (1°10_58_S 36°56_13_E)--1-32.wav,THIKA ROAD (1°10_58_S 36°56_13_E),2,private car,-35.137554,18.367878,70.74122029294747,71.05175672782836,85.21
Thika Road (1°10_58_S 36°56_13_E)\Thika Road (1°10_58_S 36°56_13_E)--1-33.wav,THIKA ROAD (1°10_58_S 36°56_13_E),2,private car,-31.908905,17.297224,70.74122029294747,71.05175672782836,85.21
Thika Road (1°10_58_S 36°56_13_E)\Thika Road (1°10_58_S 36°56_13_E)--1-34.wav,THIKA ROAD (1°10_58_S 36°56_13_E),9,PSV,-29.554943,18.745785,70.74122029294747,71.05175672782836,85.21
Thika Road (1°10_58_S 36°56_13_E)\Thika Road (1°10_58_S 36°56_13_E)--1-35.wav,THIKA ROAD (1°10_58_S 36°56_13_E),2,private car,-34.21576,18.203915,70.74122029294747,71.05175672782836,85.21
Thika Road (1°10_58_S 36°56_13_E)\Thika Road (1°10_58_S 36°56_13_E)--1-36.wav,THIKA ROAD (1°10_58_S 36°56_13_E),9,PSV,-34.351086,19.54287,70.74122029294747,71.05175672782836,85.21
Thika Road (1°10_58_S 36°56_13_E)\Thika Road (1°10_58_S 36°56_13_E)--1-37.wav,THIKA ROAD (1°10_58_S 36°56_13_E),2,private car,-32.61649,18.683466,70.74122029294747,71.05175672782836,85.21
Thika Road (1°10_58_S 36°56_13_E)\Thika Road (1°10_58_S 36°56_13_E)--1-38.wav,THIKA ROAD (1°10_58_S 36°56_13_E),2,private car,-34.22365,18.492825,70.74122029294747,71.05175672782836,85.21
Thika Road (1°10_58_S 36°56_13_E)\Thika Road (1°10_58_S 36°56_13_E)--1-39.wav,THIKA ROAD (1°10_58_S 36°56_13_E),2,private car,-33.90963,19.464687,70.74122029294747,71.05175672782836,85.21
Thika Road (1°10_58_S 36°56_13_E)\Thika Road (1°10_58_S 36°56_13_E)--1-40.wav,THIKA ROAD (1°10_58_S 36°56_13_E),2,private car,-36.14103,19.042168,70.74122029294747,71.05175672782836,85.21
Thika Road (1°10_58_S 36°56_13_E)\Thika Road (1°10_58_S 36°56_13_E)--1-41.wav,THIKA ROAD (1°10_58_S 36°56_13_E),9,PSV,-35.944557,19.590572,70.74122029294747,71.05175672782836,85.21
Thika Road (1°10_58_S 36°56_13_E)\Thika Road (1°10_58_S 36°56_13_E)--1-42.wav,THIKA ROAD (1°10_58_S 36°56_13_E),9,PSV,-35.519016,18.987022,70.74122029294747,71.05175672782836,85.21
Thika Road (1°10_58_S 36°56_13_E)\Thika Road (1°10_58_S 36°56_13_E)--1-43.wav,THIKA ROAD (1°10_58_S 36°56_13_E),9,PSV,-34.923744,20.223282,70.74122029294747,71.05175672782836,85.21
Thika Road (1°10_58_S 36°56_13_E)\Thika Road (1°10_58_S 36°56_13_E)--1-44.wav,THIKA ROAD (1°10_58_S 36°56_13_E),9,PSV,-34.893635,19.296518,70.74122029294747,71.05175672782836,85.21
Thika Road (1°10_58_S 36°56_13_E)\Thika Road (1°10_58_S 36°56_13_E)--1-45.wav,THIKA ROAD (1°10_58_S 36°56_13_E),2,private car,-34.915108,18.625736,70.74122029294747,71.05175672782836,85.21
Thika Road (1°10_58_S 36°56_13_E)\Thika Road (1°10_58_S 36°56_13_E)--1-46.wav,THIKA ROAD (1°10_58_S 36°56_13_E),2,private car,-35.936794,18.88792,70.74122029294747,71.05175672782836,85.21
Thika Road (1°10_58_S 36°56_13_E)\Thika Road (1°10_58_S 36°56_13_E)--1-47.wav,THIKA ROAD (1°10_58_S 36°56_13_E),2,private car,-34.723766,16.924414,70.74122029294747,71.05175672782836,85.21
Thika Road (1°10_58_S 36°56_13_E)\Thika Road (1°10_58_S 36°56_13_E)--1-48.wav,THIKA ROAD (1°10_58_S 36°56_13_E),2,private car,-36.53269,18.104288,70.74122029294747,71.05175672782836,85.21
Thika Road (1°10_58_S 36°56_13_E)\Thika Road (1°10_58_S 36°56_13_E)--1-49.wav,THIKA ROAD (1°10_58_S 36°56_13_E),1,motorcycle,-40.54534,21.491716,70.74122029294747,71.05175672782836,85.21
Thika Road (1°10_58_S 36°56_13_E)\Thika Road (1°10_58_S 36°56_13_E)--1-1922.wav,THIKA ROAD (1°10_58_S 36°56_13_E),2,private car,-35.344963,20.20941,70.74122029294747,71.05175672782836,85.21
Thika Road (1°13_28_S 36°53_12_E)\Thika Road (1°13_28_S 36°53_12_E)--1-0.wav,THIKA ROAD (1°13_28_S 36°53_12_E),2,private car,-37.565285,16.23777,71.0692499262913,71.3797863611722,85.21
Thika Road (1°13_28_S 36°53_12_E)\Thika Road (1°13_28_S 36°53_12_E)--1-1.wav,THIKA ROAD (1°13_28_S 36°53_12_E),9,PSV,-34.407795,19.673254,71.0692499262913,71.3797863611722,85.21
Thika Road (1°13_28_S 36°53_12_E)\Thika Road (1°13_28_S 36°53_12_E)--1-2.wav,THIKA ROAD (1°13_28_S 36°53_12_E),2,private car,-35.580635,19.996563,71.0692499262913,71.3797863611722,85.21
Thika Road (1°13_28_S 36°53_12_E)\Thika Road (1°13_28_S 36°53_12_E)--1-3.wav,THIKA ROAD (1°13_28_S 36°53_12_E),2,private car,-36.573547,18.290924,71.0692499262913,71.3797863611722,85.21
Thika Road (1°13_28_S 36°53_12_E)\Thika Road (1°13_28_S 36°53_12_E)--1-4.wav,THIKA ROAD (1°13_28_S 36°53_12_E),1,motorcycle,-35.66438,19.41209,71.0692499262913,71.3797863611722,85.21
Thika Road (1°13_28_S 36°53_12_E)\Thika Road (1°13_28_S 36°53_12_E)--1-5.wav,THIKA ROAD (1°13_28_S 36°53_12_E),9,PSV,-37.65808,19.95348,71.0692499262913,71.3797863611722,85.21
Thika Road (1°13_28_S 36°53_12_E)\Thika Road (1°13_28_S 36°53_12_E)--1-6.wav,THIKA ROAD (1°13_28_S 36°53_12_E),6,medium truck,-37.90461,19.424566,71.0692499262913,71.3797863611722,85.21
Thika Road (1°13_28_S 36°53_12_E)\Thika Road (1°13_28_S 36°53_12_E)--1-7.wav,THIKA ROAD (1°13_28_S 36°53_12_E),1,motorcycle,-37.376793,19.689548,71.0692499262913,71.3797863611722,85.21
Thika Road (1°13_28_S 36°53_12_E)\Thika Road (1°13_28_S 36°53_12_E)--1-8.wav,THIKA ROAD (1°13_28_S 36°53_12_E),1,motorcycle,-34.949787,20.203178,71.0692499262913,71.3797863611722,85.21
Thika Road (1°13_28_S 36°53_12_E)\Thika Road (1°13_28_S 36°53_12_E)--1-9.wav,THIKA ROAD (1°13_28_S 36°53_12_E),1,motorcycle,-38.462444,20.318083,71.0692499262913,71.3797863611722,85.21
Thika Road (1°13_28_S 36°53_12_E)\Thika Road (1°13_28_S 36°53_12_E)--1-10.wav,THIKA ROAD (1°13_28_S 36°53_12_E),1,motorcycle,-35.525177,20.936134,71.0692499262913,71.3797863611722,85.21
Thika Road (1°13_28_S 36°53_12_E)\Thika Road (1°13_28_S 36°53_12_E)--1-11.wav,THIKA ROAD (1°13_28_S 36°53_12_E),2,private car,-36.497738,21.00155,71.0692499262913,71.3797863611722,85.21
Thika Road (1°13_28_S 36°53_12_E)\Thika Road (1°13_28_S 36°53_12_E)--1-12.wav,THIKA ROAD (1°13_28_S 36°53_12_E),1,motorcycle,-35.815624,19.62884,71.0692499262913,71.3797863611722,85.21
Thika Road (1°13_28_S 36°53_12_E)\Thika Road (1°13_28_S 36°53_12_E)--1-13.wav,THIKA ROAD (1°13_28_S 36°53_12_E),9,PSV,-37.55857,20.22367,71.0692499262913,71.3797863611722,85.21
Thika Road (1°13_28_S 36°53_12_E)\Thika Road (1°13_28_S 36°53_12_E)--1-14.wav,THIKA ROAD (1°13_28_S 36°53_12_E),3,SUV,-34.866882,20.019115,71.0692499262913,71.3797863611722,85.21
Thika Road (1°13_28_S 36°53_12_E)\Thika Road (1°13_28_S 36°53_12_E)--1-15.wav,THIKA ROAD (1°13_28_S 36°53_12_E),2,private car,-28.99693,18.42243,71.0692499262913,71.3797863611722,85.21
Thika Road (1°13_28_S 36°53_12_E)\Thika Road (1°13_28_S 36°53_12_E)--1-16.wav,THIKA ROAD (1°13_28_S 36°53_12_E),1,motorcycle,-36.750923,19.661636,71.0692499262913,71.3797863611722,85.21
Thika Road (1°13_28_S 36°53_12_E)\Thika Road (1°13_28_S 36°53_12_E)--1-17.wav,THIKA ROAD (1°13_28_S 36°53_12_E),9,PSV,-34.980392,19.713194,71.0692499262913,71.3797863611722,85.21
Thika Road (1°13_28_S 36°53_12_E)\Thika Road (1°13_28_S 36°53_12_E)--1-18.wav,THIKA ROAD (1°13_28_S 36°53_12_E),9,PSV,-32.115444,19.860622,71.0692499262913,71.3797863611722,85.21
Thika Road (1°13_28_S 36°53_12_E)\Thika Road (1°13_28_S 36°53_12_E)--1-19.wav,THIKA ROAD (1°13_28_S 36°53_12_E),2,private car,-35.44577,19.421242,71.0692499262913,71.3797863611722,85.21
Thika Road (1°13_28_S 36°53_12_E)\Thika Road (1°13_28_S 36°53_12_E)--1-20.wav,THIKA ROAD (1°13_28_S 36°53_12_E),2,private car,-38.309258,19.166815,71.0692499262913,71.3797863611722,85.21
Thika Road (1°13_28_S 36°53_12_E)\Thika Road (1°13_28_S 36°53_12_E)--1-21.wav,THIKA ROAD (1°13_28_S 36°53_12_E),3,SUV,-35.87092,19.73473,71.0692499262913,71.3797863611722,85.21
Thika Road (1°13_28_S 36°53_12_E)\Thika Road (1°13_28_S 36°53_12_E)--1-22.wav,THIKA ROAD (1°13_28_S 36°53_12_E),1,motorcycle,-37.886406,21.088205,71.0692499262913,71.3797863611722,85.21
Thika Road (1°13_28_S 36°53_12_E)\Thika Road (1°13_28_S 36°53_12_E)--1-23.wav,THIKA ROAD (1°13_28_S 36°53_12_E),9,PSV,-32.796257,20.877823,71.0692499262913,71.3797863611722,85.21
Thika Road (1°13_28_S 36°53_12_E)\Thika Road (1°13_28_S 36°53_12_E)--1-24.wav,THIKA ROAD (1°13_28_S 36°53_12_E),1,motorcycle,-38.079796,21.140074,71.0692499262913,71.3797863611722,85.21
Thika Road (1°13_28_S 36°53_12_E)\Thika Road (1°13_28_S 36°53_12_E)--1-25.wav,THIKA ROAD (1°13_28_S 36°53_12_E),6,medium truck,-31.910358,19.58232,71.0692499262913,71.3797863611722,85.21
Thika Road (1°13_28_S 36°53_12_E)\Thika Road (1°13_28_S 36°53_12_E)--1-26.wav,THIKA ROAD (1°13_28_S 36°53_12_E),9,PSV,-34.063713,20.132961,71.0692499262913,71.3797863611722,85.21
Thika Road (1°13_28_S 36°53_12_E)\Thika Road (1°13_28_S 36°53_12_E)--1-27.wav,THIKA ROAD (1°13_28_S 36°53_12_E),9,PSV,-31.230762,19.032038,71.0692499262913,71.3797863611722,85.21
Thika Road (1°13_28_S 36°53_12_E)\Thika Road (1°13_28_S 36°53_12_E)--1-28.wav,THIKA ROAD (1°13_28_S 36°53_12_E),9,PSV,-34.0415,19.024097,71.0692499262913,71.3797863611722,85.21
Thika Road (1°13_28_S 36°53_12_E)\Thika Road (1°13_28_S 36°53_12_E)--1-29.wav,THIKA ROAD (1°13_28_S 36°53_12_E),2,private car,-35.863792,19.049967,71.0692499262913,71.3797863611722,85.21
Thika Road (1°13_28_S 36°53_12_E)\Thika Road (1°13_28_S 36°53_12_E)--1-30.wav,THIKA ROAD (1°13_28_S 36°53_12_E),9,PSV,-33.457844,18.788572,71.0692499262913,71.3797863611722,85.21
Thika Road (1°13_28_S 36°53_12_E)\Thika Road (1°13_28_S 36°53_12_E)--1-31.wav,THIKA ROAD (1°13_28_S 36°53_12_E),6,medium truck,-37.1641,19.838633,71.0692499262913,71.3797863611722,85.21
Thika Road (1°13_28_S 36°53_12_E)\Thika Road (1°13_28_S 36°53_12_E)--1-32.wav,THIKA ROAD (1°13_28_S 36°53_12_E),2,private car,-33.39108,18.880459,71.0692499262913,71.3797863611722,85.21
Thika Road (1°13_28_S 36°53_12_E)\Thika Road (1°13_28_S 36°53_12_E)--1-33.wav,THIKA ROAD (1°13_28_S 36°53_12_E),1,motorcycle,-32.332085,21.266495,71.0692499262913,71.3797863611722,85.21
Thika Road (1°13_28_S 36°53_12_E)\Thika Road (1°13_28_S 36°53_12_E)--1-34.wav,THIKA ROAD (1°13_28_S 36°53_12_E),2,private car,-32.088234,19.50901,71.0692499262913,71.3797863611722,85.21
Thika Road (1°13_28_S 36°53_12_E)\Thika Road (1°13_28_S 36°53_12_E)--1-35.wav,THIKA ROAD (1°13_28_S 36°53_12_E),2,private car,-26.320736,18.534777,71.0692499262913,71.3797863611722,85.21
Thika Road (1°13_28_S 36°53_12_E)\Thika Road (1°13_28_S 36°53_12_E)--1-36.wav,THIKA ROAD (1°13_28_S 36°53_12_E),2,private car,-35.929264,21.956575,71.0692499262913,71.3797863611722,85.21
Thika Road (1°13_28_S 36°53_12_E)\Thika Road (1°13_28_S 36°53_12_E)--1-37.wav,THIKA ROAD (1°13_28_S 36°53_12_E),6,medium truck,-31.957987,20.728645,71.0692499262913,71.3797863611722,85.21
Thika Road (1°13_28_S 36°53_12_E)\Thika Road (1°13_28_S 36°53_12_E)--1-38.wav,THIKA ROAD (1°13_28_S 36°53_12_E),1,motorcycle,-34.384296,19.404036,71.0692499262913,71.3797863611722,85.21
Thika Road (1°13_28_S 36°53_12_E)\Thika Road (1°13_28_S 36°53_12_E)--1-39.wav,THIKA ROAD (1°13_28_S 36°53_12_E),9,PSV,-37.51017,19.431824,71.0692499262913,71.3797863611722,85.21
Thika Road (1°13_28_S 36°53_12_E)\Thika Road (1°13_28_S 36°53_12_E)--1-40.wav,THIKA ROAD (1°13_28_S 36°53_12_E),1,motorcycle,-37.68675,19.280333,71.0692499262913,71.3797863611722,85.21
Thika Road (1°13_28_S 36°53_12_E)\Thika Road (1°13_28_S 36°53_12_E)--1-41.wav,THIKA ROAD (1°13_28_S 36°53_12_E),1,motorcycle,-32.301277,18.955944,71.0692499262913,71.3797863611722,85.21
Thika Road (1°13_28_S 36°53_12_E)\Thika Road (1°13_28_S 36°53_12_E)--1-42.wav,THIKA ROAD (1°13_28_S 36°53_12_E),2,private car,-32.242428,18.576841,71.0692499262913,71.3797863611722,85.21
Thika Road (1°13_28_S 36°53_12_E)\Thika Road (1°13_28_S 36°53_12_E)--1-43.wav,THIKA ROAD (1°13_28_S 36°53_12_E),2,private car,-36.004765,19.57684,71.0692499262913,71.3797863611722,85.21
Thika Road (1°13_28_S 36°53_12_E)\Thika Road (1°13_28_S 36°53_12_E)--1-44.wav,THIKA ROAD (1°13_28_S 36°53_12_E),3,SUV,-34.575184,18.643377,71.0692499262913,71.3797863611722,85.21
Thika Road (1°13_28_S 36°53_12_E)\Thika Road (1°13_28_S 36°53_12_E)--1-45.wav,THIKA ROAD (1°13_28_S 36°53_12_E),2,private car,-32.67118,18.202808,71.0692499262913,71.3797863611722,85.21
Thika Road (1°13_28_S 36°53_12_E)\Thika Road (1°13_28_S 36°53_12_E)--1-46.wav,THIKA ROAD (1°13_28_S 36°53_12_E),9,PSV,-34.402424,19.737638,71.0692499262913,71.3797863611722,85.21
Thika Road (1°13_28_S 36°53_12_E)\Thika Road (1°13_28_S 36°53_12_E)--1-47.wav,THIKA ROAD (1°13_28_S 36°53_12_E),1,motorcycle,-36.694317,19.28682,71.0692499262913,71.3797863611722,85.21
Thika Road (1°13_28_S 36°53_12_E)\Thika Road (1°13_28_S 36°53_12_E)--1-48.wav,THIKA ROAD (1°13_28_S 36°53_12_E),2,private car,-36.703156,19.358843,71.0692499262913,71.3797863611722,85.21
Thika Road (1°13_28_S 36°53_12_E)\Thika Road (1°13_28_S 36°53_12_E)--1-49.wav,THIKA ROAD (1°13_28_S 36°53_12_E),2,private car,-38.288094,21.288456,71.0692499262913,71.3797863611722,85.21
Thika Road (1°13_28_S 36°53_12_E)\Thika Road (1°13_28_S 36°53_12_E)--1-50.wav,THIKA ROAD (1°13_28_S 36°53_12_E),9,PSV,-36.375954,19.191912,71.0692499262913,71.3797863611722,85.21
Thika Road (1°13_28_S 36°53_12_E)\Thika Road (1°13_28_S 36°53_12_E)--1-51.wav,THIKA ROAD (1°13_28_S 36°53_12_E),2,private car,-35.919666,18.859976,71.0692499262913,71.3797863611722,85.21
Thika Road (1°13_28_S 36°53_12_E)\Thika Road (1°13_28_S 36°53_12_E)--1-52.wav,THIKA ROAD (1°13_28_S 36°53_12_E),2,private car,-38.157143,20.15497,71.0692499262913,71.3797863611722,85.21
Thika Road (1°13_28_S 36°53_12_E)\Thika Road (1°13_28_S 36°53_12_E)--1-1976.wav,THIKA ROAD (1°13_28_S 36°53_12_E),1,motorcycle,-36.358337,19.875349,71.0692499262913,71.3797863611722,85.21
Thika Road Pangani(1°15_55_S 36°50_08_E)\Thika Road Pangani(1°15_55_S 36°50_08_E)--1-0.wav,THIKA ROAD PANGANI(1°15_55_S 36°50_08_E),4,pickup,-33.085518,16.337376,66.6284414979167,66.84014984352692,58.75
Thika Road Pangani(1°15_55_S 36°50_08_E)\Thika Road Pangani(1°15_55_S 36°50_08_E)--1-1.wav,THIKA ROAD PANGANI(1°15_55_S 36°50_08_E),9,PSV,-30.908176,18.586178,66.6284414979167,66.84014984352692,58.75
Thika Road Pangani(1°15_55_S 36°50_08_E)\Thika Road Pangani(1°15_55_S 36°50_08_E)--1-2.wav,THIKA ROAD PANGANI(1°15_55_S 36°50_08_E),9,PSV,-32.479362,18.543474,66.6284414979167,66.84014984352692,58.75
Thika Road Pangani(1°15_55_S 36°50_08_E)\Thika Road Pangani(1°15_55_S 36°50_08_E)--1-3.wav,THIKA ROAD PANGANI(1°15_55_S 36°50_08_E),9,PSV,-31.50733,18.579441,66.6284414979167,66.84014984352692,58.75
Thika Road Pangani(1°15_55_S 36°50_08_E)\Thika Road Pangani(1°15_55_S 36°50_08_E)--1-4.wav,THIKA ROAD PANGANI(1°15_55_S 36°50_08_E),1,motorcycle,-34.663708,18.734077,66.6284414979167,66.84014984352692,58.75
Thika Road Pangani(1°15_55_S 36°50_08_E)\Thika Road Pangani(1°15_55_S 36°50_08_E)--1-5.wav,THIKA ROAD PANGANI(1°15_55_S 36°50_08_E),9,PSV,-32.27607,18.158798,66.6284414979167,66.84014984352692,58.75
Thika Road Pangani(1°15_55_S 36°50_08_E)\Thika Road Pangani(1°15_55_S 36°50_08_E)--1-6.wav,THIKA ROAD PANGANI(1°15_55_S 36°50_08_E),2,private car,-29.843008,19.03736,66.6284414979167,66.84014984352692,58.75
Thika Road Pangani(1°15_55_S 36°50_08_E)\Thika Road Pangani(1°15_55_S 36°50_08_E)--1-7.wav,THIKA ROAD PANGANI(1°15_55_S 36°50_08_E),0,bicycle,-31.95705,19.09871,66.6284414979167,66.84014984352692,58.75
Thika Road Pangani(1°15_55_S 36°50_08_E)\Thika Road Pangani(1°15_55_S 36°50_08_E)--1-8.wav,THIKA ROAD PANGANI(1°15_55_S 36°50_08_E),2,private car,-32.169533,18.433628,66.6284414979167,66.84014984352692,58.75
Thika Road Pangani(1°15_55_S 36°50_08_E)\Thika Road Pangani(1°15_55_S 36°50_08_E)--1-9.wav,THIKA ROAD PANGANI(1°15_55_S 36°50_08_E),2,private car,-33.3229,18.436327,66.6284414979167,66.84014984352692,58.75
Thika Road Pangani(1°15_55_S 36°50_08_E)\Thika Road Pangani(1°15_55_S 36°50_08_E)--1-10.wav,THIKA ROAD PANGANI(1°15_55_S 36°50_08_E),2,private car,-32.43136,19.968592,66.6284414979167,66.84014984352692,58.75
Thika Road Pangani(1°15_55_S 36°50_08_E)\Thika Road Pangani(1°15_55_S 36°50_08_E)--1-11.wav,THIKA ROAD PANGANI(1°15_55_S 36°50_08_E),9,PSV,-32.01377,17.022926,66.6284414979167,66.84014984352692,58.75
Thika Road Pangani(1°15_55_S 36°50_08_E)\Thika Road Pangani(1°15_55_S 36°50_08_E)--1-12.wav,THIKA ROAD PANGANI(1°15_55_S 36°50_08_E),1,motorcycle,-32.36543,19.96827,66.6284414979167,66.84014984352692,58.75
Thika Road Pangani(1°15_55_S 36°50_08_E)\Thika Road Pangani(1°15_55_S 36°50_08_E)--1-13.wav,THIKA ROAD PANGANI(1°15_55_S 36°50_08_E),1,motorcycle,-35.30728,19.653315,66.6284414979167,66.84014984352692,58.75
Thika Road Pangani(1°15_55_S 36°50_08_E)\Thika Road Pangani(1°15_55_S 36°50_08_E)--1-14.wav,THIKA ROAD PANGANI(1°15_55_S 36°50_08_E),2,private car,-33.435555,17.869213,66.6284414979167,66.84014984352692,58.75
Thika Road Pangani(1°15_55_S 36°50_08_E)\Thika Road Pangani(1°15_55_S 36°50_08_E)--1-15.wav,THIKA ROAD PANGANI(1°15_55_S 36°50_08_E),1,motorcycle,-32.850075,17.582565,66.6284414979167,66.84014984352692,58.75
Thika Road Pangani(1°15_55_S 36°50_08_E)\Thika Road Pangani(1°15_55_S 36°50_08_E)--1-16.wav,THIKA ROAD PANGANI(1°15_55_S 36°50_08_E),2,private car,-29.228313,18.023808,66.6284414979167,66.84014984352692,58.75
Thika Road Pangani(1°15_55_S 36°50_08_E)\Thika Road Pangani(1°15_55_S 36°50_08_E)--1-17.wav,THIKA ROAD PANGANI(1°15_55_S 36°50_08_E),2,private car,-33.61925,17.312347,66.6284414979167,66.84014984352692,58.75
Thika Road Pangani(1°15_55_S 36°50_08_E)\Thika Road Pangani(1°15_55_S 36°50_08_E)--1-18.wav,THIKA ROAD PANGANI(1°15_55_S 36°50_08_E),4,pickup,-34.16576,17.320124,66.6284414979167,66.84014984352692,58.75
Thika Road Pangani(1°15_55_S 36°50_08_E)\Thika Road Pangani(1°15_55_S 36°50_08_E)--1-19.wav,THIKA ROAD PANGANI(1°15_55_S 36°50_08_E),6,medium truck,-32.369133,18.708576,66.6284414979167,66.84014984352692,58.75
Thika Road Pangani(1°15_55_S 36°50_08_E)\Thika Road Pangani(1°15_55_S 36°50_08_E)--1-20.wav,THIKA ROAD PANGANI(1°15_55_S 36°50_08_E),2,private car,-30.624847,19.324444,66.6284414979167,66.84014984352692,58.75
Thika Road Pangani(1°15_55_S 36°50_08_E)\Thika Road Pangani(1°15_55_S 36°50_08_E)--1-21.wav,THIKA ROAD PANGANI(1°15_55_S 36°50_08_E),3,SUV,-33.819122,17.103834,66.6284414979167,66.84014984352692,58.75
Thika Road Pangani(1°15_55_S 36°50_08_E)\Thika Road Pangani(1°15_55_S 36°50_08_E)--1-22.wav,THIKA ROAD PANGANI(1°15_55_S 36°50_08_E),9,PSV,-30.628284,18.093323,66.6284414979167,66.84014984352692,58.75
Thika Road Pangani(1°15_55_S 36°50_08_E)\Thika Road Pangani(1°15_55_S 36°50_08_E)--1-23.wav,THIKA ROAD PANGANI(1°15_55_S 36°50_08_E),9,PSV,-33.467865,19.213848,66.6284414979167,66.84014984352692,58.75
Thika Road Pangani(1°15_55_S 36°50_08_E)\Thika Road Pangani(1°15_55_S 36°50_08_E)--1-24.wav,THIKA ROAD PANGANI(1°15_55_S 36°50_08_E),2,private car,-31.571432,20.07653,66.6284414979167,66.84014984352692,58.75
Thika Road Pangani(1°15_55_S 36°50_08_E)\Thika Road Pangani(1°15_55_S 36°50_08_E)--1-25.wav,THIKA ROAD PANGANI(1°15_55_S 36°50_08_E),2,private car,-32.867336,16.949387,66.6284414979167,66.84014984352692,58.75
Thika Road Pangani(1°15_55_S 36°50_08_E)\Thika Road Pangani(1°15_55_S 36°50_08_E)--1-26.wav,THIKA ROAD PANGANI(1°15_55_S 36°50_08_E),2,private car,-33.971313,19.078407,66.6284414979167,66.84014984352692,58.75
Thika Road Pangani(1°15_55_S 36°50_08_E)\Thika Road Pangani(1°15_55_S 36°50_08_E)--1-27.wav,THIKA ROAD PANGANI(1°15_55_S 36°50_08_E),3,SUV,-27.999256,16.782516,66.6284414979167,66.84014984352692,58.75
Thika Road Pangani(1°15_55_S 36°50_08_E)\Thika Road Pangani(1°15_55_S 36°50_08_E)--1-28.wav,THIKA ROAD PANGANI(1°15_55_S 36°50_08_E),2,private car,-32.00179,18.772753,66.6284414979167,66.84014984352692,58.75
Thika Road Pangani(1°15_55_S 36°50_08_E)\Thika Road Pangani(1°15_55_S 36°50_08_E)--1-29.wav,THIKA ROAD PANGANI(1°15_55_S 36°50_08_E),2,private car,-34.85264,18.294678,66.6284414979167,66.84014984352692,58.75
Thika Road Pangani(1°15_55_S 36°50_08_E)\Thika Road Pangani(1°15_55_S 36°50_08_E)--1-30.wav,THIKA ROAD PANGANI(1°15_55_S 36°50_08_E),6,medium truck,-30.59314,16.630875,66.6284414979167,66.84014984352692,58.75
Thika Road Pangani(1°15_55_S 36°50_08_E)\Thika Road Pangani(1°15_55_S 36°50_08_E)--1-31.wav,THIKA ROAD PANGANI(1°15_55_S 36°50_08_E),9,PSV,-30.118336,19.345615,66.6284414979167,66.84014984352692,58.75
Thika Road Pangani(1°15_55_S 36°50_08_E)\Thika Road Pangani(1°15_55_S 36°50_08_E)--1-32.wav,THIKA ROAD PANGANI(1°15_55_S 36°50_08_E),1,motorcycle,-30.013147,19.128399,66.6284414979167,66.84014984352692,58.75
Thika Road Pangani(1°15_55_S 36°50_08_E)\Thika Road Pangani(1°15_55_S 36°50_08_E)--1-33.wav,THIKA ROAD PANGANI(1°15_55_S 36°50_08_E),9,PSV,-28.848156,20.376675,66.6284414979167,66.84014984352692,58.75
Thika Road Pangani(1°15_55_S 36°50_08_E)\Thika Road Pangani(1°15_55_S 36°50_08_E)--1-34.wav,THIKA ROAD PANGANI(1°15_55_S 36°50_08_E),9,PSV,-33.29898,18.951212,66.6284414979167,66.84014984352692,58.75
Thika Road Pangani(1°15_55_S 36°50_08_E)\Thika Road Pangani(1°15_55_S 36°50_08_E)--1-35.wav,THIKA ROAD PANGANI(1°15_55_S 36°50_08_E),1,motorcycle,-30.850885,18.59818,66.6284414979167,66.84014984352692,58.75
Thika Road Pangani(1°15_55_S 36°50_08_E)\Thika Road Pangani(1°15_55_S 36°50_08_E)--1-36.wav,THIKA ROAD PANGANI(1°15_55_S 36°50_08_E),9,PSV,-30.202585,17.981796,66.6284414979167,66.84014984352692,58.75
Thika Road Pangani(1°15_55_S 36°50_08_E)\Thika Road Pangani(1°15_55_S 36°50_08_E)--1-37.wav,THIKA ROAD PANGANI(1°15_55_S 36°50_08_E),9,PSV,-33.022957,18.123922,66.6284414979167,66.84014984352692,58.75
Thika Road Pangani(1°15_55_S 36°50_08_E)\Thika Road Pangani(1°15_55_S 36°50_08_E)--1-38.wav,THIKA ROAD PANGANI(1°15_55_S 36°50_08_E),9,PSV,-31.906292,19.262554,66.6284414979167,66.84014984352692,58.75
Thika Road Pangani(1°15_55_S 36°50_08_E)\Thika Road Pangani(1°15_55_S 36°50_08_E)--1-39.wav,THIKA ROAD PANGANI(1°15_55_S 36°50_08_E),5,light truck,-33.788998,18.598505,66.6284414979167,66.84014984352692,58.75
Thika Road Pangani(1°15_55_S 36°50_08_E)\Thika Road Pangani(1°15_55_S 36°50_08_E)--1-40.wav,THIKA ROAD PANGANI(1°15_55_S 36°50_08_E),1,motorcycle,-28.47906,18.489424,66.6284414979167,66.84014984352692,58.75
Thika Road Pangani(1°15_55_S 36°50_08_E)\Thika Road Pangani(1°15_55_S 36°50_08_E)--1-41.wav,THIKA ROAD PANGANI(1°15_55_S 36°50_08_E),1,motorcycle,-32.37847,18.38516,66.6284414979167,66.84014984352692,58.75
Thika Road Pangani(1°15_55_S 36°50_08_E)\Thika Road Pangani(1°15_55_S 36°50_08_E)--1-42.wav,THIKA ROAD PANGANI(1°15_55_S 36°50_08_E),2,private car,-33.140545,19.378647,66.6284414979167,66.84014984352692,58.75
Thika Road Pangani(1°15_55_S 36°50_08_E)\Thika Road Pangani(1°15_55_S 36°50_08_E)--1-43.wav,THIKA ROAD PANGANI(1°15_55_S 36°50_08_E),9,PSV,-29.806055,18.140617,66.6284414979167,66.84014984352692,58.75
Thika Road Pangani(1°15_55_S 36°50_08_E)\Thika Road Pangani(1°15_55_S 36°50_08_E)--1-44.wav,THIKA ROAD PANGANI(1°15_55_S 36°50_08_E),5,light truck,-32.151344,17.443447,66.6284414979167,66.84014984352692,58.75
Thika Road Pangani(1°15_55_S 36°50_08_E)\Thika Road Pangani(1°15_55_S 36°50_08_E)--1-45.wav,THIKA ROAD PANGANI(1°15_55_S 36°50_08_E),9,PSV,-29.913752,17.036844,66.6284414979167,66.84014984352692,58.75
Thika Road Pangani(1°15_55_S 36°50_08_E)\Thika Road Pangani(1°15_55_S 36°50_08_E)--1-46.wav,THIKA ROAD PANGANI(1°15_55_S 36°50_08_E),1,motorcycle,-30.79923,19.084255,66.6284414979167,66.84014984352692,58.75
Thika Road Pangani(1°15_55_S 36°50_08_E)\Thika Road Pangani(1°15_55_S 36°50_08_E)--1-47.wav,THIKA ROAD PANGANI(1°15_55_S 36°50_08_E),9,PSV,-38.09429,20.019783,66.6284414979167,66.84014984352692,58.75
Thika Road Pangani(1°15_55_S 36°50_08_E)\Thika Road Pangani(1°15_55_S 36°50_08_E)--1-48.wav,THIKA ROAD PANGANI(1°15_55_S 36°50_08_E),1,motorcycle,-35.777233,18.351938,66.6284414979167,66.84014984352692,58.75
Thika Road Pangani(1°15_55_S 36°50_08_E)\Thika Road Pangani(1°15_55_S 36°50_08_E)--1-49.wav,THIKA ROAD PANGANI(1°15_55_S 36°50_08_E),1,motorcycle,-34.35778,19.472616,66.6284414979167,66.84014984352692,58.75
Thika Road Pangani(1°15_55_S 36°50_08_E)\Thika Road Pangani(1°15_55_S 36°50_08_E)--1-50.wav,THIKA ROAD PANGANI(1°15_55_S 36°50_08_E),6,medium truck,-34.685608,18.475117,66.6284414979167,66.84014984352692,58.75
Thika Road Pangani(1°15_55_S 36°50_08_E)\Thika Road Pangani(1°15_55_S 36°50_08_E)--1-2028.wav,THIKA ROAD PANGANI(1°15_55_S 36°50_08_E),6,medium truck,-33.469585,16.65495,66.6284414979167,66.84014984352692,58.75
Thome(1°12_36_S 36°52_35_E)\Thome(1°12_36_S 36°52_35_E)--1-0.wav,THOME(1°12_36_S 36°52_35_E),2,private car,-41.48992,18.971199,66.82625210241656,67.00162775675173,48.87
Thome(1°12_36_S 36°52_35_E)\Thome(1°12_36_S 36°52_35_E)--1-1.wav,THOME(1°12_36_S 36°52_35_E),2,private car,-39.638683,18.101774,66.82625210241656,67.00162775675173,48.87
Thome(1°12_36_S 36°52_35_E)\Thome(1°12_36_S 36°52_35_E)--1-2.wav,THOME(1°12_36_S 36°52_35_E),2,private car,-35.693336,18.643244,66.82625210241656,67.00162775675173,48.87
Thome(1°12_36_S 36°52_35_E)\Thome(1°12_36_S 36°52_35_E)--1-3.wav,THOME(1°12_36_S 36°52_35_E),4,pickup,-34.88468,18.561224,66.82625210241656,67.00162775675173,48.87
Thome(1°12_36_S 36°52_35_E)\Thome(1°12_36_S 36°52_35_E)--1-4.wav,THOME(1°12_36_S 36°52_35_E),3,SUV,-34.53975,18.450348,66.82625210241656,67.00162775675173,48.87
Thome(1°12_36_S 36°52_35_E)\Thome(1°12_36_S 36°52_35_E)--1-5.wav,THOME(1°12_36_S 36°52_35_E),2,private car,-35.013603,17.173388,66.82625210241656,67.00162775675173,48.87
Thome(1°12_36_S 36°52_35_E)\Thome(1°12_36_S 36°52_35_E)--1-6.wav,THOME(1°12_36_S 36°52_35_E),5,light truck,-31.150412,16.384083,66.82625210241656,67.00162775675173,48.87
Thome(1°12_36_S 36°52_35_E)\Thome(1°12_36_S 36°52_35_E)--1-7.wav,THOME(1°12_36_S 36°52_35_E),5,light truck,-32.334118,19.28457,66.82625210241656,67.00162775675173,48.87
Thome(1°12_36_S 36°52_35_E)\Thome(1°12_36_S 36°52_35_E)--1-8.wav,THOME(1°12_36_S 36°52_35_E),3,SUV,-35.11065,18.56502,66.82625210241656,67.00162775675173,48.87
Thome(1°12_36_S 36°52_35_E)\Thome(1°12_36_S 36°52_35_E)--1-9.wav,THOME(1°12_36_S 36°52_35_E),2,private car,-30.240292,19.190727,66.82625210241656,67.00162775675173,48.87
Thome(1°12_36_S 36°52_35_E)\Thome(1°12_36_S 36°52_35_E)--1-10.wav,THOME(1°12_36_S 36°52_35_E),2,private car,-32.12605,19.215492,66.82625210241656,67.00162775675173,48.87
Thome(1°12_36_S 36°52_35_E)\Thome(1°12_36_S 36°52_35_E)--1-11.wav,THOME(1°12_36_S 36°52_35_E),1,motorcycle,-36.123283,19.602312,66.82625210241656,67.00162775675173,48.87
Thome(1°12_36_S 36°52_35_E)\Thome(1°12_36_S 36°52_35_E)--1-12.wav,THOME(1°12_36_S 36°52_35_E),2,private car,-38.36367,15.233885,66.82625210241656,67.00162775675173,48.87
Thome(1°12_36_S 36°52_35_E)\Thome(1°12_36_S 36°52_35_E)--1-13.wav,THOME(1°12_36_S 36°52_35_E),3,SUV,-38.619865,18.557257,66.82625210241656,67.00162775675173,48.87
Thome(1°12_36_S 36°52_35_E)\Thome(1°12_36_S 36°52_35_E)--1-14.wav,THOME(1°12_36_S 36°52_35_E),1,motorcycle,-36.843285,19.185406,66.82625210241656,67.00162775675173,48.87
Thome(1°12_36_S 36°52_35_E)\Thome(1°12_36_S 36°52_35_E)--1-15.wav,THOME(1°12_36_S 36°52_35_E),1,motorcycle,-37.946033,18.275879,66.82625210241656,67.00162775675173,48.87
Thome(1°12_36_S 36°52_35_E)\Thome(1°12_36_S 36°52_35_E)--1-16.wav,THOME(1°12_36_S 36°52_35_E),9,PSV,-31.12091,18.493357,66.82625210241656,67.00162775675173,48.87
Thome(1°12_36_S 36°52_35_E)\Thome(1°12_36_S 36°52_35_E)--1-17.wav,THOME(1°12_36_S 36°52_35_E),3,SUV,-36.612206,17.95193,66.82625210241656,67.00162775675173,48.87
Thome(1°12_36_S 36°52_35_E)\Thome(1°12_36_S 36°52_35_E)--1-18.wav,THOME(1°12_36_S 36°52_35_E),2,private car,-34.781902,18.798775,66.82625210241656,67.00162775675173,48.87
Thome(1°12_36_S 36°52_35_E)\Thome(1°12_36_S 36°52_35_E)--1-19.wav,THOME(1°12_36_S 36°52_35_E),2,private car,-36.983868,18.98052,66.82625210241656,67.00162775675173,48.87
Thome(1°12_36_S 36°52_35_E)\Thome(1°12_36_S 36°52_35_E)--1-20.wav,THOME(1°12_36_S 36°52_35_E),2,private car,-35.81421,19.184692,66.82625210241656,67.00162775675173,48.87
Thome(1°12_36_S 36°52_35_E)\Thome(1°12_36_S 36°52_35_E)--1-21.wav,THOME(1°12_36_S 36°52_35_E),3,SUV,-35.089622,17.390867,66.82625210241656,67.00162775675173,48.87
Thome(1°12_36_S 36°52_35_E)\Thome(1°12_36_S 36°52_35_E)--1-22.wav,THOME(1°12_36_S 36°52_35_E),3,SUV,-33.852642,18.25152,66.82625210241656,67.00162775675173,48.87
Thome(1°12_36_S 36°52_35_E)\Thome(1°12_36_S 36°52_35_E)--1-23.wav,THOME(1°12_36_S 36°52_35_E),2,private car,-37.01242,17.624027,66.82625210241656,67.00162775675173,48.87
Thome(1°12_36_S 36°52_35_E)\Thome(1°12_36_S 36°52_35_E)--1-24.wav,THOME(1°12_36_S 36°52_35_E),2,private car,-31.961079,18.45128,66.82625210241656,67.00162775675173,48.87
Thome(1°12_36_S 36°52_35_E)\Thome(1°12_36_S 36°52_35_E)--1-25.wav,THOME(1°12_36_S 36°52_35_E),3,SUV,-35.646152,18.900867,66.82625210241656,67.00162775675173,48.87
Thome(1°12_36_S 36°52_35_E)\Thome(1°12_36_S 36°52_35_E)--1-26.wav,THOME(1°12_36_S 36°52_35_E),9,PSV,-37.237907,18.738882,66.82625210241656,67.00162775675173,48.87
Thome(1°12_36_S 36°52_35_E)\Thome(1°12_36_S 36°52_35_E)--1-27.wav,THOME(1°12_36_S 36°52_35_E),9,PSV,-35.154243,17.761864,66.82625210241656,67.00162775675173,48.87
Thome(1°12_36_S 36°52_35_E)\Thome(1°12_36_S 36°52_35_E)--1-28.wav,THOME(1°12_36_S 36°52_35_E),3,SUV,-32.528084,17.942516,66.82625210241656,67.00162775675173,48.87
Thome(1°12_36_S 36°52_35_E)\Thome(1°12_36_S 36°52_35_E)--1-29.wav,THOME(1°12_36_S 36°52_35_E),2,private car,-36.769043,16.750162,66.82625210241656,67.00162775675173,48.87
Thome(1°12_36_S 36°52_35_E)\Thome(1°12_36_S 36°52_35_E)--1-30.wav,THOME(1°12_36_S 36°52_35_E),1,motorcycle,-40.2058,16.868307,66.82625210241656,67.00162775675173,48.87
Thome(1°12_36_S 36°52_35_E)\Thome(1°12_36_S 36°52_35_E)--1-31.wav,THOME(1°12_36_S 36°52_35_E),5,light truck,-35.66556,20.23327,66.82625210241656,67.00162775675173,48.87
Thome(1°12_36_S 36°52_35_E)\Thome(1°12_36_S 36°52_35_E)--1-32.wav,THOME(1°12_36_S 36°52_35_E),2,private car,-35.63938,17.719236,66.82625210241656,67.00162775675173,48.87
Thome(1°12_36_S 36°52_35_E)\Thome(1°12_36_S 36°52_35_E)--1-33.wav,THOME(1°12_36_S 36°52_35_E),4,pickup,-37.754066,17.60581,66.82625210241656,67.00162775675173,48.87
Thome(1°12_36_S 36°52_35_E)\Thome(1°12_36_S 36°52_35_E)--1-34.wav,THOME(1°12_36_S 36°52_35_E),9,PSV,-35.206493,16.85055,66.82625210241656,67.00162775675173,48.87
Thome(1°12_36_S 36°52_35_E)\Thome(1°12_36_S 36°52_35_E)--1-35.wav,THOME(1°12_36_S 36°52_35_E),1,motorcycle,-35.170296,15.402208,66.82625210241656,67.00162775675173,48.87
Thome(1°12_36_S 36°52_35_E)\Thome(1°12_36_S 36°52_35_E)--1-36.wav,THOME(1°12_36_S 36°52_35_E),2,private car,-34.39115,16.870762,66.82625210241656,67.00162775675173,48.87
Thome(1°12_36_S 36°52_35_E)\Thome(1°12_36_S 36°52_35_E)--1-37.wav,THOME(1°12_36_S 36°52_35_E),2,private car,-32.368134,17.926292,66.82625210241656,67.00162775675173,48.87
Thome(1°12_36_S 36°52_35_E)\Thome(1°12_36_S 36°52_35_E)--1-38.wav,THOME(1°12_36_S 36°52_35_E),3,SUV,-37.650185,17.5951,66.82625210241656,67.00162775675173,48.87
Thome(1°12_36_S 36°52_35_E)\Thome(1°12_36_S 36°52_35_E)--1-39.wav,THOME(1°12_36_S 36°52_35_E),2,private car,-35.684105,17.91399,66.82625210241656,67.00162775675173,48.87
Thome(1°12_36_S 36°52_35_E)\Thome(1°12_36_S 36°52_35_E)--1-40.wav,THOME(1°12_36_S 36°52_35_E),1,motorcycle,-40.35535,17.54872,66.82625210241656,67.00162775675173,48.87
Thome(1°12_36_S 36°52_35_E)\Thome(1°12_36_S 36°52_35_E)--1-41.wav,THOME(1°12_36_S 36°52_35_E),1,motorcycle,-43.240807,18.213257,66.82625210241656,67.00162775675173,48.87
Thome(1°12_36_S 36°52_35_E)\Thome(1°12_36_S 36°52_35_E)--1-42.wav,THOME(1°12_36_S 36°52_35_E),2,private car,-41.279297,17.6111,66.82625210241656,67.00162775675173,48.87
Thome(1°12_36_S 36°52_35_E)\Thome(1°12_36_S 36°52_35_E)--1-43.wav,THOME(1°12_36_S 36°52_35_E),2,private car,-38.361916,17.945316,66.82625210241656,67.00162775675173,48.87
Thome(1°12_36_S 36°52_35_E)\Thome(1°12_36_S 36°52_35_E)--1-44.wav,THOME(1°12_36_S 36°52_35_E),1,motorcycle,-34.104897,18.400759,66.82625210241656,67.00162775675173,48.87
Thome(1°12_36_S 36°52_35_E)\Thome(1°12_36_S 36°52_35_E)--1-45.wav,THOME(1°12_36_S 36°52_35_E),2,private car,-36.506218,18.439596,66.82625210241656,67.00162775675173,48.87
Thome(1°12_36_S 36°52_35_E)\Thome(1°12_36_S 36°52_35_E)--1-46.wav,THOME(1°12_36_S 36°52_35_E),2,private car,-39.14135,17.29536,66.82625210241656,67.00162775675173,48.87
Thome(1°12_36_S 36°52_35_E)\Thome(1°12_36_S 36°52_35_E)--1-47.wav,THOME(1°12_36_S 36°52_35_E),2,private car,-37.13625,18.836458,66.82625210241656,67.00162775675173,48.87
Thome(1°12_36_S 36°52_35_E)\Thome(1°12_36_S 36°52_35_E)--1-48.wav,THOME(1°12_36_S 36°52_35_E),3,SUV,-42.524284,19.897526,66.82625210241656,67.00162775675173,48.87
Thome(1°12_36_S 36°52_35_E)\Thome(1°12_36_S 36°52_35_E)--1-49.wav,THOME(1°12_36_S 36°52_35_E),5,light truck,-37.947018,19.188347,66.82625210241656,67.00162775675173,48.87
Thome(1°12_36_S 36°52_35_E)\Thome(1°12_36_S 36°52_35_E)--1-50.wav,THOME(1°12_36_S 36°52_35_E),9,PSV,-36.81028,17.650215,66.82625210241656,67.00162775675173,48.87
Thome(1°12_36_S 36°52_35_E)\Thome(1°12_36_S 36°52_35_E)--1-51.wav,THOME(1°12_36_S 36°52_35_E),1,motorcycle,-36.60981,16.053509,66.82625210241656,67.00162775675173,48.87
Thome(1°12_36_S 36°52_35_E)\Thome(1°12_36_S 36°52_35_E)--1-2081.wav,THOME(1°12_36_S 36°52_35_E),1,motorcycle,-36.959526,17.460802,66.82625210241656,67.00162775675173,48.87
Total Energies Outering (1°16_10_ S 36°52_49_E)\Total Energies Outering (1°16_10_ S 36°52_49_E)--1-0.wav,TOTAL ENERGIES OUTERING (1°16_10_ S 36°52_49_E),9,PSV,-40.00692,17.933472,67.28811575189087,67.48875973377626,55.75
Total Energies Outering (1°16_10_ S 36°52_49_E)\Total Energies Outering (1°16_10_ S 36°52_49_E)--1-1.wav,TOTAL ENERGIES OUTERING (1°16_10_ S 36°52_49_E),2,private car,-31.415691,20.525137,67.28811575189087,67.48875973377626,55.75
Total Energies Outering (1°16_10_ S 36°52_49_E)\Total Energies Outering (1°16_10_ S 36°52_49_E)--1-2.wav,TOTAL ENERGIES OUTERING (1°16_10_ S 36°52_49_E),9,PSV,-37.54541,17.81028,67.28811575189087,67.48875973377626,55.75
Total Energies Outering (1°16_10_ S 36°52_49_E)\Total Energies Outering (1°16_10_ S 36°52_49_E)--1-3.wav,TOTAL ENERGIES OUTERING (1°16_10_ S 36°52_49_E),1,motorcycle,-37.250908,20.12247,67.28811575189087,67.48875973377626,55.75
Total Energies Outering (1°16_10_ S 36°52_49_E)\Total Energies Outering (1°16_10_ S 36°52_49_E)--1-4.wav,TOTAL ENERGIES OUTERING (1°16_10_ S 36°52_49_E),1,motorcycle,-39.116447,18.751434,67.28811575189087,67.48875973377626,55.75
Total Energies Outering (1°16_10_ S 36°52_49_E)\Total Energies Outering (1°16_10_ S 36°52_49_E)--1-5.wav,TOTAL ENERGIES OUTERING (1°16_10_ S 36°52_49_E),1,motorcycle,-38.966682,18.476223,67.28811575189087,67.48875973377626,55.75
Total Energies Outering (1°16_10_ S 36°52_49_E)\Total Energies Outering (1°16_10_ S 36°52_49_E)--1-6.wav,TOTAL ENERGIES OUTERING (1°16_10_ S 36°52_49_E),1,motorcycle,-37.7403,19.62956,67.28811575189087,67.48875973377626,55.75
Total Energies Outering (1°16_10_ S 36°52_49_E)\Total Energies Outering (1°16_10_ S 36°52_49_E)--1-7.wav,TOTAL ENERGIES OUTERING (1°16_10_ S 36°52_49_E),4,pickup,-34.832836,19.96279,67.28811575189087,67.48875973377626,55.75
Total Energies Outering (1°16_10_ S 36°52_49_E)\Total Energies Outering (1°16_10_ S 36°52_49_E)--1-8.wav,TOTAL ENERGIES OUTERING (1°16_10_ S 36°52_49_E),9,PSV,-35.52004,19.3536,67.28811575189087,67.48875973377626,55.75
Total Energies Outering (1°16_10_ S 36°52_49_E)\Total Energies Outering (1°16_10_ S 36°52_49_E)--1-9.wav,TOTAL ENERGIES OUTERING (1°16_10_ S 36°52_49_E),9,PSV,-34.459846,19.69508,67.28811575189087,67.48875973377626,55.75
Total Energies Outering (1°16_10_ S 36°52_49_E)\Total Energies Outering (1°16_10_ S 36°52_49_E)--1-10.wav,TOTAL ENERGIES OUTERING (1°16_10_ S 36°52_49_E),2,private car,-33.660297,17.33638,67.28811575189087,67.48875973377626,55.75
Total Energies Outering (1°16_10_ S 36°52_49_E)\Total Energies Outering (1°16_10_ S 36°52_49_E)--1-11.wav,TOTAL ENERGIES OUTERING (1°16_10_ S 36°52_49_E),2,private car,-34.809525,18.092308,67.28811575189087,67.48875973377626,55.75
Total Energies Outering (1°16_10_ S 36°52_49_E)\Total Energies Outering (1°16_10_ S 36°52_49_E)--1-12.wav,TOTAL ENERGIES OUTERING (1°16_10_ S 36°52_49_E),2,private car,-36.230736,19.269894,67.28811575189087,67.48875973377626,55.75
Total Energies Outering (1°16_10_ S 36°52_49_E)\Total Energies Outering (1°16_10_ S 36°52_49_E)--1-13.wav,TOTAL ENERGIES OUTERING (1°16_10_ S 36°52_49_E),9,PSV,-34.1539,18.410192,67.28811575189087,67.48875973377626,55.75
Total Energies Outering (1°16_10_ S 36°52_49_E)\Total Energies Outering (1°16_10_ S 36°52_49_E)--1-14.wav,TOTAL ENERGIES OUTERING (1°16_10_ S 36°52_49_E),1,motorcycle,-33.9536,18.78802,67.28811575189087,67.48875973377626,55.75
Total Energies Outering (1°16_10_ S 36°52_49_E)\Total Energies Outering (1°16_10_ S 36°52_49_E)--1-15.wav,TOTAL ENERGIES OUTERING (1°16_10_ S 36°52_49_E),9,PSV,-31.509228,18.536396,67.28811575189087,67.48875973377626,55.75
Total Energies Outering (1°16_10_ S 36°52_49_E)\Total Energies Outering (1°16_10_ S 36°52_49_E)--1-16.wav,TOTAL ENERGIES OUTERING (1°16_10_ S 36°52_49_E),1,motorcycle,-33.432594,18.367722,67.28811575189087,67.48875973377626,55.75
Total Energies Outering (1°16_10_ S 36°52_49_E)\Total Energies Outering (1°16_10_ S 36°52_49_E)--1-17.wav,TOTAL ENERGIES OUTERING (1°16_10_ S 36°52_49_E),5,light truck,-30.49119,19.749435,67.28811575189087,67.48875973377626,55.75
Total Energies Outering (1°16_10_ S 36°52_49_E)\Total Energies Outering (1°16_10_ S 36°52_49_E)--1-18.wav,TOTAL ENERGIES OUTERING (1°16_10_ S 36°52_49_E),2,private car,-37.35503,18.315035,67.28811575189087,67.48875973377626,55.75
Total Energies Outering (1°16_10_ S 36°52_49_E)\Total Energies Outering (1°16_10_ S 36°52_49_E)--1-19.wav,TOTAL ENERGIES OUTERING (1°16_10_ S 36°52_49_E),9,PSV,-36.98948,17.455767,67.28811575189087,67.48875973377626,55.75
Total Energies Outering (1°16_10_ S 36°52_49_E)\Total Energies Outering (1°16_10_ S 36°52_49_E)--1-20.wav,TOTAL ENERGIES OUTERING (1°16_10_ S 36°52_49_E),9,PSV,-36.07264,19.694048,67.28811575189087,67.48875973377626,55.75
Total Energies Outering (1°16_10_ S 36°52_49_E)\Total Energies Outering (1°16_10_ S 36°52_49_E)--1-21.wav,TOTAL ENERGIES OUTERING (1°16_10_ S 36°52_49_E),2,private car,-35.67194,20.188225,67.28811575189087,67.48875973377626,55.75
Total Energies Outering (1°16_10_ S 36°52_49_E)\Total Energies Outering (1°16_10_ S 36°52_49_E)--1-22.wav,TOTAL ENERGIES OUTERING (1°16_10_ S 36°52_49_E),2,private car,-34.862053,18.908653,67.28811575189087,67.48875973377626,55.75
Total Energies Outering (1°16_10_ S 36°52_49_E)\Total Energies Outering (1°16_10_ S 36°52_49_E)--1-23.wav,TOTAL ENERGIES OUTERING (1°16_10_ S 36°52_49_E),9,PSV,-33.468685,18.693413,67.28811575189087,67.48875973377626,55.75
Total Energies Outering (1°16_10_ S 36°52_49_E)\Total Energies Outering (1°16_10_ S 36°52_49_E)--1-24.wav,TOTAL ENERGIES OUTERING (1°16_10_ S 36°52_49_E),2,private car,-33.89797,17.196629,67.28811575189087,67.48875973377626,55.75
Total Energies Outering (1°16_10_ S 36°52_49_E)\Total Energies Outering (1°16_10_ S 36°52_49_E)--1-25.wav,TOTAL ENERGIES OUTERING (1°16_10_ S 36°52_49_E),2,private car,-24.329765,19.199366,67.28811575189087,67.48875973377626,55.75
Total Energies Outering (1°16_10_ S 36°52_49_E)\Total Energies Outering (1°16_10_ S 36°52_49_E)--1-26.wav,TOTAL ENERGIES OUTERING (1°16_10_ S 36°52_49_E),9,PSV,-33.886265,19.22353,67.28811575189087,67.48875973377626,55.75
Total Energies Outering (1°16_10_ S 36°52_49_E)\Total Energies Outering (1°16_10_ S 36°52_49_E)--1-27.wav,TOTAL ENERGIES OUTERING (1°16_10_ S 36°52_49_E),2,private car,-36.08654,19.210913,67.28811575189087,67.48875973377626,55.75
Total Energies Outering (1°16_10_ S 36°52_49_E)\Total Energies Outering (1°16_10_ S 36°52_49_E)--1-28.wav,TOTAL ENERGIES OUTERING (1°16_10_ S 36°52_49_E),2,private car,-35.940815,19.829185,67.28811575189087,67.48875973377626,55.75
Total Energies Outering (1°16_10_ S 36°52_49_E)\Total Energies Outering (1°16_10_ S 36°52_49_E)--1-29.wav,TOTAL ENERGIES OUTERING (1°16_10_ S 36°52_49_E),2,private car,-34.232845,19.343554,67.28811575189087,67.48875973377626,55.75
Total Energies Outering (1°16_10_ S 36°52_49_E)\Total Energies Outering (1°16_10_ S 36°52_49_E)--1-30.wav,TOTAL ENERGIES OUTERING (1°16_10_ S 36°52_49_E),1,motorcycle,-33.935555,18.988775,67.28811575189087,67.48875973377626,55.75
Total Energies Outering (1°16_10_ S 36°52_49_E)\Total Energies Outering (1°16_10_ S 36°52_49_E)--1-31.wav,TOTAL ENERGIES OUTERING (1°16_10_ S 36°52_49_E),3,SUV,-32.97658,17.144663,67.28811575189087,67.48875973377626,55.75
Total Energies Outering (1°16_10_ S 36°52_49_E)\Total Energies Outering (1°16_10_ S 36°52_49_E)--1-32.wav,TOTAL ENERGIES OUTERING (1°16_10_ S 36°52_49_E),2,private car,-34.45972,17.870388,67.28811575189087,67.48875973377626,55.75
Total Energies Outering (1°16_10_ S 36°52_49_E)\Total Energies Outering (1°16_10_ S 36°52_49_E)--1-33.wav,TOTAL ENERGIES OUTERING (1°16_10_ S 36°52_49_E),9,PSV,-32.20334,18.233938,67.28811575189087,67.48875973377626,55.75
Total Energies Outering (1°16_10_ S 36°52_49_E)\Total Energies Outering (1°16_10_ S 36°52_49_E)--1-34.wav,TOTAL ENERGIES OUTERING (1°16_10_ S 36°52_49_E),2,private car,-32.09746,19.237152,67.28811575189087,67.48875973377626,55.75
Total Energies Outering (1°16_10_ S 36°52_49_E)\Total Energies Outering (1°16_10_ S 36°52_49_E)--1-35.wav,TOTAL ENERGIES OUTERING (1°16_10_ S 36°52_49_E),2,private car,-32.994568,19.68787,67.28811575189087,67.48875973377626,55.75
Total Energies Outering (1°16_10_ S 36°52_49_E)\Total Energies Outering (1°16_10_ S 36°52_49_E)--1-36.wav,TOTAL ENERGIES OUTERING (1°16_10_ S 36°52_49_E),6,medium truck,-34.67181,19.55836,67.28811575189087,67.48875973377626,55.75
Total Energies Outering (1°16_10_ S 36°52_49_E)\Total Energies Outering (1°16_10_ S 36°52_49_E)--1-37.wav,TOTAL ENERGIES OUTERING (1°16_10_ S 36°52_49_E),5,light truck,-32.31844,19.253538,67.28811575189087,67.48875973377626,55.75
Total Energies Outering (1°16_10_ S 36°52_49_E)\Total Energies Outering (1°16_10_ S 36°52_49_E)--1-38.wav,TOTAL ENERGIES OUTERING (1°16_10_ S 36°52_49_E),3,SUV,-35.70997,19.790392,67.28811575189087,67.48875973377626,55.75
Total Energies Outering (1°16_10_ S 36°52_49_E)\Total Energies Outering (1°16_10_ S 36°52_49_E)--1-39.wav,TOTAL ENERGIES OUTERING (1°16_10_ S 36°52_49_E),2,private car,-36.914192,19.014648,67.28811575189087,67.48875973377626,55.75
Total Energies Outering (1°16_10_ S 36°52_49_E)\Total Energies Outering (1°16_10_ S 36°52_49_E)--1-40.wav,TOTAL ENERGIES OUTERING (1°16_10_ S 36°52_49_E),4,pickup,-38.507484,18.832163,67.28811575189087,67.48875973377626,55.75
Total Energies Outering (1°16_10_ S 36°52_49_E)\Total Energies Outering (1°16_10_ S 36°52_49_E)--1-41.wav,TOTAL ENERGIES OUTERING (1°16_10_ S 36°52_49_E),1,motorcycle,-32.68572,19.770323,67.28811575189087,67.48875973377626,55.75
Total Energies Outering (1°16_10_ S 36°52_49_E)\Total Energies Outering (1°16_10_ S 36°52_49_E)--1-42.wav,TOTAL ENERGIES OUTERING (1°16_10_ S 36°52_49_E),1,motorcycle,-37.4952,20.329575,67.28811575189087,67.48875973377626,55.75
Total Energies Outering (1°16_10_ S 36°52_49_E)\Total Energies Outering (1°16_10_ S 36°52_49_E)--1-43.wav,TOTAL ENERGIES OUTERING (1°16_10_ S 36°52_49_E),1,motorcycle,-32.149498,18.166153,67.28811575189087,67.48875973377626,55.75
Total Energies Outering (1°16_10_ S 36°52_49_E)\Total Energies Outering (1°16_10_ S 36°52_49_E)--1-44.wav,TOTAL ENERGIES OUTERING (1°16_10_ S 36°52_49_E),4,pickup,-35.618004,18.787899,67.28811575189087,67.48875973377626,55.75
Total Energies Outering (1°16_10_ S 36°52_49_E)\Total Energies Outering (1°16_10_ S 36°52_49_E)--1-45.wav,TOTAL ENERGIES OUTERING (1°16_10_ S 36°52_49_E),1,motorcycle,-33.796284,20.135414,67.28811575189087,67.48875973377626,55.75
Total Energies Outering (1°16_10_ S 36°52_49_E)\Total Energies Outering (1°16_10_ S 36°52_49_E)--1-46.wav,TOTAL ENERGIES OUTERING (1°16_10_ S 36°52_49_E),9,PSV,-32.273064,20.887526,67.28811575189087,67.48875973377626,55.75
Total Energies Outering (1°16_10_ S 36°52_49_E)\Total Energies Outering (1°16_10_ S 36°52_49_E)--1-47.wav,TOTAL ENERGIES OUTERING (1°16_10_ S 36°52_49_E),9,PSV,-35.05432,21.43294,67.28811575189087,67.48875973377626,55.75
Total Energies Outering (1°16_10_ S 36°52_49_E)\Total Energies Outering (1°16_10_ S 36°52_49_E)--1-48.wav,TOTAL ENERGIES OUTERING (1°16_10_ S 36°52_49_E),5,light truck,-36.170143,17.854301,67.28811575189087,67.48875973377626,55.75
Total Energies Outering (1°16_10_ S 36°52_49_E)\Total Energies Outering (1°16_10_ S 36°52_49_E)--1-49.wav,TOTAL ENERGIES OUTERING (1°16_10_ S 36°52_49_E),4,pickup,-33.81091,16.87364,67.28811575189087,67.48875973377626,55.75
Total Energies Outering (1°16_10_ S 36°52_49_E)\Total Energies Outering (1°16_10_ S 36°52_49_E)--1-50.wav,TOTAL ENERGIES OUTERING (1°16_10_ S 36°52_49_E),5,light truck,-37.387657,17.630484,67.28811575189087,67.48875973377626,55.75
Total Energies Outering (1°16_10_ S 36°52_49_E)\Total Energies Outering (1°16_10_ S 36°52_49_E)--1-2133.wav,TOTAL ENERGIES OUTERING (1°16_10_ S 36°52_49_E),9,PSV,-37.190186,17.583256,67.28811575189087,67.48875973377626,55.75
Winners Chapel(Likoni Rd) (1°19_20_S 36°50_55_E)\Winners Chapel(Likoni Rd) (1°19_20_S 36°50_55_E)--1-0.wav,WINNERS CHAPEL(LIKONI RD) (1°19_20_S 36°50_55_E),9,PSV,-35.311745,18.233541,66.4256076570347,66.59864022622627,48.23
Winners Chapel(Likoni Rd) (1°19_20_S 36°50_55_E)\Winners Chapel(Likoni Rd) (1°19_20_S 36°50_55_E)--1-1.wav,WINNERS CHAPEL(LIKONI RD) (1°19_20_S 36°50_55_E),6,medium truck,-31.95487,21.275253,66.4256076570347,66.59864022622627,48.23
Winners Chapel(Likoni Rd) (1°19_20_S 36°50_55_E)\Winners Chapel(Likoni Rd) (1°19_20_S 36°50_55_E)--1-2.wav,WINNERS CHAPEL(LIKONI RD) (1°19_20_S 36°50_55_E),2,private car,-36.034477,18.969877,66.4256076570347,66.59864022622627,48.23
Winners Chapel(Likoni Rd) (1°19_20_S 36°50_55_E)\Winners Chapel(Likoni Rd) (1°19_20_S 36°50_55_E)--1-3.wav,WINNERS CHAPEL(LIKONI RD) (1°19_20_S 36°50_55_E),9,PSV,-31.71641,20.78367,66.4256076570347,66.59864022622627,48.23
Winners Chapel(Likoni Rd) (1°19_20_S 36°50_55_E)\Winners Chapel(Likoni Rd) (1°19_20_S 36°50_55_E)--1-4.wav,WINNERS CHAPEL(LIKONI RD) (1°19_20_S 36°50_55_E),1,motorcycle,-33.713955,20.21282,66.4256076570347,66.59864022622627,48.23
Winners Chapel(Likoni Rd) (1°19_20_S 36°50_55_E)\Winners Chapel(Likoni Rd) (1°19_20_S 36°50_55_E)--1-5.wav,WINNERS CHAPEL(LIKONI RD) (1°19_20_S 36°50_55_E),9,PSV,-37.952965,19.519915,66.4256076570347,66.59864022622627,48.23
Winners Chapel(Likoni Rd) (1°19_20_S 36°50_55_E)\Winners Chapel(Likoni Rd) (1°19_20_S 36°50_55_E)--1-6.wav,WINNERS CHAPEL(LIKONI RD) (1°19_20_S 36°50_55_E),1,motorcycle,-35.341496,21.632124,66.4256076570347,66.59864022622627,48.23
Winners Chapel(Likoni Rd) (1°19_20_S 36°50_55_E)\Winners Chapel(Likoni Rd) (1°19_20_S 36°50_55_E)--1-7.wav,WINNERS CHAPEL(LIKONI RD) (1°19_20_S 36°50_55_E),1,motorcycle,-33.5595,23.281876,66.4256076570347,66.59864022622627,48.23
Winners Chapel(Likoni Rd) (1°19_20_S 36°50_55_E)\Winners Chapel(Likoni Rd) (1°19_20_S 36°50_55_E)--1-8.wav,WINNERS CHAPEL(LIKONI RD) (1°19_20_S 36°50_55_E),1,motorcycle,-30.389318,18.336456,66.4256076570347,66.59864022622627,48.23
Winners Chapel(Likoni Rd) (1°19_20_S 36°50_55_E)\Winners Chapel(Likoni Rd) (1°19_20_S 36°50_55_E)--1-9.wav,WINNERS CHAPEL(LIKONI RD) (1°19_20_S 36°50_55_E),2,private car,-33.15284,19.592983,66.4256076570347,66.59864022622627,48.23
Winners Chapel(Likoni Rd) (1°19_20_S 36°50_55_E)\Winners Chapel(Likoni Rd) (1°19_20_S 36°50_55_E)--1-10.wav,WINNERS CHAPEL(LIKONI RD) (1°19_20_S 36°50_55_E),9,PSV,-34.340637,20.44759,66.4256076570347,66.59864022622627,48.23
Winners Chapel(Likoni Rd) (1°19_20_S 36°50_55_E)\Winners Chapel(Likoni Rd) (1°19_20_S 36°50_55_E)--1-11.wav,WINNERS CHAPEL(LIKONI RD) (1°19_20_S 36°50_55_E),5,light truck,-31.24107,19.535843,66.4256076570347,66.59864022622627,48.23
Winners Chapel(Likoni Rd) (1°19_20_S 36°50_55_E)\Winners Chapel(Likoni Rd) (1°19_20_S 36°50_55_E)--1-12.wav,WINNERS CHAPEL(LIKONI RD) (1°19_20_S 36°50_55_E),9,PSV,-35.243755,20.018534,66.4256076570347,66.59864022622627,48.23
Winners Chapel(Likoni Rd) (1°19_20_S 36°50_55_E)\Winners Chapel(Likoni Rd) (1°19_20_S 36°50_55_E)--1-13.wav,WINNERS CHAPEL(LIKONI RD) (1°19_20_S 36°50_55_E),5,light truck,-35.70008,18.798843,66.4256076570347,66.59864022622627,48.23
Winners Chapel(Likoni Rd) (1°19_20_S 36°50_55_E)\Winners Chapel(Likoni Rd) (1°19_20_S 36°50_55_E)--1-14.wav,WINNERS CHAPEL(LIKONI RD) (1°19_20_S 36°50_55_E),3,SUV,-28.727472,18.994263,66.4256076570347,66.59864022622627,48.23
Winners Chapel(Likoni Rd) (1°19_20_S 36°50_55_E)\Winners Chapel(Likoni Rd) (1°19_20_S 36°50_55_E)--1-15.wav,WINNERS CHAPEL(LIKONI RD) (1°19_20_S 36°50_55_E),9,PSV,-28.758984,18.840055,66.4256076570347,66.59864022622627,48.23
Winners Chapel(Likoni Rd) (1°19_20_S 36°50_55_E)\Winners Chapel(Likoni Rd) (1°19_20_S 36°50_55_E)--1-16.wav,WINNERS CHAPEL(LIKONI RD) (1°19_20_S 36°50_55_E),9,PSV,-33.59245,18.724957,66.4256076570347,66.59864022622627,48.23
Winners Chapel(Likoni Rd) (1°19_20_S 36°50_55_E)\Winners Chapel(Likoni Rd) (1°19_20_S 36°50_55_E)--1-17.wav,WINNERS CHAPEL(LIKONI RD) (1°19_20_S 36°50_55_E),1,motorcycle,-34.293037,18.471684,66.4256076570347,66.59864022622627,48.23
Winners Chapel(Likoni Rd) (1°19_20_S 36°50_55_E)\Winners Chapel(Likoni Rd) (1°19_20_S 36°50_55_E)--1-18.wav,WINNERS CHAPEL(LIKONI RD) (1°19_20_S 36°50_55_E),1,motorcycle,-35.353336,19.180553,66.4256076570347,66.59864022622627,48.23
Winners Chapel(Likoni Rd) (1°19_20_S 36°50_55_E)\Winners Chapel(Likoni Rd) (1°19_20_S 36°50_55_E)--1-19.wav,WINNERS CHAPEL(LIKONI RD) (1°19_20_S 36°50_55_E),2,private car,-33.97992,18.297297,66.4256076570347,66.59864022622627,48.23
Winners Chapel(Likoni Rd) (1°19_20_S 36°50_55_E)\Winners Chapel(Likoni Rd) (1°19_20_S 36°50_55_E)--1-20.wav,WINNERS CHAPEL(LIKONI RD) (1°19_20_S 36°50_55_E),3,SUV,-36.52301,17.562157,66.4256076570347,66.59864022622627,48.23
Winners Chapel(Likoni Rd) (1°19_20_S 36°50_55_E)\Winners Chapel(Likoni Rd) (1°19_20_S 36°50_55_E)--1-21.wav,WINNERS CHAPEL(LIKONI RD) (1°19_20_S 36°50_55_E),5,light truck,-31.560925,19.021692,66.4256076570347,66.59864022622627,48.23
Winners Chapel(Likoni Rd) (1°19_20_S 36°50_55_E)\Winners Chapel(Likoni Rd) (1°19_20_S 36°50_55_E)--1-22.wav,WINNERS CHAPEL(LIKONI RD) (1°19_20_S 36°50_55_E),9,PSV,-35.436493,20.328012,66.4256076570347,66.59864022622627,48.23
Winners Chapel(Likoni Rd) (1°19_20_S 36°50_55_E)\Winners Chapel(Likoni Rd) (1°19_20_S 36°50_55_E)--1-23.wav,WINNERS CHAPEL(LIKONI RD) (1°19_20_S 36°50_55_E),6,medium truck,-33.889416,19.063572,66.4256076570347,66.59864022622627,48.23
Winners Chapel(Likoni Rd) (1°19_20_S 36°50_55_E)\Winners Chapel(Likoni Rd) (1°19_20_S 36°50_55_E)--1-24.wav,WINNERS CHAPEL(LIKONI RD) (1°19_20_S 36°50_55_E),5,light truck,-32.279778,18.722586,66.4256076570347,66.59864022622627,48.23
Winners Chapel(Likoni Rd) (1°19_20_S 36°50_55_E)\Winners Chapel(Likoni Rd) (1°19_20_S 36°50_55_E)--1-25.wav,WINNERS CHAPEL(LIKONI RD) (1°19_20_S 36°50_55_E),9,PSV,-36.40661,19.25063,66.4256076570347,66.59864022622627,48.23
Winners Chapel(Likoni Rd) (1°19_20_S 36°50_55_E)\Winners Chapel(Likoni Rd) (1°19_20_S 36°50_55_E)--1-26.wav,WINNERS CHAPEL(LIKONI RD) (1°19_20_S 36°50_55_E),5,light truck,-33.969166,19.573662,66.4256076570347,66.59864022622627,48.23
Winners Chapel(Likoni Rd) (1°19_20_S 36°50_55_E)\Winners Chapel(Likoni Rd) (1°19_20_S 36°50_55_E)--1-27.wav,WINNERS CHAPEL(LIKONI RD) (1°19_20_S 36°50_55_E),1,motorcycle,-34.373768,17.222113,66.4256076570347,66.59864022622627,48.23
Winners Chapel(Likoni Rd) (1°19_20_S 36°50_55_E)\Winners Chapel(Likoni Rd) (1°19_20_S 36°50_55_E)--1-28.wav,WINNERS CHAPEL(LIKONI RD) (1°19_20_S 36°50_55_E),0,bicycle,-35.12296,18.320688,66.4256076570347,66.59864022622627,48.23
Winners Chapel(Likoni Rd) (1°19_20_S 36°50_55_E)\Winners Chapel(Likoni Rd) (1°19_20_S 36°50_55_E)--1-29.wav,WINNERS CHAPEL(LIKONI RD) (1°19_20_S 36°50_55_E),0,bicycle,-34.80857,18.609222,66.4256076570347,66.59864022622627,48.23
Winners Chapel(Likoni Rd) (1°19_20_S 36°50_55_E)\Winners Chapel(Likoni Rd) (1°19_20_S 36°50_55_E)--1-30.wav,WINNERS CHAPEL(LIKONI RD) (1°19_20_S 36°50_55_E),9,PSV,-35.508553,18.886703,66.4256076570347,66.59864022622627,48.23
Winners Chapel(Likoni Rd) (1°19_20_S 36°50_55_E)\Winners Chapel(Likoni Rd) (1°19_20_S 36°50_55_E)--1-31.wav,WINNERS CHAPEL(LIKONI RD) (1°19_20_S 36°50_55_E),2,private car,-34.628887,18.448391,66.4256076570347,66.59864022622627,48.23
Winners Chapel(Likoni Rd) (1°19_20_S 36°50_55_E)\Winners Chapel(Likoni Rd) (1°19_20_S 36°50_55_E)--1-32.wav,WINNERS CHAPEL(LIKONI RD) (1°19_20_S 36°50_55_E),2,private car,-37.94769,20.28267,66.4256076570347,66.59864022622627,48.23
Winners Chapel(Likoni Rd) (1°19_20_S 36°50_55_E)\Winners Chapel(Likoni Rd) (1°19_20_S 36°50_55_E)--1-33.wav,WINNERS CHAPEL(LIKONI RD) (1°19_20_S 36°50_55_E),4,pickup,-33.87906,18.868734,66.4256076570347,66.59864022622627,48.23
Winners Chapel(Likoni Rd) (1°19_20_S 36°50_55_E)\Winners Chapel(Likoni Rd) (1°19_20_S 36°50_55_E)--1-34.wav,WINNERS CHAPEL(LIKONI RD) (1°19_20_S 36°50_55_E),2,private car,-32.291096,18.192692,66.4256076570347,66.59864022622627,48.23
Winners Chapel(Likoni Rd) (1°19_20_S 36°50_55_E)\Winners Chapel(Likoni Rd) (1°19_20_S 36°50_55_E)--1-35.wav,WINNERS CHAPEL(LIKONI RD) (1°19_20_S 36°50_55_E),2,private car,-27.843609,17.834711,66.4256076570347,66.59864022622627,48.23
Winners Chapel(Likoni Rd) (1°19_20_S 36°50_55_E)\Winners Chapel(Likoni Rd) (1°19_20_S 36°50_55_E)--1-36.wav,WINNERS CHAPEL(LIKONI RD) (1°19_20_S 36°50_55_E),5,light truck,-27.34917,18.2987,66.4256076570347,66.59864022622627,48.23
Winners Chapel(Likoni Rd) (1°19_20_S 36°50_55_E)\Winners Chapel(Likoni Rd) (1°19_20_S 36°50_55_E)--1-37.wav,WINNERS CHAPEL(LIKONI RD) (1°19_20_S 36°50_55_E),9,PSV,-29.39925,19.54256,66.4256076570347,66.59864022622627,48.23
Winners Chapel(Likoni Rd) (1°19_20_S 36°50_55_E)\Winners Chapel(Likoni Rd) (1°19_20_S 36°50_55_E)--1-38.wav,WINNERS CHAPEL(LIKONI RD) (1°19_20_S 36°50_55_E),2,private car,-36.12531,18.183235,66.4256076570347,66.59864022622627,48.23
Winners Chapel(Likoni Rd) (1°19_20_S 36°50_55_E)\Winners Chapel(Likoni Rd) (1°19_20_S 36°50_55_E)--1-39.wav,WINNERS CHAPEL(LIKONI RD) (1°19_20_S 36°50_55_E),9,PSV,-32.14607,19.285368,66.4256076570347,66.59864022622627,48.23
Winners Chapel(Likoni Rd) (1°19_20_S 36°50_55_E)\Winners Chapel(Likoni Rd) (1°19_20_S 36°50_55_E)--1-40.wav,WINNERS CHAPEL(LIKONI RD) (1°19_20_S 36°50_55_E),3,SUV,-33.64372,18.849642,66.4256076570347,66.59864022622627,48.23
Winners Chapel(Likoni Rd) (1°19_20_S 36°50_55_E)\Winners Chapel(Likoni Rd) (1°19_20_S 36°50_55_E)--1-41.wav,WINNERS CHAPEL(LIKONI RD) (1°19_20_S 36°50_55_E),2,private car,-36.27554,18.20201,66.4256076570347,66.59864022622627,48.23
Winners Chapel(Likoni Rd) (1°19_20_S 36°50_55_E)\Winners Chapel(Likoni Rd) (1°19_20_S 36°50_55_E)--1-42.wav,WINNERS CHAPEL(LIKONI RD) (1°19_20_S 36°50_55_E),2,private car,-38.414906,18.753407,66.4256076570347,66.59864022622627,48.23
Winners Chapel(Likoni Rd) (1°19_20_S 36°50_55_E)\Winners Chapel(Likoni Rd) (1°19_20_S 36°50_55_E)--1-43.wav,WINNERS CHAPEL(LIKONI RD) (1°19_20_S 36°50_55_E),2,private car,-39.35689,20.29571,66.4256076570347,66.59864022622627,48.23
Winners Chapel(Likoni Rd) (1°19_20_S 36°50_55_E)\Winners Chapel(Likoni Rd) (1°19_20_S 36°50_55_E)--1-44.wav,WINNERS CHAPEL(LIKONI RD) (1°19_20_S 36°50_55_E),5,light truck,-35.94944,19.691782,66.4256076570347,66.59864022622627,48.23
Winners Chapel(Likoni Rd) (1°19_20_S 36°50_55_E)\Winners Chapel(Likoni Rd) (1°19_20_S 36°50_55_E)--1-45.wav,WINNERS CHAPEL(LIKONI RD) (1°19_20_S 36°50_55_E),5,light truck,-35.5522,20.09627,66.4256076570347,66.59864022622627,48.23
Winners Chapel(Likoni Rd) (1°19_20_S 36°50_55_E)\Winners Chapel(Likoni Rd) (1°19_20_S 36°50_55_E)--1-46.wav,WINNERS CHAPEL(LIKONI RD) (1°19_20_S 36°50_55_E),6,medium truck,-32.11607,18.666561,66.4256076570347,66.59864022622627,48.23
Winners Chapel(Likoni Rd) (1°19_20_S 36°50_55_E)\Winners Chapel(Likoni Rd) (1°19_20_S 36°50_55_E)--1-47.wav,WINNERS CHAPEL(LIKONI RD) (1°19_20_S 36°50_55_E),9,PSV,-28.389309,20.22837,66.4256076570347,66.59864022622627,48.23
Winners Chapel(Likoni Rd) (1°19_20_S 36°50_55_E)\Winners Chapel(Likoni Rd) (1°19_20_S 36°50_55_E)--1-48.wav,WINNERS CHAPEL(LIKONI RD) (1°19_20_S 36°50_55_E),9,PSV,-33.607018,20.521605,66.4256076570347,66.59864022622627,48.23
Winners Chapel(Likoni Rd) (1°19_20_S 36°50_55_E)\Winners Chapel(Likoni Rd) (1°19_20_S 36°50_55_E)--1-49.wav,WINNERS CHAPEL(LIKONI RD) (1°19_20_S 36°50_55_E),9,PSV,-37.811287,17.990227,66.4256076570347,66.59864022622627,48.23
Winners Chapel(Likoni Rd) (1°19_20_S 36°50_55_E)\Winners Chapel(Likoni Rd) (1°19_20_S 36°50_55_E)--1-2184.wav,WINNERS CHAPEL(LIKONI RD) (1°19_20_S 36°50_55_E),3,SUV,-38.583664,16.774115,66.4256076570347,66.59864022622627,48.23
